title,url,product,capability,priority,key_evidence,accessed_on,discovered_in
Apollo,https://www.palantir.com/docs/apollo/,Apollo,Apollo — Software delivery,P1,"Current official capability navigation entry; subsystem detail, implementation guidance, or API/tool documentation.",2026-07-27,AI Platform (AIP) | Analytics | Apollo — Documentation | Apollo — Getting started | Apollo — Reference | Data connectivity & integration | Developer toolchain | Gotham — Security | Management & enablement | Model connectivity & development | Observability | Ontology building | Product delivery | Security & governance | Use case development
apollo-cli publish [Deprecated],https://www.palantir.com/docs/apollo/apollo-cli-deprecated/apollo-cli_publish/,Apollo,Apollo — Software delivery,P1,"Current official capability navigation entry; subsystem detail, implementation guidance, or API/tool documentation.",2026-07-27,Apollo — Reference
apollo-cli publish helm-chart [Deprecated],https://www.palantir.com/docs/apollo/apollo-cli-deprecated/apollo-cli_publish_helm-chart/,Apollo,Apollo — Software delivery,P1,"Current official capability navigation entry; subsystem detail, implementation guidance, or API/tool documentation.",2026-07-27,Apollo — Reference
apollo-cli,https://www.palantir.com/docs/apollo/apollo-cli/apollo-cli/,Apollo,Apollo — Software delivery,P1,"Current official capability navigation entry; subsystem detail, implementation guidance, or API/tool documentation.",2026-07-27,Apollo — Reference
apollo-cli artifact-registry,https://www.palantir.com/docs/apollo/apollo-cli/apollo-cli_artifact-registry/,Apollo,Apollo — Software delivery,P1,"Current official capability navigation entry; subsystem detail, implementation guidance, or API/tool documentation.",2026-07-27,Apollo — Reference
apollo-cli artifact-registry list,https://www.palantir.com/docs/apollo/apollo-cli/apollo-cli_artifact-registry_list/,Apollo,Apollo — Software delivery,P1,"Current official capability navigation entry; subsystem detail, implementation guidance, or API/tool documentation.",2026-07-27,Apollo — Reference
apollo-cli changerequest,https://www.palantir.com/docs/apollo/apollo-cli/apollo-cli_changerequest/,Apollo,Apollo — Software delivery,P1,"Current official capability navigation entry; subsystem detail, implementation guidance, or API/tool documentation.",2026-07-27,Apollo — Reference
apollo-cli changerequest approve,https://www.palantir.com/docs/apollo/apollo-cli/apollo-cli_changerequest_approve/,Apollo,Apollo — Software delivery,P1,"Current official capability navigation entry; subsystem detail, implementation guidance, or API/tool documentation.",2026-07-27,Apollo — Reference
apollo-cli changerequest cancel,https://www.palantir.com/docs/apollo/apollo-cli/apollo-cli_changerequest_cancel/,Apollo,Apollo — Software delivery,P1,"Current official capability navigation entry; subsystem detail, implementation guidance, or API/tool documentation.",2026-07-27,Apollo — Reference
apollo-cli changerequest get,https://www.palantir.com/docs/apollo/apollo-cli/apollo-cli_changerequest_get/,Apollo,Apollo — Software delivery,P1,"Current official capability navigation entry; subsystem detail, implementation guidance, or API/tool documentation.",2026-07-27,Apollo — Reference
apollo-cli changerequest list,https://www.palantir.com/docs/apollo/apollo-cli/apollo-cli_changerequest_list/,Apollo,Apollo — Software delivery,P1,"Current official capability navigation entry; subsystem detail, implementation guidance, or API/tool documentation.",2026-07-27,Apollo — Reference
apollo-cli changerequest reject,https://www.palantir.com/docs/apollo/apollo-cli/apollo-cli_changerequest_reject/,Apollo,Apollo — Software delivery,P1,"Current official capability navigation entry; subsystem detail, implementation guidance, or API/tool documentation.",2026-07-27,Apollo — Reference
apollo-cli changerequest reopen,https://www.palantir.com/docs/apollo/apollo-cli/apollo-cli_changerequest_reopen/,Apollo,Apollo — Software delivery,P1,"Current official capability navigation entry; subsystem detail, implementation guidance, or API/tool documentation.",2026-07-27,Apollo — Reference
apollo-cli configure,https://www.palantir.com/docs/apollo/apollo-cli/apollo-cli_configure/,Apollo,Apollo — Software delivery,P1,"Current official capability navigation entry; subsystem detail, implementation guidance, or API/tool documentation.",2026-07-27,Apollo — Reference
apollo-cli cve,https://www.palantir.com/docs/apollo/apollo-cli/apollo-cli_cve/,Apollo,Apollo — Software delivery,P1,"Current official capability navigation entry; subsystem detail, implementation guidance, or API/tool documentation.",2026-07-27,Apollo — Reference
apollo-cli cve check,https://www.palantir.com/docs/apollo/apollo-cli/apollo-cli_cve_check/,Apollo,Apollo — Software delivery,P1,"Current official capability navigation entry; subsystem detail, implementation guidance, or API/tool documentation.",2026-07-27,Apollo — Reference
apollo-cli entity [Experimental],https://www.palantir.com/docs/apollo/apollo-cli/apollo-cli_entity/,Apollo,Apollo — Software delivery,P1,"Current official capability navigation entry; subsystem detail, implementation guidance, or API/tool documentation.",2026-07-27,Apollo — Reference
apollo-cli entity aggregate [Experimental],https://www.palantir.com/docs/apollo/apollo-cli/apollo-cli_entity_aggregate/,Apollo,Apollo — Software delivery,P1,"Current official capability navigation entry; subsystem detail, implementation guidance, or API/tool documentation.",2026-07-27,Apollo — Reference
apollo-cli entity enforce [Experimental],https://www.palantir.com/docs/apollo/apollo-cli/apollo-cli_entity_enforce/,Apollo,Apollo — Software delivery,P1,"Current official capability navigation entry; subsystem detail, implementation guidance, or API/tool documentation.",2026-07-27,Apollo — Reference
apollo-cli entity install [Experimental],https://www.palantir.com/docs/apollo/apollo-cli/apollo-cli_entity_install/,Apollo,Apollo — Software delivery,P1,"Current official capability navigation entry; subsystem detail, implementation guidance, or API/tool documentation.",2026-07-27,Apollo — Reference
apollo-cli entity list [Experimental],https://www.palantir.com/docs/apollo/apollo-cli/apollo-cli_entity_list/,Apollo,Apollo — Software delivery,P1,"Current official capability navigation entry; subsystem detail, implementation guidance, or API/tool documentation.",2026-07-27,Apollo — Reference
apollo-cli environment,https://www.palantir.com/docs/apollo/apollo-cli/apollo-cli_environment/,Apollo,Apollo — Software delivery,P1,"Current official capability navigation entry; subsystem detail, implementation guidance, or API/tool documentation.",2026-07-27,Apollo — Reference
apollo-cli environment artifact-registry,https://www.palantir.com/docs/apollo/apollo-cli/apollo-cli_environment_artifact-registry/,Apollo,Apollo — Software delivery,P1,"Current official capability navigation entry; subsystem detail, implementation guidance, or API/tool documentation.",2026-07-27,Apollo — Reference
apollo-cli environment artifact-registry assign,https://www.palantir.com/docs/apollo/apollo-cli/apollo-cli_environment_artifact-registry_assign/,Apollo,Apollo — Software delivery,P1,"Current official capability navigation entry; subsystem detail, implementation guidance, or API/tool documentation.",2026-07-27,Apollo — Reference
apollo-cli environment artifact-registry list,https://www.palantir.com/docs/apollo/apollo-cli/apollo-cli_environment_artifact-registry_list/,Apollo,Apollo — Software delivery,P1,"Current official capability navigation entry; subsystem detail, implementation guidance, or API/tool documentation.",2026-07-27,Apollo — Reference
apollo-cli environment artifact-registry unassign,https://www.palantir.com/docs/apollo/apollo-cli/apollo-cli_environment_artifact-registry_unassign/,Apollo,Apollo — Software delivery,P1,"Current official capability navigation entry; subsystem detail, implementation guidance, or API/tool documentation.",2026-07-27,Apollo — Reference
apollo-cli environment config,https://www.palantir.com/docs/apollo/apollo-cli/apollo-cli_environment_config/,Apollo,Apollo — Software delivery,P1,"Current official capability navigation entry; subsystem detail, implementation guidance, or API/tool documentation.",2026-07-27,Apollo — Reference
apollo-cli environment config apply,https://www.palantir.com/docs/apollo/apollo-cli/apollo-cli_environment_config_apply/,Apollo,Apollo — Software delivery,P1,"Current official capability navigation entry; subsystem detail, implementation guidance, or API/tool documentation.",2026-07-27,Apollo — Reference
apollo-cli environment config get,https://www.palantir.com/docs/apollo/apollo-cli/apollo-cli_environment_config_get/,Apollo,Apollo — Software delivery,P1,"Current official capability navigation entry; subsystem detail, implementation guidance, or API/tool documentation.",2026-07-27,Apollo — Reference
apollo-cli environment create,https://www.palantir.com/docs/apollo/apollo-cli/apollo-cli_environment_create/,Apollo,Apollo — Software delivery,P1,"Current official capability navigation entry; subsystem detail, implementation guidance, or API/tool documentation.",2026-07-27,Apollo — Reference
apollo-cli environment delete,https://www.palantir.com/docs/apollo/apollo-cli/apollo-cli_environment_delete/,Apollo,Apollo — Software delivery,P1,"Current official capability navigation entry; subsystem detail, implementation guidance, or API/tool documentation.",2026-07-27,Apollo — Reference
apollo-cli environment get,https://www.palantir.com/docs/apollo/apollo-cli/apollo-cli_environment_get/,Apollo,Apollo — Software delivery,P1,"Current official capability navigation entry; subsystem detail, implementation guidance, or API/tool documentation.",2026-07-27,Apollo — Reference
apollo-cli environment list,https://www.palantir.com/docs/apollo/apollo-cli/apollo-cli_environment_list/,Apollo,Apollo — Software delivery,P1,"Current official capability navigation entry; subsystem detail, implementation guidance, or API/tool documentation.",2026-07-27,Apollo — Reference
apollo-cli environment manifest,https://www.palantir.com/docs/apollo/apollo-cli/apollo-cli_environment_manifest/,Apollo,Apollo — Software delivery,P1,"Current official capability navigation entry; subsystem detail, implementation guidance, or API/tool documentation.",2026-07-27,Apollo — Reference
apollo-cli environment manifest generate,https://www.palantir.com/docs/apollo/apollo-cli/apollo-cli_environment_manifest_generate/,Apollo,Apollo — Software delivery,P1,"Current official capability navigation entry; subsystem detail, implementation guidance, or API/tool documentation.",2026-07-27,Apollo — Reference
apollo-cli environment release-channel,https://www.palantir.com/docs/apollo/apollo-cli/apollo-cli_environment_release-channel/,Apollo,Apollo — Software delivery,P1,"Current official capability navigation entry; subsystem detail, implementation guidance, or API/tool documentation.",2026-07-27,Apollo — Reference
apollo-cli environment release-channel set,https://www.palantir.com/docs/apollo/apollo-cli/apollo-cli_environment_release-channel_set/,Apollo,Apollo — Software delivery,P1,"Current official capability navigation entry; subsystem detail, implementation guidance, or API/tool documentation.",2026-07-27,Apollo — Reference
apollo-cli environment version,https://www.palantir.com/docs/apollo/apollo-cli/apollo-cli_environment_version/,Apollo,Apollo — Software delivery,P1,"Current official capability navigation entry; subsystem detail, implementation guidance, or API/tool documentation.",2026-07-27,Apollo — Reference
apollo-cli environment version compare,https://www.palantir.com/docs/apollo/apollo-cli/apollo-cli_environment_version_compare/,Apollo,Apollo — Software delivery,P1,"Current official capability navigation entry; subsystem detail, implementation guidance, or API/tool documentation.",2026-07-27,Apollo — Reference
apollo-cli helm-chart [Experimental],https://www.palantir.com/docs/apollo/apollo-cli/apollo-cli_helm-chart/,Apollo,Apollo — Software delivery,P1,"Current official capability navigation entry; subsystem detail, implementation guidance, or API/tool documentation.",2026-07-27,Apollo — Reference
apollo-cli helm-chart validate [Experimental],https://www.palantir.com/docs/apollo/apollo-cli/apollo-cli_helm-chart_validate/,Apollo,Apollo — Software delivery,P1,"Current official capability navigation entry; subsystem detail, implementation guidance, or API/tool documentation.",2026-07-27,Apollo — Reference
apollo-cli label [Experimental],https://www.palantir.com/docs/apollo/apollo-cli/apollo-cli_label/,Apollo,Apollo — Software delivery,P1,"Current official capability navigation entry; subsystem detail, implementation guidance, or API/tool documentation.",2026-07-27,Apollo — Reference
apollo-cli label delete [Experimental],https://www.palantir.com/docs/apollo/apollo-cli/apollo-cli_label_delete/,Apollo,Apollo — Software delivery,P1,"Current official capability navigation entry; subsystem detail, implementation guidance, or API/tool documentation.",2026-07-27,Apollo — Reference
apollo-cli label get [Experimental],https://www.palantir.com/docs/apollo/apollo-cli/apollo-cli_label_get/,Apollo,Apollo — Software delivery,P1,"Current official capability navigation entry; subsystem detail, implementation guidance, or API/tool documentation.",2026-07-27,Apollo — Reference
apollo-cli label list [Experimental],https://www.palantir.com/docs/apollo/apollo-cli/apollo-cli_label_list/,Apollo,Apollo — Software delivery,P1,"Current official capability navigation entry; subsystem detail, implementation guidance, or API/tool documentation.",2026-07-27,Apollo — Reference
apollo-cli label set [Experimental],https://www.palantir.com/docs/apollo/apollo-cli/apollo-cli_label_set/,Apollo,Apollo — Software delivery,P1,"Current official capability navigation entry; subsystem detail, implementation guidance, or API/tool documentation.",2026-07-27,Apollo — Reference
apollo-cli module,https://www.palantir.com/docs/apollo/apollo-cli/apollo-cli_module/,Apollo,Apollo — Software delivery,P1,"Current official capability navigation entry; subsystem detail, implementation guidance, or API/tool documentation.",2026-07-27,Apollo — Reference
apollo-cli module create,https://www.palantir.com/docs/apollo/apollo-cli/apollo-cli_module_create/,Apollo,Apollo — Software delivery,P1,"Current official capability navigation entry; subsystem detail, implementation guidance, or API/tool documentation.",2026-07-27,Apollo — Reference
apollo-cli module diff [Experimental],https://www.palantir.com/docs/apollo/apollo-cli/apollo-cli_module_diff/,Apollo,Apollo — Software delivery,P1,"Current official capability navigation entry; subsystem detail, implementation guidance, or API/tool documentation.",2026-07-27,Apollo — Reference
apollo-cli module evaluate [Experimental],https://www.palantir.com/docs/apollo/apollo-cli/apollo-cli_module_evaluate/,Apollo,Apollo — Software delivery,P1,"Current official capability navigation entry; subsystem detail, implementation guidance, or API/tool documentation.",2026-07-27,Apollo — Reference
apollo-cli module flatten [Experimental],https://www.palantir.com/docs/apollo/apollo-cli/apollo-cli_module_flatten/,Apollo,Apollo — Software delivery,P1,"Current official capability navigation entry; subsystem detail, implementation guidance, or API/tool documentation.",2026-07-27,Apollo — Reference
apollo-cli module get [Experimental],https://www.palantir.com/docs/apollo/apollo-cli/apollo-cli_module_get/,Apollo,Apollo — Software delivery,P1,"Current official capability navigation entry; subsystem detail, implementation guidance, or API/tool documentation.",2026-07-27,Apollo — Reference
apollo-cli module install [Experimental],https://www.palantir.com/docs/apollo/apollo-cli/apollo-cli_module_install/,Apollo,Apollo — Software delivery,P1,"Current official capability navigation entry; subsystem detail, implementation guidance, or API/tool documentation.",2026-07-27,Apollo — Reference
apollo-cli module list [Experimental],https://www.palantir.com/docs/apollo/apollo-cli/apollo-cli_module_list/,Apollo,Apollo — Software delivery,P1,"Current official capability navigation entry; subsystem detail, implementation guidance, or API/tool documentation.",2026-07-27,Apollo — Reference
apollo-cli module lock,https://www.palantir.com/docs/apollo/apollo-cli/apollo-cli_module_lock/,Apollo,Apollo — Software delivery,P1,"Current official capability navigation entry; subsystem detail, implementation guidance, or API/tool documentation.",2026-07-27,Apollo — Reference
apollo-cli module update,https://www.palantir.com/docs/apollo/apollo-cli/apollo-cli_module_update/,Apollo,Apollo — Software delivery,P1,"Current official capability navigation entry; subsystem detail, implementation guidance, or API/tool documentation.",2026-07-27,Apollo — Reference
apollo-cli product-release,https://www.palantir.com/docs/apollo/apollo-cli/apollo-cli_product-release/,Apollo,Apollo — Software delivery,P1,"Current official capability navigation entry; subsystem detail, implementation guidance, or API/tool documentation.",2026-07-27,Apollo — Reference
apollo-cli product-release asset,https://www.palantir.com/docs/apollo/apollo-cli/apollo-cli_product-release_asset/,Apollo,Apollo — Software delivery,P1,"Current official capability navigation entry; subsystem detail, implementation guidance, or API/tool documentation.",2026-07-27,Apollo — Reference
apollo-cli product-release asset publish,https://www.palantir.com/docs/apollo/apollo-cli/apollo-cli_product-release_asset_publish/,Apollo,Apollo — Software delivery,P1,"Current official capability navigation entry; subsystem detail, implementation guidance, or API/tool documentation.",2026-07-27,Apollo — Reference
apollo-cli product-release create,https://www.palantir.com/docs/apollo/apollo-cli/apollo-cli_product-release_create/,Apollo,Apollo — Software delivery,P1,"Current official capability navigation entry; subsystem detail, implementation guidance, or API/tool documentation.",2026-07-27,Apollo — Reference
apollo-cli product-release get,https://www.palantir.com/docs/apollo/apollo-cli/apollo-cli_product-release_get/,Apollo,Apollo — Software delivery,P1,"Current official capability navigation entry; subsystem detail, implementation guidance, or API/tool documentation.",2026-07-27,Apollo — Reference
apollo-cli product-release helm-chart,https://www.palantir.com/docs/apollo/apollo-cli/apollo-cli_product-release_helm-chart/,Apollo,Apollo — Software delivery,P1,"Current official capability navigation entry; subsystem detail, implementation guidance, or API/tool documentation.",2026-07-27,Apollo — Reference
apollo-cli product-release helm-chart init,https://www.palantir.com/docs/apollo/apollo-cli/apollo-cli_product-release_helm-chart_init/,Apollo,Apollo — Software delivery,P1,"Current official capability navigation entry; subsystem detail, implementation guidance, or API/tool documentation.",2026-07-27,Apollo — Reference
apollo-cli product-release init,https://www.palantir.com/docs/apollo/apollo-cli/apollo-cli_product-release_init/,Apollo,Apollo — Software delivery,P1,"Current official capability navigation entry; subsystem detail, implementation guidance, or API/tool documentation.",2026-07-27,Apollo — Reference
apollo-cli product-release list,https://www.palantir.com/docs/apollo/apollo-cli/apollo-cli_product-release_list/,Apollo,Apollo — Software delivery,P1,"Current official capability navigation entry; subsystem detail, implementation guidance, or API/tool documentation.",2026-07-27,Apollo — Reference
apollo-cli product-release terraform,https://www.palantir.com/docs/apollo/apollo-cli/apollo-cli_product-release_terraform/,Apollo,Apollo — Software delivery,P1,"Current official capability navigation entry; subsystem detail, implementation guidance, or API/tool documentation.",2026-07-27,Apollo — Reference
apollo-cli product-release terraform init,https://www.palantir.com/docs/apollo/apollo-cli/apollo-cli_product-release_terraform_init/,Apollo,Apollo — Software delivery,P1,"Current official capability navigation entry; subsystem detail, implementation guidance, or API/tool documentation.",2026-07-27,Apollo — Reference
apollo-cli product-release verify,https://www.palantir.com/docs/apollo/apollo-cli/apollo-cli_product-release_verify/,Apollo,Apollo — Software delivery,P1,"Current official capability navigation entry; subsystem detail, implementation guidance, or API/tool documentation.",2026-07-27,Apollo — Reference
apollo-cli product,https://www.palantir.com/docs/apollo/apollo-cli/apollo-cli_product/,Apollo,Apollo — Software delivery,P1,"Current official capability navigation entry; subsystem detail, implementation guidance, or API/tool documentation.",2026-07-27,Apollo — Reference
apollo-cli product list,https://www.palantir.com/docs/apollo/apollo-cli/apollo-cli_product_list/,Apollo,Apollo — Software delivery,P1,"Current official capability navigation entry; subsystem detail, implementation guidance, or API/tool documentation.",2026-07-27,Apollo — Reference
apollo-cli product promotion [Experimental],https://www.palantir.com/docs/apollo/apollo-cli/apollo-cli_product_promotion/,Apollo,Apollo — Software delivery,P1,"Current official capability navigation entry; subsystem detail, implementation guidance, or API/tool documentation.",2026-07-27,Apollo — Reference
apollo-cli product promotion append [Experimental],https://www.palantir.com/docs/apollo/apollo-cli/apollo-cli_product_promotion_append/,Apollo,Apollo — Software delivery,P1,"Current official capability navigation entry; subsystem detail, implementation guidance, or API/tool documentation.",2026-07-27,Apollo — Reference
apollo-cli product promotion disable [Experimental],https://www.palantir.com/docs/apollo/apollo-cli/apollo-cli_product_promotion_disable/,Apollo,Apollo — Software delivery,P1,"Current official capability navigation entry; subsystem detail, implementation guidance, or API/tool documentation.",2026-07-27,Apollo — Reference
apollo-cli product promotion enable [Experimental],https://www.palantir.com/docs/apollo/apollo-cli/apollo-cli_product_promotion_enable/,Apollo,Apollo — Software delivery,P1,"Current official capability navigation entry; subsystem detail, implementation guidance, or API/tool documentation.",2026-07-27,Apollo — Reference
apollo-cli product promotion get [Experimental],https://www.palantir.com/docs/apollo/apollo-cli/apollo-cli_product_promotion_get/,Apollo,Apollo — Software delivery,P1,"Current official capability navigation entry; subsystem detail, implementation guidance, or API/tool documentation.",2026-07-27,Apollo — Reference
apollo-cli product promotion set [Experimental],https://www.palantir.com/docs/apollo/apollo-cli/apollo-cli_product_promotion_set/,Apollo,Apollo — Software delivery,P1,"Current official capability navigation entry; subsystem detail, implementation guidance, or API/tool documentation.",2026-07-27,Apollo — Reference
apollo-cli profile [Experimental],https://www.palantir.com/docs/apollo/apollo-cli/apollo-cli_profile/,Apollo,Apollo — Software delivery,P1,"Current official capability navigation entry; subsystem detail, implementation guidance, or API/tool documentation.",2026-07-27,Apollo — Reference
apollo-cli profile create [Experimental],https://www.palantir.com/docs/apollo/apollo-cli/apollo-cli_profile_create/,Apollo,Apollo — Software delivery,P1,"Current official capability navigation entry; subsystem detail, implementation guidance, or API/tool documentation.",2026-07-27,Apollo — Reference
apollo-cli profile delete [Experimental],https://www.palantir.com/docs/apollo/apollo-cli/apollo-cli_profile_delete/,Apollo,Apollo — Software delivery,P1,"Current official capability navigation entry; subsystem detail, implementation guidance, or API/tool documentation.",2026-07-27,Apollo — Reference
apollo-cli profile export [Experimental],https://www.palantir.com/docs/apollo/apollo-cli/apollo-cli_profile_export/,Apollo,Apollo — Software delivery,P1,"Current official capability navigation entry; subsystem detail, implementation guidance, or API/tool documentation.",2026-07-27,Apollo — Reference
apollo-cli profile import [Experimental],https://www.palantir.com/docs/apollo/apollo-cli/apollo-cli_profile_import/,Apollo,Apollo — Software delivery,P1,"Current official capability navigation entry; subsystem detail, implementation guidance, or API/tool documentation.",2026-07-27,Apollo — Reference
apollo-cli profile list [Experimental],https://www.palantir.com/docs/apollo/apollo-cli/apollo-cli_profile_list/,Apollo,Apollo — Software delivery,P1,"Current official capability navigation entry; subsystem detail, implementation guidance, or API/tool documentation.",2026-07-27,Apollo — Reference
apollo-cli profile rename [Experimental],https://www.palantir.com/docs/apollo/apollo-cli/apollo-cli_profile_rename/,Apollo,Apollo — Software delivery,P1,"Current official capability navigation entry; subsystem detail, implementation guidance, or API/tool documentation.",2026-07-27,Apollo — Reference
apollo-cli profile show [Experimental],https://www.palantir.com/docs/apollo/apollo-cli/apollo-cli_profile_show/,Apollo,Apollo — Software delivery,P1,"Current official capability navigation entry; subsystem detail, implementation guidance, or API/tool documentation.",2026-07-27,Apollo — Reference
apollo-cli profile use [Experimental],https://www.palantir.com/docs/apollo/apollo-cli/apollo-cli_profile_use/,Apollo,Apollo — Software delivery,P1,"Current official capability navigation entry; subsystem detail, implementation guidance, or API/tool documentation.",2026-07-27,Apollo — Reference
apollo-cli release-channel [Experimental],https://www.palantir.com/docs/apollo/apollo-cli/apollo-cli_release-channel/,Apollo,Apollo — Software delivery,P1,"Current official capability navigation entry; subsystem detail, implementation guidance, or API/tool documentation.",2026-07-27,Apollo — Reference
apollo-cli release-channel add [Experimental],https://www.palantir.com/docs/apollo/apollo-cli/apollo-cli_release-channel_add/,Apollo,Apollo — Software delivery,P1,"Current official capability navigation entry; subsystem detail, implementation guidance, or API/tool documentation.",2026-07-27,Apollo — Reference
apollo-cli release-channel create [Experimental],https://www.palantir.com/docs/apollo/apollo-cli/apollo-cli_release-channel_create/,Apollo,Apollo — Software delivery,P1,"Current official capability navigation entry; subsystem detail, implementation guidance, or API/tool documentation.",2026-07-27,Apollo — Reference
apollo-cli release-channel diff [Experimental],https://www.palantir.com/docs/apollo/apollo-cli/apollo-cli_release-channel_diff/,Apollo,Apollo — Software delivery,P1,"Current official capability navigation entry; subsystem detail, implementation guidance, or API/tool documentation.",2026-07-27,Apollo — Reference
apollo-cli release-channel export [Experimental],https://www.palantir.com/docs/apollo/apollo-cli/apollo-cli_release-channel_export/,Apollo,Apollo — Software delivery,P1,"Current official capability navigation entry; subsystem detail, implementation guidance, or API/tool documentation.",2026-07-27,Apollo — Reference
apollo-cli release-channel get [Experimental],https://www.palantir.com/docs/apollo/apollo-cli/apollo-cli_release-channel_get/,Apollo,Apollo — Software delivery,P1,"Current official capability navigation entry; subsystem detail, implementation guidance, or API/tool documentation.",2026-07-27,Apollo — Reference
apollo-cli release-channel list [Experimental],https://www.palantir.com/docs/apollo/apollo-cli/apollo-cli_release-channel_list/,Apollo,Apollo — Software delivery,P1,"Current official capability navigation entry; subsystem detail, implementation guidance, or API/tool documentation.",2026-07-27,Apollo — Reference
apollo-cli release-channel update [Experimental],https://www.palantir.com/docs/apollo/apollo-cli/apollo-cli_release-channel_update/,Apollo,Apollo — Software delivery,P1,"Current official capability navigation entry; subsystem detail, implementation guidance, or API/tool documentation.",2026-07-27,Apollo — Reference
apollo-cli terminal [Experimental],https://www.palantir.com/docs/apollo/apollo-cli/apollo-cli_terminal/,Apollo,Apollo — Software delivery,P1,"Current official capability navigation entry; subsystem detail, implementation guidance, or API/tool documentation.",2026-07-27,Apollo — Reference
Getting started with the Apollo CLI,https://www.palantir.com/docs/apollo/apollo-getting-started/apollo-cli-getting-started/,Apollo,Apollo — Software delivery,P1,"Current official capability navigation entry; subsystem detail, implementation guidance, or API/tool documentation.",2026-07-27,Apollo — Getting started
Getting started with Apollo,https://www.palantir.com/docs/apollo/apollo-getting-started/getting-started-with-apollo/,Apollo,Apollo — Software delivery,P1,"Current official capability navigation entry; subsystem detail, implementation guidance, or API/tool documentation.",2026-07-27,Apollo — Documentation | Apollo — Getting started | Apollo — Reference
Glossary,https://www.palantir.com/docs/apollo/apollo-getting-started/glossary/,Apollo,Apollo — Software delivery,P1,"Current official capability navigation entry; subsystem detail, implementation guidance, or API/tool documentation.",2026-07-27,Apollo — Getting started
Connect an Environment,https://www.palantir.com/docs/apollo/apollo-getting-started/introduction-environments/,Apollo,Apollo — Software delivery,P1,"Current official capability navigation entry; subsystem detail, implementation guidance, or API/tool documentation.",2026-07-27,Apollo — Getting started
Install a Release,https://www.palantir.com/docs/apollo/apollo-getting-started/introduction-install/,Apollo,Apollo — Software delivery,P1,"Current official capability navigation entry; subsystem detail, implementation guidance, or API/tool documentation.",2026-07-27,Apollo — Getting started
Set maintenance windows,https://www.palantir.com/docs/apollo/apollo-getting-started/introduction-maintenance/,Apollo,Apollo — Software delivery,P1,"Current official capability navigation entry; subsystem detail, implementation guidance, or API/tool documentation.",2026-07-27,Apollo — Getting started
Advanced Release creation,https://www.palantir.com/docs/apollo/apollo-getting-started/introduction-manifest/,Apollo,Apollo — Software delivery,P1,"Current official capability navigation entry; subsystem detail, implementation guidance, or API/tool documentation.",2026-07-27,Apollo — Getting started
Apollo Getting Started — Introduction Next Steps,https://www.palantir.com/docs/apollo/apollo-getting-started/introduction-next-steps/,Apollo,Apollo — Software delivery,P1,"Current official capability navigation entry; subsystem detail, implementation guidance, or API/tool documentation.",2026-07-27,Apollo — Getting started
Create a new Product and Product Release,https://www.palantir.com/docs/apollo/apollo-getting-started/introduction-products/,Apollo,Apollo — Software delivery,P1,"Current official capability navigation entry; subsystem detail, implementation guidance, or API/tool documentation.",2026-07-27,Apollo — Getting started
Promote Releases,https://www.palantir.com/docs/apollo/apollo-getting-started/introduction-promotion/,Apollo,Apollo — Software delivery,P1,"Current official capability navigation entry; subsystem detail, implementation guidance, or API/tool documentation.",2026-07-27,Apollo — Getting started
Recall a Release,https://www.palantir.com/docs/apollo/apollo-getting-started/introduction-recall/,Apollo,Apollo — Software delivery,P1,"Current official capability navigation entry; subsystem detail, implementation guidance, or API/tool documentation.",2026-07-27,Apollo — Getting started
Apollo Introduction Guide,https://www.palantir.com/docs/apollo/apollo-getting-started/introduction-welcome/,Apollo,Apollo — Software delivery,P1,"Current official capability navigation entry; subsystem detail, implementation guidance, or API/tool documentation.",2026-07-27,Apollo — Getting started
Set up your Apollo Hub,https://www.palantir.com/docs/apollo/apollo-getting-started/set-up-your-apollo-hub/,Apollo,Apollo — Software delivery,P1,"Current official capability navigation entry; subsystem detail, implementation guidance, or API/tool documentation.",2026-07-27,Apollo — Getting started
Annotations,https://www.palantir.com/docs/apollo/apollo-product-specification/annotations/,Apollo,Apollo — Software delivery,P1,"Current official capability navigation entry; subsystem detail, implementation guidance, or API/tool documentation.",2026-07-27,Apollo — Reference
The Apollo Product Specification,https://www.palantir.com/docs/apollo/apollo-product-specification/apollo-product-spec-definition/,Apollo,Apollo — Software delivery,P1,"Current official capability navigation entry; subsystem detail, implementation guidance, or API/tool documentation.",2026-07-27,Apollo — Reference
Container Images,https://www.palantir.com/docs/apollo/apollo-product-specification/container-images/,Apollo,Apollo — Software delivery,P1,"Current official capability navigation entry; subsystem detail, implementation guidance, or API/tool documentation.",2026-07-27,Apollo — Reference
Health,https://www.palantir.com/docs/apollo/apollo-product-specification/health/,Apollo,Apollo — Software delivery,P1,"Current official capability navigation entry; subsystem detail, implementation guidance, or API/tool documentation.",2026-07-27,Apollo — Reference
The Product Manifest,https://www.palantir.com/docs/apollo/apollo-product-specification/manifest/,Apollo,Apollo — Software delivery,P1,"Current official capability navigation entry; subsystem detail, implementation guidance, or API/tool documentation.",2026-07-27,Apollo — Reference
Product Release Dependencies,https://www.palantir.com/docs/apollo/apollo-product-specification/product-dependencies/,Apollo,Apollo — Software delivery,P1,"Current official capability navigation entry; subsystem detail, implementation guidance, or API/tool documentation.",2026-07-27,Apollo — Reference
Product Release Incompatibilities,https://www.palantir.com/docs/apollo/apollo-product-specification/product-incompatibilities/,Apollo,Apollo — Software delivery,P1,"Current official capability navigation entry; subsystem detail, implementation guidance, or API/tool documentation.",2026-07-27,Apollo — Reference
Product Types,https://www.palantir.com/docs/apollo/apollo-product-specification/product-types/,Apollo,Apollo — Software delivery,P1,"Current official capability navigation entry; subsystem detail, implementation guidance, or API/tool documentation.",2026-07-27,Apollo — Reference
Product Versions,https://www.palantir.com/docs/apollo/apollo-product-specification/product-versions/,Apollo,Apollo — Software delivery,P1,"Current official capability navigation entry; subsystem detail, implementation guidance, or API/tool documentation.",2026-07-27,Apollo — Reference
Apollo API specification,https://www.palantir.com/docs/apollo/apollo-references/apollo-api-documentation/,Apollo,Apollo — Software delivery,P1,"Current official capability navigation entry; subsystem detail, implementation guidance, or API/tool documentation.",2026-07-27,Apollo — Reference
Apollo References — Reference,https://www.palantir.com/docs/apollo/apollo-references/apollo-references/,Apollo,Apollo — Software delivery,P1,"Current official capability navigation entry; subsystem detail, implementation guidance, or API/tool documentation.",2026-07-27,Apollo — Documentation | Apollo — Getting started | Apollo — Reference
Developer API limited support policies (v1.0),https://www.palantir.com/docs/apollo/apollo-references/developer-api-limited-support-policies/,Apollo,Apollo — Software delivery,P1,"Current official capability navigation entry; subsystem detail, implementation guidance, or API/tool documentation.",2026-07-27,Apollo — Reference
End-to-end workflow [Experimental],https://www.palantir.com/docs/apollo/apollo-references/experimental-end-to-end-workflow/,Apollo,Apollo — Software delivery,P1,"Current official capability navigation entry; subsystem detail, implementation guidance, or API/tool documentation.",2026-07-27,Apollo — Reference
Response types,https://www.palantir.com/docs/apollo/cel-policies/cel-functions/,Apollo,Apollo — Software delivery,P1,"Current official capability navigation entry; subsystem detail, implementation guidance, or API/tool documentation.",2026-07-27,Apollo — Reference
Examples,https://www.palantir.com/docs/apollo/cel-policies/examples/,Apollo,Apollo — Software delivery,P1,"Current official capability navigation entry; subsystem detail, implementation guidance, or API/tool documentation.",2026-07-27,Apollo — Reference
Change type API reference,https://www.palantir.com/docs/apollo/cel-policies/input-types/,Apollo,Apollo — Software delivery,P1,"Current official capability navigation entry; subsystem detail, implementation guidance, or API/tool documentation.",2026-07-27,Apollo — Reference
Cel Policies — Overview,https://www.palantir.com/docs/apollo/cel-policies/overview/,Apollo,Apollo — Software delivery,P1,"Current official capability navigation entry; subsystem detail, implementation guidance, or API/tool documentation.",2026-07-27,Apollo — Reference
Apollo Agents,https://www.palantir.com/docs/apollo/core/agents/,Apollo,Apollo — Software delivery,P1,"Current official capability navigation entry; subsystem detail, implementation guidance, or API/tool documentation.",2026-07-27,Apollo — Documentation
Authentication,https://www.palantir.com/docs/apollo/core/authentication/,Apollo,Apollo — Software delivery,P0,Official architectural spine or core ontology lifecycle page; reviewed directly in the research synthesis.,2026-07-27,Apollo — Documentation
Environment and Product editors,https://www.palantir.com/docs/apollo/core/authorization/,Apollo,Apollo — Software delivery,P0,Official architectural spine or core ontology lifecycle page; reviewed directly in the research synthesis.,2026-07-27,Apollo — Documentation | Apollo — Getting started
Create Product Releases in Apollo from your CI pipeline,https://www.palantir.com/docs/apollo/core/ci-publish-setup/,Apollo,Apollo — Software delivery,P1,"Current official capability navigation entry; subsystem detail, implementation guidance, or API/tool documentation.",2026-07-27,Apollo — Documentation | Apollo — Getting started
Connect a Kubernetes cluster to Apollo,https://www.palantir.com/docs/apollo/core/connect-spoke/,Apollo,Apollo — Software delivery,P1,"Current official capability navigation entry; subsystem detail, implementation guidance, or API/tool documentation.",2026-07-27,Apollo — Documentation | Apollo — Getting started
Entities,https://www.palantir.com/docs/apollo/core/entities/,Apollo,Apollo — Software delivery,P0,Official architectural spine or core ontology lifecycle page; reviewed directly in the research synthesis.,2026-07-27,Apollo — Documentation
Environments,https://www.palantir.com/docs/apollo/core/environments/,Apollo,Apollo — Software delivery,P0,Official architectural spine or core ontology lifecycle page; reviewed directly in the research synthesis.,2026-07-27,Apollo — Documentation
Helm rollout strategies and timeouts,https://www.palantir.com/docs/apollo/core/helm-rollouts/,Apollo,Apollo — Software delivery,P1,"Current official capability navigation entry; subsystem detail, implementation guidance, or API/tool documentation.",2026-07-27,Apollo — Documentation
How Apollo works,https://www.palantir.com/docs/apollo/core/how-apollo-works/,Apollo,Apollo — Software delivery,P0,Official architectural spine or core ontology lifecycle page; reviewed directly in the research synthesis.,2026-07-27,Apollo — Documentation
review the key Apollo concepts,https://www.palantir.com/docs/apollo/core/introduction/,Apollo,Apollo — Software delivery,P0,"Official Apollo architecture: autonomous deployment across connected, disconnected, and air-gapped environments.",2026-07-27,Apollo — Documentation | Apollo — Getting started | Apollo — Reference
Liveness and Readiness,https://www.palantir.com/docs/apollo/core/liveness-and-readiness/,Apollo,Apollo — Software delivery,P1,"Current official capability navigation entry; subsystem detail, implementation guidance, or API/tool documentation.",2026-07-27,Apollo — Documentation
Modules,https://www.palantir.com/docs/apollo/core/modules/,Apollo,Apollo — Software delivery,P1,"Current official capability navigation entry; subsystem detail, implementation guidance, or API/tool documentation.",2026-07-27,Apollo — Documentation
Core — Overview,https://www.palantir.com/docs/apollo/core/overview/,Apollo,Apollo — Software delivery,P0,Official architectural spine or core ontology lifecycle page; reviewed directly in the research synthesis.,2026-07-27,Apollo — Documentation
Plans and Constraints,https://www.palantir.com/docs/apollo/core/plans-and-constraints/,Apollo,Apollo — Software delivery,P0,Official architectural spine or core ontology lifecycle page; reviewed directly in the research synthesis.,2026-07-27,Apollo — Documentation
"Products, Releases, and Versions",https://www.palantir.com/docs/apollo/core/products-releases-versions/,Apollo,Apollo — Software delivery,P1,"Current official capability navigation entry; subsystem detail, implementation guidance, or API/tool documentation.",2026-07-27,Apollo — Documentation
Publishing versioned Helm charts,https://www.palantir.com/docs/apollo/core/publishing-versioned-helm-charts/,Apollo,Apollo — Software delivery,P1,"Current official capability navigation entry; subsystem detail, implementation guidance, or API/tool documentation.",2026-07-27,Apollo — Documentation
Release Channels,https://www.palantir.com/docs/apollo/core/release-channels/,Apollo,Apollo — Software delivery,P0,Official architectural spine or core ontology lifecycle page; reviewed directly in the research synthesis.,2026-07-27,Apollo — Documentation
Set up a local Kubernetes cluster for testing,https://www.palantir.com/docs/apollo/core/set-up-local-kubernetes-cluster/,Apollo,Apollo — Software delivery,P1,"Current official capability navigation entry; subsystem detail, implementation guidance, or API/tool documentation.",2026-07-27,Apollo — Documentation | Apollo — Getting started
Spoke Control Plane,https://www.palantir.com/docs/apollo/core/spoke-control-plane/,Apollo,Apollo — Software delivery,P0,Official architectural spine or core ontology lifecycle page; reviewed directly in the research synthesis.,2026-07-27,Apollo — Documentation
Supported browsers,https://www.palantir.com/docs/apollo/core/supported-browsers/,Apollo,Apollo — Software delivery,P1,"Current official capability navigation entry; subsystem detail, implementation guidance, or API/tool documentation.",2026-07-27,Apollo — Documentation
Teams,https://www.palantir.com/docs/apollo/core/teams/,Apollo,Apollo — Software delivery,P1,"Current official capability navigation entry; subsystem detail, implementation guidance, or API/tool documentation.",2026-07-27,Apollo — Documentation
Troubleshooting in Kubernetes clusters,https://www.palantir.com/docs/apollo/core/troubleshooting-in-cluster/,Apollo,Apollo — Software delivery,P2,"Current official navigation entry retained for completeness; specialized, lifecycle-warning, or reference material.",2026-07-27,Apollo — Documentation
What's new,https://www.palantir.com/docs/apollo/core/whats-new/,Apollo,Apollo — Software delivery,P1,"Current official capability navigation entry; subsystem detail, implementation guidance, or API/tool documentation.",2026-07-27,Apollo — Documentation | Apollo — Getting started | Apollo — Reference
Just-in-time access,https://www.palantir.com/docs/apollo/debugging/jit-access/,Apollo,Apollo — Software delivery,P1,"Current official capability navigation entry; subsystem detail, implementation guidance, or API/tool documentation.",2026-07-27,Apollo — Documentation
Terminal profiles,https://www.palantir.com/docs/apollo/debugging/terminal-profiles/,Apollo,Apollo — Software delivery,P1,"Current official capability navigation entry; subsystem detail, implementation guidance, or API/tool documentation.",2026-07-27,Apollo — Documentation
Terminal,https://www.palantir.com/docs/apollo/debugging/terminal/,Apollo,Apollo — Software delivery,P1,"Current official capability navigation entry; subsystem detail, implementation guidance, or API/tool documentation.",2026-07-27,Apollo — Documentation
Apollo CLI commands for Bundles,https://www.palantir.com/docs/apollo/export-import/apollo-cli-for-bundle/,Apollo,Apollo — Software delivery,P1,"Current official capability navigation entry; subsystem detail, implementation guidance, or API/tool documentation.",2026-07-27,Apollo — Documentation
Bundle chunking,https://www.palantir.com/docs/apollo/export-import/bundle-chunking/,Apollo,Apollo — Software delivery,P1,"Current official capability navigation entry; subsystem detail, implementation guidance, or API/tool documentation.",2026-07-27,Apollo — Documentation
Bundle layer deduplication,https://www.palantir.com/docs/apollo/export-import/bundle-layer-deduplication/,Apollo,Apollo — Software delivery,P1,"Current official capability navigation entry; subsystem detail, implementation guidance, or API/tool documentation.",2026-07-27,Apollo — Documentation
Bundle preview,https://www.palantir.com/docs/apollo/export-import/bundle-preview/,Apollo,Apollo — Software delivery,P1,"Current official capability navigation entry; subsystem detail, implementation guidance, or API/tool documentation.",2026-07-27,Apollo — Documentation
Bundle security,https://www.palantir.com/docs/apollo/export-import/bundle-security/,Apollo,Apollo — Software delivery,P1,"Current official capability navigation entry; subsystem detail, implementation guidance, or API/tool documentation.",2026-07-27,Apollo — Documentation
Change requests on Environment import,https://www.palantir.com/docs/apollo/export-import/change-requests-on-environment-import/,Apollo,Apollo — Software delivery,P1,"Current official capability navigation entry; subsystem detail, implementation guidance, or API/tool documentation.",2026-07-27,Apollo — Documentation
Checkpoint Bundles,https://www.palantir.com/docs/apollo/export-import/checkpoint-bundle/,Apollo,Apollo — Software delivery,P1,"Current official capability navigation entry; subsystem detail, implementation guidance, or API/tool documentation.",2026-07-27,Apollo — Documentation
Create and export a Bundle,https://www.palantir.com/docs/apollo/export-import/create-export-bundle/,Apollo,Apollo — Software delivery,P1,"Current official capability navigation entry; subsystem detail, implementation guidance, or API/tool documentation.",2026-07-27,Apollo — Documentation
Create and modify an export pipeline,https://www.palantir.com/docs/apollo/export-import/create-pipeline/,Apollo,Apollo — Software delivery,P1,"Current official capability navigation entry; subsystem detail, implementation guidance, or API/tool documentation.",2026-07-27,Apollo — Documentation
Data selection rules,https://www.palantir.com/docs/apollo/export-import/data-selection-rules/,Apollo,Apollo — Software delivery,P1,"Current official capability navigation entry; subsystem detail, implementation guidance, or API/tool documentation.",2026-07-27,Apollo — Documentation
Label requirements,https://www.palantir.com/docs/apollo/export-import/export-label-requirements/,Apollo,Apollo — Software delivery,P1,"Current official capability navigation entry; subsystem detail, implementation guidance, or API/tool documentation.",2026-07-27,Apollo — Documentation
Exporting Environments,https://www.palantir.com/docs/apollo/export-import/exporting-environments/,Apollo,Apollo — Software delivery,P1,"Current official capability navigation entry; subsystem detail, implementation guidance, or API/tool documentation.",2026-07-27,Apollo — Documentation
Guidelines for exporting and importing data,https://www.palantir.com/docs/apollo/export-import/guidelines-for-export-and-import/,Apollo,Apollo — Software delivery,P1,"Current official capability navigation entry; subsystem detail, implementation guidance, or API/tool documentation.",2026-07-27,Apollo — Documentation
Import a Bundle,https://www.palantir.com/docs/apollo/export-import/import-bundle/,Apollo,Apollo — Software delivery,P1,"Current official capability navigation entry; subsystem detail, implementation guidance, or API/tool documentation.",2026-07-27,Apollo — Documentation
Export and Import,https://www.palantir.com/docs/apollo/export-import/overview/,Apollo,Apollo — Software delivery,P1,"Current official capability navigation entry; subsystem detail, implementation guidance, or API/tool documentation.",2026-07-27,Apollo — Documentation
Resource selection,https://www.palantir.com/docs/apollo/export-import/resource-selection/,Apollo,Apollo — Software delivery,P1,"Current official capability navigation entry; subsystem detail, implementation guidance, or API/tool documentation.",2026-07-27,Apollo — Documentation
Target Hub versions,https://www.palantir.com/docs/apollo/export-import/target-hub-versions/,Apollo,Apollo — Software delivery,P1,"Current official capability navigation entry; subsystem detail, implementation guidance, or API/tool documentation.",2026-07-27,Apollo — Documentation
Assign an Artifact Registry to an Environment,https://www.palantir.com/docs/apollo/managing-artifact-registries/assign-artifact-registry/,Apollo,Apollo — Software delivery,P1,"Current official capability navigation entry; subsystem detail, implementation guidance, or API/tool documentation.",2026-07-27,Apollo — Documentation
Create a new Artifact Registry,https://www.palantir.com/docs/apollo/managing-artifact-registries/create-artifact-registry/,Apollo,Apollo — Software delivery,P1,"Current official capability navigation entry; subsystem detail, implementation guidance, or API/tool documentation.",2026-07-27,Apollo — Documentation
Mirrored Artifact Registries,https://www.palantir.com/docs/apollo/managing-artifact-registries/mirrored-artifact-registries/,Apollo,Apollo — Software delivery,P1,"Current official capability navigation entry; subsystem detail, implementation guidance, or API/tool documentation.",2026-07-27,Apollo — Documentation
Managing Artifact Registries — Overview,https://www.palantir.com/docs/apollo/managing-artifact-registries/overview/,Apollo,Apollo — Software delivery,P1,"Current official capability navigation entry; subsystem detail, implementation guidance, or API/tool documentation.",2026-07-27,Apollo — Documentation
Change Requests,https://www.palantir.com/docs/apollo/managing-changes/change-requests/,Apollo,Apollo — Software delivery,P1,"Current official capability navigation entry; subsystem detail, implementation guidance, or API/tool documentation.",2026-07-27,Apollo — Documentation
Change Types,https://www.palantir.com/docs/apollo/managing-changes/change-types/,Apollo,Apollo — Software delivery,P1,"Current official capability navigation entry; subsystem detail, implementation guidance, or API/tool documentation.",2026-07-27,Apollo — Documentation
Managing Changes — Overview,https://www.palantir.com/docs/apollo/managing-changes/overview/,Apollo,Apollo — Software delivery,P1,"Current official capability navigation entry; subsystem detail, implementation guidance, or API/tool documentation.",2026-07-27,Apollo — Documentation
Required Approvers,https://www.palantir.com/docs/apollo/managing-changes/required-approvers/,Apollo,Apollo — Software delivery,P1,"Current official capability navigation entry; subsystem detail, implementation guidance, or API/tool documentation.",2026-07-27,Apollo — Documentation
Install software in your Environment,https://www.palantir.com/docs/apollo/managing-entities/add-and-edit-entities/,Apollo,Apollo — Software delivery,P1,"Current official capability navigation entry; subsystem detail, implementation guidance, or API/tool documentation.",2026-07-27,Apollo — Documentation | Apollo — Getting started
Managing Entities — Overview,https://www.palantir.com/docs/apollo/managing-entities/overview/,Apollo,Apollo — Software delivery,P1,"Current official capability navigation entry; subsystem detail, implementation guidance, or API/tool documentation.",2026-07-27,Apollo — Documentation
Prevent Product Release upgrades for an Entity,https://www.palantir.com/docs/apollo/managing-entities/prevent-product-release-upgrades-for-an-entity/,Apollo,Apollo — Software delivery,P1,"Current official capability navigation entry; subsystem detail, implementation guidance, or API/tool documentation.",2026-07-27,Apollo — Documentation
Reporting Entities,https://www.palantir.com/docs/apollo/managing-entities/report-entities/,Apollo,Apollo — Software delivery,P1,"Current official capability navigation entry; subsystem detail, implementation guidance, or API/tool documentation.",2026-07-27,Apollo — Documentation
Setting config overrides,https://www.palantir.com/docs/apollo/managing-entities/set-config-overrides/,Apollo,Apollo — Software delivery,P1,"Current official capability navigation entry; subsystem detail, implementation guidance, or API/tool documentation.",2026-07-27,Apollo — Documentation
Stopping and Starting Entities,https://www.palantir.com/docs/apollo/managing-entities/stopping-and-starting-entities/,Apollo,Apollo — Software delivery,P1,"Current official capability navigation entry; subsystem detail, implementation guidance, or API/tool documentation.",2026-07-27,Apollo — Documentation
Uninstalling and unmanaging Entities,https://www.palantir.com/docs/apollo/managing-entities/uninstalling-and-unmanaging-entities/,Apollo,Apollo — Software delivery,P1,"Current official capability navigation entry; subsystem detail, implementation guidance, or API/tool documentation.",2026-07-27,Apollo — Documentation
Issuing commands,https://www.palantir.com/docs/apollo/managing-entities/user-issued-commands/,Apollo,Apollo — Software delivery,P1,"Current official capability navigation entry; subsystem detail, implementation guidance, or API/tool documentation.",2026-07-27,Apollo — Documentation
Best practices for deploying software to new Environments,https://www.palantir.com/docs/apollo/managing-environments/best-practices/,Apollo,Apollo — Software delivery,P1,"Current official capability navigation entry; subsystem detail, implementation guidance, or API/tool documentation.",2026-07-27,Apollo — Documentation
Create and connect a new Apollo Environment,https://www.palantir.com/docs/apollo/managing-environments/connect-new-environment/,Apollo,Apollo — Software delivery,P1,"Current official capability navigation entry; subsystem detail, implementation guidance, or API/tool documentation.",2026-07-27,Apollo — Documentation
Create maintenance window overrides,https://www.palantir.com/docs/apollo/managing-environments/create-maintenance-window-overrides/,Apollo,Apollo — Software delivery,P1,"Current official capability navigation entry; subsystem detail, implementation guidance, or API/tool documentation.",2026-07-27,Apollo — Documentation
Deleting an Environment,https://www.palantir.com/docs/apollo/managing-environments/delete-environment/,Apollo,Apollo — Software delivery,P1,"Current official capability navigation entry; subsystem detail, implementation guidance, or API/tool documentation.",2026-07-27,Apollo — Documentation
Editing Environment management settings,https://www.palantir.com/docs/apollo/managing-environments/editing-environment-management-settings/,Apollo,Apollo — Software delivery,P1,"Current official capability navigation entry; subsystem detail, implementation guidance, or API/tool documentation.",2026-07-27,Apollo — Documentation | Apollo — Getting started
Environment Config,https://www.palantir.com/docs/apollo/managing-environments/environment-config/,Apollo,Apollo — Software delivery,P1,"Current official capability navigation entry; subsystem detail, implementation guidance, or API/tool documentation.",2026-07-27,Apollo — Documentation
Configure Environment connection settings,https://www.palantir.com/docs/apollo/managing-environments/environment-connection-settings/,Apollo,Apollo — Software delivery,P1,"Current official capability navigation entry; subsystem detail, implementation guidance, or API/tool documentation.",2026-07-27,Apollo — Documentation
Configure Environment edit source,https://www.palantir.com/docs/apollo/managing-environments/environment-edit-source/,Apollo,Apollo — Software delivery,P1,"Current official capability navigation entry; subsystem detail, implementation guidance, or API/tool documentation.",2026-07-27,Apollo — Documentation
Configure Environment settings,https://www.palantir.com/docs/apollo/managing-environments/environment-settings/,Apollo,Apollo — Software delivery,P1,"Current official capability navigation entry; subsystem detail, implementation guidance, or API/tool documentation.",2026-07-27,Apollo — Documentation | Apollo — Getting started
Managing Environments — Overview,https://www.palantir.com/docs/apollo/managing-environments/overview/,Apollo,Apollo — Software delivery,P1,"Current official capability navigation entry; subsystem detail, implementation guidance, or API/tool documentation.",2026-07-27,Apollo — Documentation
Kubernetes production cluster requirements,https://www.palantir.com/docs/apollo/managing-environments/spoke-environment-prerequisites/,Apollo,Apollo — Software delivery,P1,"Current official capability navigation entry; subsystem detail, implementation guidance, or API/tool documentation.",2026-07-27,Apollo — Documentation | Apollo — Getting started
Suppression windows and canceling Plans,https://www.palantir.com/docs/apollo/managing-environments/suppression-windows-and-cancelling-plans/,Apollo,Apollo — Software delivery,P1,"Current official capability navigation entry; subsystem detail, implementation guidance, or API/tool documentation.",2026-07-27,Apollo — Documentation
Create and delete a Kubernetes namespace,https://www.palantir.com/docs/apollo/managing-k8s-namespaces/create-delete-k8s-namespace/,Apollo,Apollo — Software delivery,P1,"Current official capability navigation entry; subsystem detail, implementation guidance, or API/tool documentation.",2026-07-27,Apollo — Documentation
Install an Entity in a Kubernetes namespace,https://www.palantir.com/docs/apollo/managing-k8s-namespaces/install-entity-in-k8s-namespace/,Apollo,Apollo — Software delivery,P1,"Current official capability navigation entry; subsystem detail, implementation guidance, or API/tool documentation.",2026-07-27,Apollo — Documentation
Managing K8s Namespaces — Overview,https://www.palantir.com/docs/apollo/managing-k8s-namespaces/overview/,Apollo,Apollo — Software delivery,P1,"Current official capability navigation entry; subsystem detail, implementation guidance, or API/tool documentation.",2026-07-27,Apollo — Documentation
Create labels,https://www.palantir.com/docs/apollo/managing-labels/create-labels/,Apollo,Apollo — Software delivery,P1,"Current official capability navigation entry; subsystem detail, implementation guidance, or API/tool documentation.",2026-07-27,Apollo — Documentation
Entity labels,https://www.palantir.com/docs/apollo/managing-labels/entity-labels/,Apollo,Apollo — Software delivery,P1,"Current official capability navigation entry; subsystem detail, implementation guidance, or API/tool documentation.",2026-07-27,Apollo — Documentation
Environment labels,https://www.palantir.com/docs/apollo/managing-labels/environment-labels/,Apollo,Apollo — Software delivery,P1,"Current official capability navigation entry; subsystem detail, implementation guidance, or API/tool documentation.",2026-07-27,Apollo — Documentation
Managing Labels — Overview,https://www.palantir.com/docs/apollo/managing-labels/overview/,Apollo,Apollo — Software delivery,P1,"Current official capability navigation entry; subsystem detail, implementation guidance, or API/tool documentation.",2026-07-27,Apollo — Documentation
Product Release labels,https://www.palantir.com/docs/apollo/managing-labels/product-release-labels/,Apollo,Apollo — Software delivery,P1,"Current official capability navigation entry; subsystem detail, implementation guidance, or API/tool documentation.",2026-07-27,Apollo — Documentation
Team labels,https://www.palantir.com/docs/apollo/managing-labels/team-labels/,Apollo,Apollo — Software delivery,P1,"Current official capability navigation entry; subsystem detail, implementation guidance, or API/tool documentation.",2026-07-27,Apollo — Documentation
Composite Modules,https://www.palantir.com/docs/apollo/managing-modules/composite-modules/,Apollo,Apollo — Software delivery,P1,"Current official capability navigation entry; subsystem detail, implementation guidance, or API/tool documentation.",2026-07-27,Apollo — Documentation
"Create, edit, and delete a Module",https://www.palantir.com/docs/apollo/managing-modules/create-module/,Apollo,Apollo — Software delivery,P1,"Current official capability navigation entry; subsystem detail, implementation guidance, or API/tool documentation.",2026-07-27,Apollo — Documentation
Store Module definitions in Git repositories,https://www.palantir.com/docs/apollo/managing-modules/git-module/,Apollo,Apollo — Software delivery,P1,"Current official capability navigation entry; subsystem detail, implementation guidance, or API/tool documentation.",2026-07-27,Apollo — Documentation
Install a Module,https://www.palantir.com/docs/apollo/managing-modules/install-module/,Apollo,Apollo — Software delivery,P1,"Current official capability navigation entry; subsystem detail, implementation guidance, or API/tool documentation.",2026-07-27,Apollo — Documentation
Managing Modules — Overview,https://www.palantir.com/docs/apollo/managing-modules/overview/,Apollo,Apollo — Software delivery,P1,"Current official capability navigation entry; subsystem detail, implementation guidance, or API/tool documentation.",2026-07-27,Apollo — Documentation
Update a Module installation,https://www.palantir.com/docs/apollo/managing-modules/update-module-installation/,Apollo,Apollo — Software delivery,P1,"Current official capability navigation entry; subsystem detail, implementation guidance, or API/tool documentation.",2026-07-27,Apollo — Documentation
Notifications,https://www.palantir.com/docs/apollo/managing-notifications/overview/,Apollo,Apollo — Software delivery,P1,"Current official capability navigation entry; subsystem detail, implementation guidance, or API/tool documentation.",2026-07-27,Apollo — Documentation
Team notifications,https://www.palantir.com/docs/apollo/managing-notifications/team-notifications/,Apollo,Apollo — Software delivery,P1,"Current official capability navigation entry; subsystem detail, implementation guidance, or API/tool documentation.",2026-07-27,Apollo — Documentation
User notifications,https://www.palantir.com/docs/apollo/managing-notifications/user-notifications/,Apollo,Apollo — Software delivery,P1,"Current official capability navigation entry; subsystem detail, implementation guidance, or API/tool documentation.",2026-07-27,Apollo — Documentation
Create a new Product,https://www.palantir.com/docs/apollo/managing-products/create-a-new-product/,Apollo,Apollo — Software delivery,P1,"Current official capability navigation entry; subsystem detail, implementation guidance, or API/tool documentation.",2026-07-27,Apollo — Documentation | Apollo — Getting started
Deleting Products and Releases,https://www.palantir.com/docs/apollo/managing-products/delete-product-and-product-release/,Apollo,Apollo — Software delivery,P1,"Current official capability navigation entry; subsystem detail, implementation guidance, or API/tool documentation.",2026-07-27,Apollo — Documentation
Managing Products — Overview,https://www.palantir.com/docs/apollo/managing-products/overview/,Apollo,Apollo — Software delivery,P1,"Current official capability navigation entry; subsystem detail, implementation guidance, or API/tool documentation.",2026-07-27,Apollo — Documentation
Edit Product display metadata,https://www.palantir.com/docs/apollo/managing-products/product-display-metadata/,Apollo,Apollo — Software delivery,P1,"Current official capability navigation entry; subsystem detail, implementation guidance, or API/tool documentation.",2026-07-27,Apollo — Documentation
Set Product maintenance windows,https://www.palantir.com/docs/apollo/managing-products/product-maintenance-window/,Apollo,Apollo — Software delivery,P1,"Current official capability navigation entry; subsystem detail, implementation guidance, or API/tool documentation.",2026-07-27,Apollo — Documentation | Apollo — Getting started
Creating Helm chart Releases,https://www.palantir.com/docs/apollo/managing-products/publishing-helm-charts/,Apollo,Apollo — Software delivery,P1,"Current official capability navigation entry; subsystem detail, implementation guidance, or API/tool documentation.",2026-07-27,Apollo — Documentation | Apollo — Getting started
Ramped rollouts,https://www.palantir.com/docs/apollo/managing-products/ramped-rollouts/,Apollo,Apollo — Software delivery,P1,"Current official capability navigation entry; subsystem detail, implementation guidance, or API/tool documentation.",2026-07-27,Apollo — Documentation
Tracking Product Releases,https://www.palantir.com/docs/apollo/managing-products/tracking-product-releases/,Apollo,Apollo — Software delivery,P1,"Current official capability navigation entry; subsystem detail, implementation guidance, or API/tool documentation.",2026-07-27,Apollo — Documentation
Configure a Release promotion pipeline,https://www.palantir.com/docs/apollo/managing-release-channels/configure-promotion-pipeline/,Apollo,Apollo — Software delivery,P1,"Current official capability navigation entry; subsystem detail, implementation guidance, or API/tool documentation.",2026-07-27,Apollo — Documentation | Apollo — Getting started
Create a custom Release Channel,https://www.palantir.com/docs/apollo/managing-release-channels/create-custom-release-channel/,Apollo,Apollo — Software delivery,P1,"Current official capability navigation entry; subsystem detail, implementation guidance, or API/tool documentation.",2026-07-27,Apollo — Documentation
Manually promote Releases,https://www.palantir.com/docs/apollo/managing-release-channels/manual-promotion/,Apollo,Apollo — Software delivery,P1,"Current official capability navigation entry; subsystem detail, implementation guidance, or API/tool documentation.",2026-07-27,Apollo — Documentation | Apollo — Getting started
Managing Release Channels — Overview,https://www.palantir.com/docs/apollo/managing-release-channels/overview/,Apollo,Apollo — Software delivery,P1,"Current official capability navigation entry; subsystem detail, implementation guidance, or API/tool documentation.",2026-07-27,Apollo — Documentation
"Add, edit, and delete secrets",https://www.palantir.com/docs/apollo/managing-secrets/add-edit-delete-secrets/,Apollo,Apollo — Software delivery,P1,"Current official capability navigation entry; subsystem detail, implementation guidance, or API/tool documentation.",2026-07-27,Apollo — Documentation
Managing Secrets — Overview,https://www.palantir.com/docs/apollo/managing-secrets/overview/,Apollo,Apollo — Software delivery,P1,"Current official capability navigation entry; subsystem detail, implementation guidance, or API/tool documentation.",2026-07-27,Apollo — Documentation
Reference and use secrets,https://www.palantir.com/docs/apollo/managing-secrets/reference-and-use-secrets/,Apollo,Apollo — Software delivery,P1,"Current official capability navigation entry; subsystem detail, implementation guidance, or API/tool documentation.",2026-07-27,Apollo — Documentation
Create a new team,https://www.palantir.com/docs/apollo/managing-teams/create-new-team/,Apollo,Apollo — Software delivery,P1,"Current official capability navigation entry; subsystem detail, implementation guidance, or API/tool documentation.",2026-07-27,Apollo — Documentation
Teams,https://www.palantir.com/docs/apollo/managing-teams/overview/,Apollo,Apollo — Software delivery,P1,"Current official capability navigation entry; subsystem detail, implementation guidance, or API/tool documentation.",2026-07-27,Apollo — Documentation
Team contacts,https://www.palantir.com/docs/apollo/managing-teams/team-contacts/,Apollo,Apollo — Software delivery,P1,"Current official capability navigation entry; subsystem detail, implementation guidance, or API/tool documentation.",2026-07-27,Apollo — Documentation
View or edit existing teams,https://www.palantir.com/docs/apollo/managing-teams/view-edit-existing-teams/,Apollo,Apollo — Software delivery,P1,"Current official capability navigation entry; subsystem detail, implementation guidance, or API/tool documentation.",2026-07-27,Apollo — Documentation
Upgrade Entities to CVE-recalled Releases,https://www.palantir.com/docs/apollo/managing-vulnerabilities/cve-recalled-releases-upgrades/,Apollo,Apollo — Software delivery,P1,"Current official capability navigation entry; subsystem detail, implementation guidance, or API/tool documentation.",2026-07-27,Apollo — Documentation
Manage security workflows,https://www.palantir.com/docs/apollo/managing-vulnerabilities/overview/,Apollo,Apollo — Software delivery,P1,"Current official capability navigation entry; subsystem detail, implementation guidance, or API/tool documentation.",2026-07-27,Apollo — Documentation | Apollo — Getting started
Add security information to promotion evaluation,https://www.palantir.com/docs/apollo/managing-vulnerabilities/promotion-evaluation-security/,Apollo,Apollo — Software delivery,P1,"Current official capability navigation entry; subsystem detail, implementation guidance, or API/tool documentation.",2026-07-27,Apollo — Documentation
Remediating vulnerabilities,https://www.palantir.com/docs/apollo/managing-vulnerabilities/remediating-vulnerabilities/,Apollo,Apollo — Software delivery,P1,"Current official capability navigation entry; subsystem detail, implementation guidance, or API/tool documentation.",2026-07-27,Apollo — Documentation
Vulnerability scanning,https://www.palantir.com/docs/apollo/managing-vulnerabilities/vulnerability-scanning/,Apollo,Apollo — Software delivery,P1,"Current official capability navigation entry; subsystem detail, implementation guidance, or API/tool documentation.",2026-07-27,Apollo — Documentation
Vulnerability suppressions,https://www.palantir.com/docs/apollo/managing-vulnerabilities/vulnerability-suppressions/,Apollo,Apollo — Software delivery,P1,"Current official capability navigation entry; subsystem detail, implementation guidance, or API/tool documentation.",2026-07-27,Apollo — Documentation
Recalling Releases — Overview,https://www.palantir.com/docs/apollo/recalling-releases/overview/,Apollo,Apollo — Software delivery,P1,"Current official capability navigation entry; subsystem detail, implementation guidance, or API/tool documentation.",2026-07-27,Apollo — Documentation
Recall ranges,https://www.palantir.com/docs/apollo/recalling-releases/recall-ranges/,Apollo,Apollo — Software delivery,P1,"Current official capability navigation entry; subsystem detail, implementation guidance, or API/tool documentation.",2026-07-27,Apollo — Documentation
"Issue, edit, and revert a recall",https://www.palantir.com/docs/apollo/recalling-releases/recall-release/,Apollo,Apollo — Software delivery,P1,"Current official capability navigation entry; subsystem detail, implementation guidance, or API/tool documentation.",2026-07-27,Apollo — Documentation | Apollo — Getting started
Roll your Environments onto a safe Release,https://www.palantir.com/docs/apollo/recalling-releases/roll-off-strategies/,Apollo,Apollo — Software delivery,P1,"Current official capability navigation entry; subsystem detail, implementation guidance, or API/tool documentation.",2026-07-27,Apollo — Documentation | Apollo — Getting started
Documentation,https://www.palantir.com/docs/foundry/,Foundry & AIP,Cross-capability / platform,P1,"Current official capability navigation entry; subsystem detail, implementation guidance, or API/tool documentation.",2026-07-27,AI Platform (AIP) | Analytics | Apollo — Documentation | Apollo — Getting started | Apollo — Reference | Data connectivity & integration | Developer toolchain | Gotham — Security | Management & enablement | Model connectivity & development | Observability | Ontology building | Product delivery | Security & governance | Use case development
Action log,https://www.palantir.com/docs/foundry/action-types/action-log/,Foundry & AIP,Ontology building,P0,Official architectural spine or core ontology lifecycle page; reviewed directly in the research synthesis.,2026-07-27,Ontology building
Action metrics,https://www.palantir.com/docs/foundry/action-types/action-metrics/,Foundry & AIP,Cross-capability / platform,P1,"Current official capability navigation entry; subsystem detail, implementation guidance, or API/tool documentation.",2026-07-27,Observability | Ontology building
Undo or revert Actions,https://www.palantir.com/docs/foundry/action-types/action-reverts/,Foundry & AIP,Ontology building,P1,"Current official capability navigation entry; subsystem detail, implementation guidance, or API/tool documentation.",2026-07-27,Ontology building
Actions on interfaces,https://www.palantir.com/docs/foundry/action-types/actions-on-interfaces/,Foundry & AIP,Ontology building,P1,"Current official capability navigation entry; subsystem detail, implementation guidance, or API/tool documentation.",2026-07-27,Ontology building
Actions on structs,https://www.palantir.com/docs/foundry/action-types/actions-on-structs/,Foundry & AIP,Ontology building,P1,"Current official capability navigation entry; subsystem detail, implementation guidance, or API/tool documentation.",2026-07-27,Ontology building
Branching action types,https://www.palantir.com/docs/foundry/action-types/branching-action-types/,Foundry & AIP,Ontology building,P1,"Current official capability navigation entry; subsystem detail, implementation guidance, or API/tool documentation.",2026-07-27,Ontology building
Configure sections,https://www.palantir.com/docs/foundry/action-types/configure-sections/,Foundry & AIP,Ontology building,P1,"Current official capability navigation entry; subsystem detail, implementation guidance, or API/tool documentation.",2026-07-27,Ontology building
Object dropdown security considerations,https://www.palantir.com/docs/foundry/action-types/dropdown-security/,Foundry & AIP,Ontology building,P1,"Current official capability navigation entry; subsystem detail, implementation guidance, or API/tool documentation.",2026-07-27,Ontology building
Batched execution,https://www.palantir.com/docs/foundry/action-types/function-actions-batched-execution/,Foundry & AIP,Ontology building,P1,"Current official capability navigation entry; subsystem detail, implementation guidance, or API/tool documentation.",2026-07-27,Ontology building
Action Types — Getting Started,https://www.palantir.com/docs/foundry/action-types/function-actions-getting-started/,Foundry & AIP,Ontology building,P1,"Current official capability navigation entry; subsystem detail, implementation guidance, or API/tool documentation.",2026-07-27,Ontology building
Action Types — Overview,https://www.palantir.com/docs/foundry/action-types/function-actions-overview/,Foundry & AIP,Ontology building,P1,"Current official capability navigation entry; subsystem detail, implementation guidance, or API/tool documentation.",2026-07-27,Ontology building
Action Types — Getting Started,https://www.palantir.com/docs/foundry/action-types/getting-started/,Foundry & AIP,Ontology building,P1,"Current official capability navigation entry; subsystem detail, implementation guidance, or API/tool documentation.",2026-07-27,Ontology building
Inline edits,https://www.palantir.com/docs/foundry/action-types/inline-edits/,Foundry & AIP,Ontology building,P1,"Current official capability navigation entry; subsystem detail, implementation guidance, or API/tool documentation.",2026-07-27,Ontology building
Add action types to a Marketplace product,https://www.palantir.com/docs/foundry/action-types/marketplace-action-types/,Foundry & AIP,Ontology building,P1,"Current official capability navigation entry; subsystem detail, implementation guidance, or API/tool documentation.",2026-07-27,Ontology building
Monitoring,https://www.palantir.com/docs/foundry/action-types/monitoring/,Foundry & AIP,Ontology building,P1,"Current official capability navigation entry; subsystem detail, implementation guidance, or API/tool documentation.",2026-07-27,Ontology building
Notifications,https://www.palantir.com/docs/foundry/action-types/notifications/,Foundry & AIP,Ontology building,P1,"Current official capability navigation entry; subsystem detail, implementation guidance, or API/tool documentation.",2026-07-27,Ontology building
action types,https://www.palantir.com/docs/foundry/action-types/overview/,Foundry & AIP,Ontology building,P0,Official architectural spine or core ontology lifecycle page; reviewed directly in the research synthesis.,2026-07-27,Ontology building
Action Types — Overview,https://www.palantir.com/docs/foundry/action-types/parameter-overview/,Foundry & AIP,Ontology building,P1,"Current official capability navigation entry; subsystem detail, implementation guidance, or API/tool documentation.",2026-07-27,Ontology building
Performance considerations,https://www.palantir.com/docs/foundry/action-types/parameter-performance-considerations/,Foundry & AIP,Ontology building,P1,"Current official capability navigation entry; subsystem detail, implementation guidance, or API/tool documentation.",2026-07-27,Ontology building
Set parameter default value,https://www.palantir.com/docs/foundry/action-types/parameters-default-value/,Foundry & AIP,Ontology building,P1,"Current official capability navigation entry; subsystem detail, implementation guidance, or API/tool documentation.",2026-07-27,Ontology building
Filter results of a parameter dropdown,https://www.palantir.com/docs/foundry/action-types/parameters-filter/,Foundry & AIP,Ontology building,P1,"Current official capability navigation entry; subsystem detail, implementation guidance, or API/tool documentation.",2026-07-27,Ontology building
Override parameter configurations,https://www.palantir.com/docs/foundry/action-types/parameters-override/,Foundry & AIP,Ontology building,P1,"Current official capability navigation entry; subsystem detail, implementation guidance, or API/tool documentation.",2026-07-27,Ontology building
Action Types — Permissions,https://www.palantir.com/docs/foundry/action-types/permissions/,Foundry & AIP,Ontology building,P0,Official architectural spine or core ontology lifecycle page; reviewed directly in the research synthesis.,2026-07-27,Ontology building
Rules,https://www.palantir.com/docs/foundry/action-types/rules/,Foundry & AIP,Ontology building,P1,"Current official capability navigation entry; subsystem detail, implementation guidance, or API/tool documentation.",2026-07-27,Ontology building
Scale and property limits,https://www.palantir.com/docs/foundry/action-types/scale-property-limits/,Foundry & AIP,Ontology building,P1,"Current official capability navigation entry; subsystem detail, implementation guidance, or API/tool documentation.",2026-07-27,Ontology building
Set up a notification,https://www.palantir.com/docs/foundry/action-types/set-up-notification/,Foundry & AIP,Ontology building,P1,"Current official capability navigation entry; subsystem detail, implementation guidance, or API/tool documentation.",2026-07-27,Ontology building
Set up a webhook,https://www.palantir.com/docs/foundry/action-types/set-up-webhook/,Foundry & AIP,Ontology building,P1,"Current official capability navigation entry; subsystem detail, implementation guidance, or API/tool documentation.",2026-07-27,Ontology building
Action Types — Overview,https://www.palantir.com/docs/foundry/action-types/side-effects-overview/,Foundry & AIP,Ontology building,P1,"Current official capability navigation entry; subsystem detail, implementation guidance, or API/tool documentation.",2026-07-27,Ontology building
Submission criteria,https://www.palantir.com/docs/foundry/action-types/submission-criteria/,Foundry & AIP,Ontology building,P1,"Current official capability navigation entry; subsystem detail, implementation guidance, or API/tool documentation.",2026-07-27,Ontology building
Trigger schedule build,https://www.palantir.com/docs/foundry/action-types/trigger-schedule-build/,Foundry & AIP,Ontology building,P1,"Current official capability navigation entry; subsystem detail, implementation guidance, or API/tool documentation.",2026-07-27,Ontology building
Upload attachments,https://www.palantir.com/docs/foundry/action-types/upload-attachments/,Foundry & AIP,Ontology building,P1,"Current official capability navigation entry; subsystem detail, implementation guidance, or API/tool documentation.",2026-07-27,Ontology building
Upload media,https://www.palantir.com/docs/foundry/action-types/upload-media/,Foundry & AIP,Ontology building,P1,"Current official capability navigation entry; subsystem detail, implementation guidance, or API/tool documentation.",2026-07-27,Ontology building
Use actions in the platform,https://www.palantir.com/docs/foundry/action-types/use-actions/,Foundry & AIP,Ontology building,P1,"Current official capability navigation entry; subsystem detail, implementation guidance, or API/tool documentation.",2026-07-27,Ontology building
Webhooks,https://www.palantir.com/docs/foundry/action-types/webhooks/,Foundry & AIP,Ontology building,P0,Official architectural spine or core ontology lifecycle page; reviewed directly in the research synthesis.,2026-07-27,Ontology building
Analyze user activity metrics,https://www.palantir.com/docs/foundry/administration/analyze-user-activity-metrics/,Foundry & AIP,Management & enablement,P1,"Current official capability navigation entry; subsystem detail, implementation guidance, or API/tool documentation.",2026-07-27,Management & enablement
Configure application access,https://www.palantir.com/docs/foundry/administration/configure-application-access/,Foundry & AIP,Management & enablement,P1,"Current official capability navigation entry; subsystem detail, implementation guidance, or API/tool documentation.",2026-07-27,Management & enablement
Configure cloud identities,https://www.palantir.com/docs/foundry/administration/configure-cloud-identities/,Foundry & AIP,Management & enablement,P1,"Current official capability navigation entry; subsystem detail, implementation guidance, or API/tool documentation.",2026-07-27,Management & enablement
Configure Code Workbook profiles,https://www.palantir.com/docs/foundry/administration/configure-code-workbook-profiles/,Foundry & AIP,Management & enablement,P1,"Current official capability navigation entry; subsystem detail, implementation guidance, or API/tool documentation.",2026-07-27,Management & enablement
Configure CORS (cross-origin resource sharing),https://www.palantir.com/docs/foundry/administration/configure-cors/,Foundry & AIP,Management & enablement,P1,"Current official capability navigation entry; subsystem detail, implementation guidance, or API/tool documentation.",2026-07-27,Management & enablement
Configure documentation provider,https://www.palantir.com/docs/foundry/administration/configure-documentation-provider/,Foundry & AIP,Management & enablement,P1,"Current official capability navigation entry; subsystem detail, implementation guidance, or API/tool documentation.",2026-07-27,Management & enablement
Configure domains and certificates,https://www.palantir.com/docs/foundry/administration/configure-domains-and-certificates/,Foundry & AIP,Management & enablement,P1,"Current official capability navigation entry; subsystem detail, implementation guidance, or API/tool documentation.",2026-07-27,Management & enablement
Configure egress certificates,https://www.palantir.com/docs/foundry/administration/configure-egress-certificates/,Foundry & AIP,Management & enablement,P1,"Current official capability navigation entry; subsystem detail, implementation guidance, or API/tool documentation.",2026-07-27,Management & enablement
Configure egress,https://www.palantir.com/docs/foundry/administration/configure-egress/,Foundry & AIP,Management & enablement,P1,"Current official capability navigation entry; subsystem detail, implementation guidance, or API/tool documentation.",2026-07-27,Management & enablement
Configure file access presets,https://www.palantir.com/docs/foundry/administration/configure-file-access-presets/,Foundry & AIP,Management & enablement,P1,"Current official capability navigation entry; subsystem detail, implementation guidance, or API/tool documentation.",2026-07-27,Management & enablement
Configure ingress,https://www.palantir.com/docs/foundry/administration/configure-ingress/,Foundry & AIP,Management & enablement,P1,"Current official capability navigation entry; subsystem detail, implementation guidance, or API/tool documentation.",2026-07-27,Management & enablement
Learn more about exporting logs to a stream on the Configure logging page.,https://www.palantir.com/docs/foundry/administration/configure-logging/,Foundry & AIP,Cross-capability / platform,P1,"Current official capability navigation entry; subsystem detail, implementation guidance, or API/tool documentation.",2026-07-27,Management & enablement | Observability
Configure outbound applications,https://www.palantir.com/docs/foundry/administration/configure-outbound-applications/,Foundry & AIP,Management & enablement,P1,"Current official capability navigation entry; subsystem detail, implementation guidance, or API/tool documentation.",2026-07-27,Management & enablement
Configure platform experience settings,https://www.palantir.com/docs/foundry/administration/configure-platform-experience/,Foundry & AIP,Management & enablement,P1,"Current official capability navigation entry; subsystem detail, implementation guidance, or API/tool documentation.",2026-07-27,Management & enablement
Configure private link egress for AWS,https://www.palantir.com/docs/foundry/administration/configure-private-link-egress-aws/,Foundry & AIP,Management & enablement,P1,"Current official capability navigation entry; subsystem detail, implementation guidance, or API/tool documentation.",2026-07-27,Management & enablement
Configure private link egress for Azure,https://www.palantir.com/docs/foundry/administration/configure-private-link-egress-azure/,Foundry & AIP,Management & enablement,P1,"Current official capability navigation entry; subsystem detail, implementation guidance, or API/tool documentation.",2026-07-27,Management & enablement
Configure private link egress,https://www.palantir.com/docs/foundry/administration/configure-private-link-egress/,Foundry & AIP,Management & enablement,P1,"Current official capability navigation entry; subsystem detail, implementation guidance, or API/tool documentation.",2026-07-27,Management & enablement
Configure remote Marketplace stores,https://www.palantir.com/docs/foundry/administration/configure-remote-marketplace-stores/,Foundry & AIP,Management & enablement,P1,"Current official capability navigation entry; subsystem detail, implementation guidance, or API/tool documentation.",2026-07-27,Management & enablement
Configure RStudio® license,https://www.palantir.com/docs/foundry/administration/configure-rstudio-license/,Foundry & AIP,Management & enablement,P1,"Current official capability navigation entry; subsystem detail, implementation guidance, or API/tool documentation.",2026-07-27,Management & enablement
Configure scoped sessions,https://www.palantir.com/docs/foundry/administration/configure-scoped-sessions/,Foundry & AIP,Management & enablement,P1,"Current official capability navigation entry; subsystem detail, implementation guidance, or API/tool documentation.",2026-07-27,Management & enablement
Configure support teams,https://www.palantir.com/docs/foundry/administration/configure-support-teams/,Foundry & AIP,Management & enablement,P1,"Current official capability navigation entry; subsystem detail, implementation guidance, or API/tool documentation.",2026-07-27,Management & enablement
Configure support types,https://www.palantir.com/docs/foundry/administration/configure-support-types/,Foundry & AIP,Management & enablement,P1,"Current official capability navigation entry; subsystem detail, implementation guidance, or API/tool documentation.",2026-07-27,Management & enablement
Configure user and group visibility,https://www.palantir.com/docs/foundry/administration/configure-user-and-group-visibility/,Foundry & AIP,Management & enablement,P1,"Current official capability navigation entry; subsystem detail, implementation guidance, or API/tool documentation.",2026-07-27,Management & enablement
Configure VPN ingress,https://www.palantir.com/docs/foundry/administration/configure-vpn-ingress/,Foundry & AIP,Management & enablement,P1,"Current official capability navigation entry; subsystem detail, implementation guidance, or API/tool documentation.",2026-07-27,Management & enablement
Configure Workshop,https://www.palantir.com/docs/foundry/administration/configure-workshop/,Foundry & AIP,Management & enablement,P1,"Current official capability navigation entry; subsystem detail, implementation guidance, or API/tool documentation.",2026-07-27,Management & enablement
Configure workspaces,https://www.palantir.com/docs/foundry/administration/configure-workspaces/,Foundry & AIP,Management & enablement,P1,"Current official capability navigation entry; subsystem detail, implementation guidance, or API/tool documentation.",2026-07-27,Management & enablement
Connected hubs,https://www.palantir.com/docs/foundry/administration/connected-hubs/,Foundry & AIP,Management & enablement,P1,"Current official capability navigation entry; subsystem detail, implementation guidance, or API/tool documentation.",2026-07-27,Management & enablement
Container governance,https://www.palantir.com/docs/foundry/administration/container-governance/,Foundry & AIP,Management & enablement,P1,"Current official capability navigation entry; subsystem detail, implementation guidance, or API/tool documentation.",2026-07-27,Management & enablement
Container restrictions,https://www.palantir.com/docs/foundry/administration/container-restrictions/,Foundry & AIP,Management & enablement,P1,"Current official capability navigation entry; subsystem detail, implementation guidance, or API/tool documentation.",2026-07-27,Management & enablement
Approvals in Control Panel,https://www.palantir.com/docs/foundry/administration/control-panel-approvals/,Foundry & AIP,Management & enablement,P1,"Current official capability navigation entry; subsystem detail, implementation guidance, or API/tool documentation.",2026-07-27,Management & enablement
Control Panel,https://www.palantir.com/docs/foundry/administration/control-panel/,Foundry & AIP,Management & enablement,P1,"Current official capability navigation entry; subsystem detail, implementation guidance, or API/tool documentation.",2026-07-27,Management & enablement
Embed resources externally,https://www.palantir.com/docs/foundry/administration/embed-foundry-externally/,Foundry & AIP,Management & enablement,P1,"Current official capability navigation entry; subsystem detail, implementation guidance, or API/tool documentation.",2026-07-27,Management & enablement
Managing access,https://www.palantir.com/docs/foundry/administration/enrollments-and-organizations-access/,Foundry & AIP,Management & enablement,P1,"Current official capability navigation entry; subsystem detail, implementation guidance, or API/tool documentation.",2026-07-27,Management & enablement
Administration — Permissions,https://www.palantir.com/docs/foundry/administration/enrollments-and-organizations-permissions/,Foundry & AIP,Management & enablement,P1,"Current official capability navigation entry; subsystem detail, implementation guidance, or API/tool documentation.",2026-07-27,Management & enablement
Retention policies,https://www.palantir.com/docs/foundry/administration/enrollments-and-organizations-retention/,Foundry & AIP,Management & enablement,P1,"Current official capability navigation entry; subsystem detail, implementation guidance, or API/tool documentation.",2026-07-27,Management & enablement
Learn more about managing enrollments.,https://www.palantir.com/docs/foundry/administration/enrollments-and-organizations/,Foundry & AIP,Management & enablement,P1,"Current official capability navigation entry; subsystem detail, implementation guidance, or API/tool documentation.",2026-07-27,Management & enablement
Internal dataset export,https://www.palantir.com/docs/foundry/administration/internal-dataset-export/,Foundry & AIP,Management & enablement,P1,"Current official capability navigation entry; subsystem detail, implementation guidance, or API/tool documentation.",2026-07-27,Management & enablement
Network egress observability,https://www.palantir.com/docs/foundry/administration/network-egress-observability/,Foundry & AIP,Management & enablement,P1,"Current official capability navigation entry; subsystem detail, implementation guidance, or API/tool documentation.",2026-07-27,Management & enablement
Management & enablement,https://www.palantir.com/docs/foundry/administration/overview/,Foundry & AIP,Management & enablement,P0,Official architectural spine or core ontology lifecycle page; reviewed directly in the research synthesis.,2026-07-27,AI Platform (AIP) | Analytics | Data connectivity & integration | Developer toolchain | Management & enablement | Model connectivity & development | Observability | Ontology building | Product delivery | Security & governance | Use case development
Configure contact information,https://www.palantir.com/docs/foundry/administration/platform-communications/,Foundry & AIP,Management & enablement,P1,"Current official capability navigation entry; subsystem detail, implementation guidance, or API/tool documentation.",2026-07-27,Management & enablement
Agent templates,https://www.palantir.com/docs/foundry/agents/agent-templates/,Foundry & AIP,Developer toolchain,P1,"Current official capability navigation entry; subsystem detail, implementation guidance, or API/tool documentation.",2026-07-27,Developer toolchain
Build an agent with Continue,https://www.palantir.com/docs/foundry/agents/build-agent-continue/,Foundry & AIP,Developer toolchain,P1,"Current official capability navigation entry; subsystem detail, implementation guidance, or API/tool documentation.",2026-07-27,Developer toolchain
Build an agent in Foundry,https://www.palantir.com/docs/foundry/agents/create-agent/,Foundry & AIP,Developer toolchain,P1,"Current official capability navigation entry; subsystem detail, implementation guidance, or API/tool documentation.",2026-07-27,Developer toolchain
Agents — Overview,https://www.palantir.com/docs/foundry/agents/overview/,Foundry & AIP,Developer toolchain,P1,"Current official capability navigation entry; subsystem detail, implementation guidance, or API/tool documentation.",2026-07-27,Developer toolchain
Publish and call an agent,https://www.palantir.com/docs/foundry/agents/publish-and-call/,Foundry & AIP,Developer toolchain,P1,"Current official capability navigation entry; subsystem detail, implementation guidance, or API/tool documentation.",2026-07-27,Developer toolchain
Scoped permissions,https://www.palantir.com/docs/foundry/agents/scoped-permissions/,Foundry & AIP,Developer toolchain,P1,"Current official capability navigation entry; subsystem detail, implementation guidance, or API/tool documentation.",2026-07-27,Developer toolchain
Connect to external systems,https://www.palantir.com/docs/foundry/agents/sources/,Foundry & AIP,Developer toolchain,P1,"Current official capability navigation entry; subsystem detail, implementation guidance, or API/tool documentation.",2026-07-27,Developer toolchain
Use cases,https://www.palantir.com/docs/foundry/agents/use-cases/,Foundry & AIP,Developer toolchain,P1,"Current official capability navigation entry; subsystem detail, implementation guidance, or API/tool documentation.",2026-07-27,Developer toolchain
Best practices,https://www.palantir.com/docs/foundry/ai-fde/best-practices/,Foundry & AIP,AI Platform (AIP),P1,"Current official capability navigation entry; subsystem detail, implementation guidance, or API/tool documentation.",2026-07-27,AI Platform (AIP)
Modes and capabilities,https://www.palantir.com/docs/foundry/ai-fde/modes-and-capabilities/,Foundry & AIP,AI Platform (AIP),P1,"Current official capability navigation entry; subsystem detail, implementation guidance, or API/tool documentation.",2026-07-27,AI Platform (AIP)
Ai Fde — Navigation,https://www.palantir.com/docs/foundry/ai-fde/navigation/,Foundry & AIP,AI Platform (AIP),P1,"Current official capability navigation entry; subsystem detail, implementation guidance, or API/tool documentation.",2026-07-27,AI Platform (AIP)
Ai Fde — Overview,https://www.palantir.com/docs/foundry/ai-fde/overview/,Foundry & AIP,AI Platform (AIP),P1,"Current official capability navigation entry; subsystem detail, implementation guidance, or API/tool documentation.",2026-07-27,AI Platform (AIP)
Security and governance,https://www.palantir.com/docs/foundry/ai-fde/security-and-governance/,Foundry & AIP,AI Platform (AIP),P1,"Current official capability navigation entry; subsystem detail, implementation guidance, or API/tool documentation.",2026-07-27,AI Platform (AIP)
Analysis resources,https://www.palantir.com/docs/foundry/aip-analyst/analysis-resources/,Foundry & AIP,AI Platform (AIP),P1,"Current official capability navigation entry; subsystem detail, implementation guidance, or API/tool documentation.",2026-07-27,AI Platform (AIP)
Capabilities,https://www.palantir.com/docs/foundry/aip-analyst/capabilities/,Foundry & AIP,AI Platform (AIP),P1,"Current official capability navigation entry; subsystem detail, implementation guidance, or API/tool documentation.",2026-07-27,AI Platform (AIP)
Embed AIP Analyst,https://www.palantir.com/docs/foundry/aip-analyst/embed/,Foundry & AIP,AI Platform (AIP),P1,"Current official capability navigation entry; subsystem detail, implementation guidance, or API/tool documentation.",2026-07-27,AI Platform (AIP)
AIP Analyst — Overview,https://www.palantir.com/docs/foundry/aip-analyst/overview/,Foundry & AIP,AI Platform (AIP),P1,"Current official capability navigation entry; subsystem detail, implementation guidance, or API/tool documentation.",2026-07-27,AI Platform (AIP)
Using AIP Analyst,https://www.palantir.com/docs/foundry/aip-analyst/using-aip-analyst/,Foundry & AIP,AI Platform (AIP),P1,"Current official capability navigation entry; subsystem detail, implementation guidance, or API/tool documentation.",2026-07-27,AI Platform (AIP)
Workshop widget,https://www.palantir.com/docs/foundry/aip-analyst/workshop-widget/,Foundry & AIP,AI Platform (AIP),P1,"Current official capability navigation entry; subsystem detail, implementation guidance, or API/tool documentation.",2026-07-27,AI Platform (AIP)
Analyze run results,https://www.palantir.com/docs/foundry/aip-evals/analyze-run-results/,Foundry & AIP,AI Platform (AIP),P1,"Current official capability navigation entry; subsystem detail, implementation guidance, or API/tool documentation.",2026-07-27,AI Platform (AIP)
Create an evaluation suite,https://www.palantir.com/docs/foundry/aip-evals/create-suite/,Foundry & AIP,AI Platform (AIP),P1,"Current official capability navigation entry; subsystem detail, implementation guidance, or API/tool documentation.",2026-07-27,AI Platform (AIP)
Run experiments,https://www.palantir.com/docs/foundry/aip-evals/experiments/,Foundry & AIP,AI Platform (AIP),P1,"Current official capability navigation entry; subsystem detail, implementation guidance, or API/tool documentation.",2026-07-27,AI Platform (AIP)
Evaluation suites for Logic functions,https://www.palantir.com/docs/foundry/aip-evals/getting-started/,Foundry & AIP,AI Platform (AIP),P1,"Current official capability navigation entry; subsystem detail, implementation guidance, or API/tool documentation.",2026-07-27,AI Platform (AIP)
Use intermediate parameters to evaluate block output,https://www.palantir.com/docs/foundry/aip-evals/intermediate-parameters/,Foundry & AIP,AI Platform (AIP),P1,"Current official capability navigation entry; subsystem detail, implementation guidance, or API/tool documentation.",2026-07-27,AI Platform (AIP)
View results in metrics dashboard,https://www.palantir.com/docs/foundry/aip-evals/metrics-dashboard/,Foundry & AIP,AI Platform (AIP),P1,"Current official capability navigation entry; subsystem detail, implementation guidance, or API/tool documentation.",2026-07-27,AI Platform (AIP)
Evaluate Ontology edits,https://www.palantir.com/docs/foundry/aip-evals/ontology-edits/,Foundry & AIP,AI Platform (AIP),P1,"Current official capability navigation entry; subsystem detail, implementation guidance, or API/tool documentation.",2026-07-27,AI Platform (AIP)
AIP Evals — Overview,https://www.palantir.com/docs/foundry/aip-evals/overview/,Foundry & AIP,AI Platform (AIP),P1,"Current official capability navigation entry; subsystem detail, implementation guidance, or API/tool documentation.",2026-07-27,AI Platform (AIP)
Write run results to a dataset,https://www.palantir.com/docs/foundry/aip-evals/results-dataset/,Foundry & AIP,AI Platform (AIP),P1,"Current official capability navigation entry; subsystem detail, implementation guidance, or API/tool documentation.",2026-07-27,AI Platform (AIP)
Run an evaluation suite,https://www.palantir.com/docs/foundry/aip-evals/run-suite/,Foundry & AIP,AI Platform (AIP),P1,"Current official capability navigation entry; subsystem detail, implementation guidance, or API/tool documentation.",2026-07-27,AI Platform (AIP)
Log permissions,https://www.palantir.com/docs/foundry/aip-observability/log-permissioning/,Foundry & AIP,Observability,P1,"Current official capability navigation entry; subsystem detail, implementation guidance, or API/tool documentation.",2026-07-27,Observability
search across logs,https://www.palantir.com/docs/foundry/aip-observability/log-search/,Foundry & AIP,Observability,P1,"Current official capability navigation entry; subsystem detail, implementation guidance, or API/tool documentation.",2026-07-27,Observability
metrics,https://www.palantir.com/docs/foundry/aip-observability/metrics/,Foundry & AIP,Observability,P1,"Current official capability navigation entry; subsystem detail, implementation guidance, or API/tool documentation.",2026-07-27,Observability
AIP observability documentation,https://www.palantir.com/docs/foundry/aip-observability/overview/,Foundry & AIP,Cross-capability / platform,P1,"Current official capability navigation entry; subsystem detail, implementation guidance, or API/tool documentation.",2026-07-27,AI Platform (AIP) | Observability
Performance monitoring and optimization,https://www.palantir.com/docs/foundry/aip-observability/performance-monitoring-and-optimization/,Foundry & AIP,Observability,P1,"Current official capability navigation entry; subsystem detail, implementation guidance, or API/tool documentation.",2026-07-27,Observability
execution history,https://www.palantir.com/docs/foundry/aip-observability/run-history/,Foundry & AIP,Observability,P1,"Current official capability navigation entry; subsystem detail, implementation guidance, or API/tool documentation.",2026-07-27,Observability
Logging and debugging,https://www.palantir.com/docs/foundry/aip-observability/service-logs-and-debugging/,Foundry & AIP,Observability,P1,"Current official capability navigation entry; subsystem detail, implementation guidance, or API/tool documentation.",2026-07-27,Observability
distributed tracing,https://www.palantir.com/docs/foundry/aip-observability/trace-view/,Foundry & AIP,Observability,P1,"Current official capability navigation entry; subsystem detail, implementation guidance, or API/tool documentation.",2026-07-27,Observability
Compute usage with AIP,https://www.palantir.com/docs/foundry/aip/aip-compute-usage/,Foundry & AIP,AI Platform (AIP),P1,"Current official capability navigation entry; subsystem detail, implementation guidance, or API/tool documentation.",2026-07-27,AI Platform (AIP)
AIP application reference,https://www.palantir.com/docs/foundry/aip/aip-features/,Foundry & AIP,AI Platform (AIP),P1,"Current official capability navigation entry; subsystem detail, implementation guidance, or API/tool documentation.",2026-07-27,AI Platform (AIP)
AIP observability,https://www.palantir.com/docs/foundry/aip/aip-observability/,Foundry & AIP,AI Platform (AIP),P1,"Current official capability navigation entry; subsystem detail, implementation guidance, or API/tool documentation.",2026-07-27,AI Platform (AIP)
AIP security and privacy,https://www.palantir.com/docs/foundry/aip/aip-security/,Foundry & AIP,AI Platform (AIP),P1,"Current official capability navigation entry; subsystem detail, implementation guidance, or API/tool documentation.",2026-07-27,AI Platform (AIP)
Best practices for LLM prompt engineering,https://www.palantir.com/docs/foundry/aip/best-practices-prompt-engineering/,Foundry & AIP,AI Platform (AIP),P1,"Current official capability navigation entry; subsystem detail, implementation guidance, or API/tool documentation.",2026-07-27,AI Platform (AIP)
Bring your own model to AIP,https://www.palantir.com/docs/foundry/aip/bring-your-own-model/,Foundry & AIP,AI Platform (AIP),P1,"Current official capability navigation entry; subsystem detail, implementation guidance, or API/tool documentation.",2026-07-27,AI Platform (AIP)
Build a proxy or federation layer with AIP,https://www.palantir.com/docs/foundry/aip/build-a-proxy-or-federation-layer/,Foundry & AIP,AI Platform (AIP),P1,"Current official capability navigation entry; subsystem detail, implementation guidance, or API/tool documentation.",2026-07-27,AI Platform (AIP)
Register an LLM using function interfaces [Legacy],https://www.palantir.com/docs/foundry/aip/chat-completion-function-interface-quickstart/,Foundry & AIP,AI Platform (AIP),P1,"Current official capability navigation entry; subsystem detail, implementation guidance, or API/tool documentation.",2026-07-27,AI Platform (AIP)
Models backed by compute modules,https://www.palantir.com/docs/foundry/aip/compute-module-backed-models/,Foundry & AIP,AI Platform (AIP),P1,"Current official capability navigation entry; subsystem detail, implementation guidance, or API/tool documentation.",2026-07-27,AI Platform (AIP)
Enable AIP features,https://www.palantir.com/docs/foundry/aip/enable-aip-features/,Foundry & AIP,Cross-capability / platform,P1,"Current official capability navigation entry; subsystem detail, implementation guidance, or API/tool documentation.",2026-07-27,AI Platform (AIP) | Developer toolchain | Use case development
AI ethics and governance,https://www.palantir.com/docs/foundry/aip/ethics-governance/,Foundry & AIP,AI Platform (AIP),P1,"Current official capability navigation entry; subsystem detail, implementation guidance, or API/tool documentation.",2026-07-27,AI Platform (AIP)
Get started with AIP,https://www.palantir.com/docs/foundry/aip/getting-started-with-aip/,Foundry & AIP,AI Platform (AIP),P1,"Current official capability navigation entry; subsystem detail, implementation guidance, or API/tool documentation.",2026-07-27,AI Platform (AIP)
LLM capacity management,https://www.palantir.com/docs/foundry/aip/llm-capacity-management/,Foundry & AIP,AI Platform (AIP),P1,"Current official capability navigation entry; subsystem detail, implementation guidance, or API/tool documentation.",2026-07-27,AI Platform (AIP)
LLM enrollment rate limits,https://www.palantir.com/docs/foundry/aip/llm-enrollment-rate-limits/,Foundry & AIP,AI Platform (AIP),P1,"Current official capability navigation entry; subsystem detail, implementation guidance, or API/tool documentation.",2026-07-27,AI Platform (AIP)
LLM-provider compatible APIs,https://www.palantir.com/docs/foundry/aip/llm-provider-compatible-apis/,Foundry & AIP,AI Platform (AIP),P1,"Current official capability navigation entry; subsystem detail, implementation guidance, or API/tool documentation.",2026-07-27,AI Platform (AIP)
AI Platform (AIP),https://www.palantir.com/docs/foundry/aip/overview/,Foundry & AIP,AI Platform (AIP),P0,Official architectural spine or core ontology lifecycle page; reviewed directly in the research synthesis.,2026-07-27,AI Platform (AIP) | Analytics | Data connectivity & integration | Developer toolchain | Management & enablement | Model connectivity & development | Observability | Ontology building | Product delivery | Security & governance | Use case development
Models backed by external sources (REST API),https://www.palantir.com/docs/foundry/aip/rest-api-backed-models/,Foundry & AIP,AI Platform (AIP),P1,"Current official capability navigation entry; subsystem detail, implementation guidance, or API/tool documentation.",2026-07-27,AI Platform (AIP)
Self-host models with AIP,https://www.palantir.com/docs/foundry/aip/self-host-models/,Foundry & AIP,AI Platform (AIP),P1,"Current official capability navigation entry; subsystem detail, implementation guidance, or API/tool documentation.",2026-07-27,AI Platform (AIP)
Supported LLMs,https://www.palantir.com/docs/foundry/aip/supported-llms/,Foundry & AIP,AI Platform (AIP),P1,"Current official capability navigation entry; subsystem detail, implementation guidance, or API/tool documentation.",2026-07-27,AI Platform (AIP)
Use registered LLM [Legacy],https://www.palantir.com/docs/foundry/aip/use-registered-llm/,Foundry & AIP,AI Platform (AIP),P1,"Current official capability navigation entry; subsystem detail, implementation guidance, or API/tool documentation.",2026-07-27,AI Platform (AIP)
Architecture,https://www.palantir.com/docs/foundry/analytics-connectivity/architecture/,Foundry & AIP,Analytics,P1,"Current official capability navigation entry; subsystem detail, implementation guidance, or API/tool documentation.",2026-07-27,Analytics
Downloads,https://www.palantir.com/docs/foundry/analytics-connectivity/downloads/,Foundry & AIP,Analytics,P1,"Current official capability navigation entry; subsystem detail, implementation guidance, or API/tool documentation.",2026-07-27,Analytics
Excel,https://www.palantir.com/docs/foundry/analytics-connectivity/excel/,Foundry & AIP,Analytics,P1,"Current official capability navigation entry; subsystem detail, implementation guidance, or API/tool documentation.",2026-07-27,Analytics
Identify a dataset's RID or filepath,https://www.palantir.com/docs/foundry/analytics-connectivity/identify-dataset-rid/,Foundry & AIP,Analytics,P1,"Current official capability navigation entry; subsystem detail, implementation guidance, or API/tool documentation.",2026-07-27,Analytics
MicroStrategy,https://www.palantir.com/docs/foundry/analytics-connectivity/microstrategy/,Foundry & AIP,Analytics,P1,"Current official capability navigation entry; subsystem detail, implementation guidance, or API/tool documentation.",2026-07-27,Analytics
Analytics Connectivity — Getting Started,https://www.palantir.com/docs/foundry/analytics-connectivity/msft-report-builder-getting-started/,Foundry & AIP,Analytics,P1,"Current official capability navigation entry; subsystem detail, implementation guidance, or API/tool documentation.",2026-07-27,Analytics
Analytics Connectivity — Overview,https://www.palantir.com/docs/foundry/analytics-connectivity/msft-report-builder-overview/,Foundry & AIP,Analytics,P1,"Current official capability navigation entry; subsystem detail, implementation guidance, or API/tool documentation.",2026-07-27,Analytics
Setup,https://www.palantir.com/docs/foundry/analytics-connectivity/msft-report-builder-setup/,Foundry & AIP,Analytics,P1,"Current official capability navigation entry; subsystem detail, implementation guidance, or API/tool documentation.",2026-07-27,Analytics
ODBC & JDBC drivers for Foundry datasets,https://www.palantir.com/docs/foundry/analytics-connectivity/odbc-jdbc-drivers/,Foundry & AIP,Analytics,P1,"Current official capability navigation entry; subsystem detail, implementation guidance, or API/tool documentation.",2026-07-27,Analytics
Analytics Connectivity — Overview,https://www.palantir.com/docs/foundry/analytics-connectivity/overview/,Foundry & AIP,Analytics,P1,"Current official capability navigation entry; subsystem detail, implementation guidance, or API/tool documentation.",2026-07-27,Analytics
FAQs,https://www.palantir.com/docs/foundry/analytics-connectivity/power-bi-faqs/,Foundry & AIP,Analytics,P1,"Current official capability navigation entry; subsystem detail, implementation guidance, or API/tool documentation.",2026-07-27,Analytics
Analytics Connectivity — Getting Started,https://www.palantir.com/docs/foundry/analytics-connectivity/power-bi-getting-started/,Foundry & AIP,Analytics,P1,"Current official capability navigation entry; subsystem detail, implementation guidance, or API/tool documentation.",2026-07-27,Analytics
Power BI®,https://www.palantir.com/docs/foundry/analytics-connectivity/power-bi-overview/,Foundry & AIP,Analytics,P1,"Current official capability navigation entry; subsystem detail, implementation guidance, or API/tool documentation.",2026-07-27,Analytics
REST Connector setup,https://www.palantir.com/docs/foundry/analytics-connectivity/power-bi-rest/,Foundry & AIP,Analytics,P1,"Current official capability navigation entry; subsystem detail, implementation guidance, or API/tool documentation.",2026-07-27,Analytics
Setup,https://www.palantir.com/docs/foundry/analytics-connectivity/power-bi-setup/,Foundry & AIP,Analytics,P1,"Current official capability navigation entry; subsystem detail, implementation guidance, or API/tool documentation.",2026-07-27,Analytics
Analytics Connectivity — Getting Started,https://www.palantir.com/docs/foundry/analytics-connectivity/qlik-sense-getting-started/,Foundry & AIP,Analytics,P1,"Current official capability navigation entry; subsystem detail, implementation guidance, or API/tool documentation.",2026-07-27,Analytics
Analytics Connectivity — Overview,https://www.palantir.com/docs/foundry/analytics-connectivity/qlik-sense-overview/,Foundry & AIP,Analytics,P1,"Current official capability navigation entry; subsystem detail, implementation guidance, or API/tool documentation.",2026-07-27,Analytics
Server setup,https://www.palantir.com/docs/foundry/analytics-connectivity/qlik-sense-setup/,Foundry & AIP,Analytics,P1,"Current official capability navigation entry; subsystem detail, implementation guidance, or API/tool documentation.",2026-07-27,Analytics
Analytics Connectivity — Getting Started,https://www.palantir.com/docs/foundry/analytics-connectivity/tableau-getting-started/,Foundry & AIP,Analytics,P1,"Current official capability navigation entry; subsystem detail, implementation guidance, or API/tool documentation.",2026-07-27,Analytics
OAuth setup,https://www.palantir.com/docs/foundry/analytics-connectivity/tableau-oauth-setup/,Foundry & AIP,Analytics,P1,"Current official capability navigation entry; subsystem detail, implementation guidance, or API/tool documentation.",2026-07-27,Analytics
Tableau,https://www.palantir.com/docs/foundry/analytics-connectivity/tableau-overview/,Foundry & AIP,Analytics,P1,"Current official capability navigation entry; subsystem detail, implementation guidance, or API/tool documentation.",2026-07-27,Analytics
Tableau Server setup,https://www.palantir.com/docs/foundry/analytics-connectivity/tableau-server-setup/,Foundry & AIP,Analytics,P1,"Current official capability navigation entry; subsystem detail, implementation guidance, or API/tool documentation.",2026-07-27,Analytics
Setup,https://www.palantir.com/docs/foundry/analytics-connectivity/tableau-setup/,Foundry & AIP,Analytics,P1,"Current official capability navigation entry; subsystem detail, implementation guidance, or API/tool documentation.",2026-07-27,Analytics
Troubleshooting issues,https://www.palantir.com/docs/foundry/analytics-connectivity/troubleshooting-odbc-jdbc/,Foundry & AIP,Analytics,P2,"Current official navigation entry retained for completeness; specialized, lifecycle-warning, or reference material.",2026-07-27,Analytics
Dashboards,https://www.palantir.com/docs/foundry/analytics/dashboards/,Foundry & AIP,Analytics,P1,"Current official capability navigation entry; subsystem detail, implementation guidance, or API/tool documentation.",2026-07-27,Analytics
Datasets and Object Sets,https://www.palantir.com/docs/foundry/analytics/datasets-object-sets/,Foundry & AIP,Analytics,P1,"Current official capability navigation entry; subsystem detail, implementation guidance, or API/tool documentation.",2026-07-27,Analytics
Exporting outputs,https://www.palantir.com/docs/foundry/analytics/exporting-outputs/,Foundry & AIP,Analytics,P1,"Current official capability navigation entry; subsystem detail, implementation guidance, or API/tool documentation.",2026-07-27,Analytics
Models,https://www.palantir.com/docs/foundry/analytics/models/,Foundry & AIP,Analytics,P1,"Current official capability navigation entry; subsystem detail, implementation guidance, or API/tool documentation.",2026-07-27,Analytics
Analytics,https://www.palantir.com/docs/foundry/analytics/overview/,Foundry & AIP,Analytics,P0,Official architectural spine or core ontology lifecycle page; reviewed directly in the research synthesis.,2026-07-27,AI Platform (AIP) | Analytics | Data connectivity & integration | Developer toolchain | Management & enablement | Model connectivity & development | Observability | Ontology building | Product delivery | Security & governance | Use case development
Reporting,https://www.palantir.com/docs/foundry/analytics/reporting/,Foundry & AIP,Analytics,P1,"Current official capability navigation entry; subsystem detail, implementation guidance, or API/tool documentation.",2026-07-27,Analytics
Reusable logic,https://www.palantir.com/docs/foundry/analytics/reusable-logic/,Foundry & AIP,Analytics,P1,"Current official capability navigation entry; subsystem detail, implementation guidance, or API/tool documentation.",2026-07-27,Analytics
Learn more about the types of analysis that you can perform in Foundry.,https://www.palantir.com/docs/foundry/analytics/types-of-analysis/,Foundry & AIP,Analytics,P1,"Current official capability navigation entry; subsystem detail, implementation guidance, or API/tool documentation.",2026-07-27,Analytics
Announcements,https://www.palantir.com/docs/foundry/announcements/,Foundry & AIP,Cross-capability / platform,P2,"Current official navigation entry retained for completeness; specialized, lifecycle-warning, or reference material.",2026-07-27,AI Platform (AIP) | Analytics | Data connectivity & integration | Developer toolchain | Management & enablement | Model connectivity & development | Observability | Ontology building | Product delivery | Security & governance | Use case development
Release notes,https://www.palantir.com/docs/foundry/announcements/release-notes/,Foundry & AIP,Cross-capability / platform,P2,"Current official navigation entry retained for completeness; specialized, lifecycle-warning, or reference material.",2026-07-27,AI Platform (AIP) | Analytics | Data connectivity & integration | Developer toolchain | Management & enablement | Model connectivity & development | Observability | Ontology building | Product delivery | Security & governance | Use case development
API Reference,https://www.palantir.com/docs/foundry/api-reference/,Foundry & AIP,Developer toolchain,P1,"Current official capability navigation entry; subsystem detail, implementation guidance, or API/tool documentation.",2026-07-27,AI Platform (AIP) | Analytics | Data connectivity & integration | Developer toolchain | Management & enablement | Model connectivity & development | Observability | Ontology building | Product delivery | Security & governance | Use case development
API Reference,https://www.palantir.com/docs/foundry/api-reference/transforms-python-library/,Foundry & AIP,Data connectivity & integration,P1,"Current official capability navigation entry; subsystem detail, implementation guidance, or API/tool documentation.",2026-07-27,Data connectivity & integration
Administration,https://www.palantir.com/docs/foundry/api/admin-v2-resources/users/get-user/,Foundry & AIP,Developer toolchain,P1,"Current official capability navigation entry; subsystem detail, implementation guidance, or API/tool documentation.",2026-07-27,Developer toolchain
Connectivity,https://www.palantir.com/docs/foundry/api/connectivity-v2-resources/connections/get-connection/,Foundry & AIP,Developer toolchain,P1,"Current official capability navigation entry; subsystem detail, implementation guidance, or API/tool documentation.",2026-07-27,Developer toolchain
Datasets,https://www.palantir.com/docs/foundry/api/datasets-v2-resources/datasets/get-dataset/,Foundry & AIP,Developer toolchain,P1,"Current official capability navigation entry; subsystem detail, implementation guidance, or API/tool documentation.",2026-07-27,Developer toolchain
Filesystem,https://www.palantir.com/docs/foundry/api/filesystem-v2-resources/projects/get-project/,Foundry & AIP,Developer toolchain,P1,"Current official capability navigation entry; subsystem detail, implementation guidance, or API/tool documentation.",2026-07-27,Developer toolchain
API documentation,https://www.palantir.com/docs/foundry/api/general/overview/introduction/,Foundry & AIP,Cross-capability / platform,P1,"Current official capability navigation entry; subsystem detail, implementation guidance, or API/tool documentation.",2026-07-27,Analytics | Developer toolchain
Media Sets,https://www.palantir.com/docs/foundry/api/media-sets-v2-resources/media-sets/get-media-item-info/,Foundry & AIP,Developer toolchain,P1,"Current official capability navigation entry; subsystem detail, implementation guidance, or API/tool documentation.",2026-07-27,Developer toolchain
Orchestration,https://www.palantir.com/docs/foundry/api/orchestration-v2-resources/builds/get-build/,Foundry & AIP,Developer toolchain,P1,"Current official capability navigation entry; subsystem detail, implementation guidance, or API/tool documentation.",2026-07-27,Developer toolchain
SQL Queries,https://www.palantir.com/docs/foundry/api/v2/sql-queries-v2-resources/sql-queries/execute-sql-query/,Foundry & AIP,Developer toolchain,P1,"Current official capability navigation entry; subsystem detail, implementation guidance, or API/tool documentation.",2026-07-27,Developer toolchain
Connecting analytics to operations,https://www.palantir.com/docs/foundry/app-building/analytics-operations/,Foundry & AIP,Use case development,P1,"Current official capability navigation entry; subsystem detail, implementation guidance, or API/tool documentation.",2026-07-27,Use case development
Curating apps in Applications Portal,https://www.palantir.com/docs/foundry/app-building/curating-apps/,Foundry & AIP,Use case development,P1,"Current official capability navigation entry; subsystem detail, implementation guidance, or API/tool documentation.",2026-07-27,Use case development
What is an operational application?,https://www.palantir.com/docs/foundry/app-building/operational-apps/,Foundry & AIP,Use case development,P1,"Current official capability navigation entry; subsystem detail, implementation guidance, or API/tool documentation.",2026-07-27,Use case development
Use case development,https://www.palantir.com/docs/foundry/app-building/overview/,Foundry & AIP,Use case development,P0,"Official application layer: Workshop, Slate, Workflow Lineage, Automate, and OSDK applications.",2026-07-27,AI Platform (AIP) | Analytics | Data connectivity & integration | Developer toolchain | Management & enablement | Model connectivity & development | Observability | Ontology building | Product delivery | Security & governance | Use case development
Conduct sentiment analysis with AIP,https://www.palantir.com/docs/foundry/app-building/sentiment-analysis/,Foundry & AIP,Use case development,P1,"Current official capability navigation entry; subsystem detail, implementation guidance, or API/tool documentation.",2026-07-27,Use case development
Approvals — Overview,https://www.palantir.com/docs/foundry/approvals/overview/,Foundry & AIP,Security & governance,P1,"Current official capability navigation entry; subsystem detail, implementation guidance, or API/tool documentation.",2026-07-27,Security & governance
Review a request,https://www.palantir.com/docs/foundry/approvals/review-a-request/,Foundry & AIP,Security & governance,P1,"Current official capability navigation entry; subsystem detail, implementation guidance, or API/tool documentation.",2026-07-27,Security & governance
Architecture center,https://www.palantir.com/docs/foundry/architecture-center/overview/,Foundry & AIP,Cross-capability / platform,P0,Official architectural spine or core ontology lifecycle page; reviewed directly in the research synthesis.,2026-07-27,AI Platform (AIP) | Analytics | Data connectivity & integration | Developer toolchain | Management & enablement | Model connectivity & development | Observability | Ontology building | Product delivery | Security & governance | Use case development
Serve custom content sources to users,https://www.palantir.com/docs/foundry/assist/adding-documentation-to-aip-assist/,Foundry & AIP,AI Platform (AIP),P1,"Current official capability navigation entry; subsystem detail, implementation guidance, or API/tool documentation.",2026-07-27,AI Platform (AIP)
Deploy custom source-backed AIP Chatbots,https://www.palantir.com/docs/foundry/assist/agents-in-aip-assist/,Foundry & AIP,AI Platform (AIP),P1,"Current official capability navigation entry; subsystem detail, implementation guidance, or API/tool documentation.",2026-07-27,AI Platform (AIP)
Assist — Overview,https://www.palantir.com/docs/foundry/assist/aip-assist-custom-docs-overview/,Foundry & AIP,AI Platform (AIP),P1,"Current official capability navigation entry; subsystem detail, implementation guidance, or API/tool documentation.",2026-07-27,AI Platform (AIP)
Register custom content sources,https://www.palantir.com/docs/foundry/assist/aip-assist-registering-content/,Foundry & AIP,AI Platform (AIP),P1,"Current official capability navigation entry; subsystem detail, implementation guidance, or API/tool documentation.",2026-07-27,AI Platform (AIP)
Suggested actions in AIP Assist,https://www.palantir.com/docs/foundry/assist/aip-assist-suggested-actions/,Foundry & AIP,AI Platform (AIP),P1,"Current official capability navigation entry; subsystem detail, implementation guidance, or API/tool documentation.",2026-07-27,AI Platform (AIP)
AIP Assist best practices,https://www.palantir.com/docs/foundry/assist/aip-best-practices/,Foundry & AIP,AI Platform (AIP),P1,"Current official capability navigation entry; subsystem detail, implementation guidance, or API/tool documentation.",2026-07-27,AI Platform (AIP)
AIP Assist application integrations,https://www.palantir.com/docs/foundry/assist/application-integrations/,Foundry & AIP,AI Platform (AIP),P1,"Current official capability navigation entry; subsystem detail, implementation guidance, or API/tool documentation.",2026-07-27,AI Platform (AIP)
Custom content source best practices,https://www.palantir.com/docs/foundry/assist/custom-documentation-best-practices/,Foundry & AIP,AI Platform (AIP),P1,"Current official capability navigation entry; subsystem detail, implementation guidance, or API/tool documentation.",2026-07-27,AI Platform (AIP)
Assist — Overview,https://www.palantir.com/docs/foundry/assist/overview/,Foundry & AIP,AI Platform (AIP),P1,"Current official capability navigation entry; subsystem detail, implementation guidance, or API/tool documentation.",2026-07-27,AI Platform (AIP)
Group assignment,https://www.palantir.com/docs/foundry/authentication/group-assignment/,Foundry & AIP,Management & enablement,P1,"Current official capability navigation entry; subsystem detail, implementation guidance, or API/tool documentation.",2026-07-27,Management & enablement
Host settings,https://www.palantir.com/docs/foundry/authentication/host-settings/,Foundry & AIP,Management & enablement,P1,"Current official capability navigation entry; subsystem detail, implementation guidance, or API/tool documentation.",2026-07-27,Management & enablement
Intake forms,https://www.palantir.com/docs/foundry/authentication/intake-forms/,Foundry & AIP,Management & enablement,P1,"Current official capability navigation entry; subsystem detail, implementation guidance, or API/tool documentation.",2026-07-27,Management & enablement
Multi-factor authentication,https://www.palantir.com/docs/foundry/authentication/multi-factor-auth/,Foundry & AIP,Management & enablement,P1,"Current official capability navigation entry; subsystem detail, implementation guidance, or API/tool documentation.",2026-07-27,Management & enablement
Authentication — Getting Started,https://www.palantir.com/docs/foundry/authentication/oidc-getting-started/,Foundry & AIP,Management & enablement,P1,"Current official capability navigation entry; subsystem detail, implementation guidance, or API/tool documentation.",2026-07-27,Management & enablement
Organization assignment,https://www.palantir.com/docs/foundry/authentication/org-assignment/,Foundry & AIP,Management & enablement,P1,"Current official capability navigation entry; subsystem detail, implementation guidance, or API/tool documentation.",2026-07-27,Management & enablement
Learn more about authentication.,https://www.palantir.com/docs/foundry/authentication/overview/,Foundry & AIP,Management & enablement,P1,"Current official capability navigation entry; subsystem detail, implementation guidance, or API/tool documentation.",2026-07-27,Management & enablement
Entra ID (Azure AD),https://www.palantir.com/docs/foundry/authentication/saml-azure-ad/,Foundry & AIP,Management & enablement,P1,"Current official capability navigation entry; subsystem detail, implementation guidance, or API/tool documentation.",2026-07-27,Management & enablement
Authentication — Getting Started,https://www.palantir.com/docs/foundry/authentication/saml-getting-started/,Foundry & AIP,Management & enablement,P1,"Current official capability navigation entry; subsystem detail, implementation guidance, or API/tool documentation.",2026-07-27,Management & enablement
Okta,https://www.palantir.com/docs/foundry/authentication/saml-okta/,Foundry & AIP,Management & enablement,P1,"Current official capability navigation entry; subsystem detail, implementation guidance, or API/tool documentation.",2026-07-27,Management & enablement
Other identity providers,https://www.palantir.com/docs/foundry/authentication/saml-other-idp/,Foundry & AIP,Management & enablement,P1,"Current official capability navigation entry; subsystem detail, implementation guidance, or API/tool documentation.",2026-07-27,Management & enablement
SAML provider updates in Control Panel,https://www.palantir.com/docs/foundry/authentication/saml-provider-update/,Foundry & AIP,Management & enablement,P1,"Current official capability navigation entry; subsystem detail, implementation guidance, or API/tool documentation.",2026-07-27,Management & enablement
Common questions and issues,https://www.palantir.com/docs/foundry/authentication/scim-common-issues/,Foundry & AIP,Management & enablement,P1,"Current official capability navigation entry; subsystem detail, implementation guidance, or API/tool documentation.",2026-07-27,Management & enablement
Enabling SCIM on a Foundry authentication provider,https://www.palantir.com/docs/foundry/authentication/scim-enable/,Foundry & AIP,Management & enablement,P1,"Current official capability navigation entry; subsystem detail, implementation guidance, or API/tool documentation.",2026-07-27,Management & enablement
Provisioning with Microsoft Entra ID,https://www.palantir.com/docs/foundry/authentication/scim-entra-id/,Foundry & AIP,Management & enablement,P1,"Current official capability navigation entry; subsystem detail, implementation guidance, or API/tool documentation.",2026-07-27,Management & enablement
Using other identity providers,https://www.palantir.com/docs/foundry/authentication/scim-other-idp/,Foundry & AIP,Management & enablement,P1,"Current official capability navigation entry; subsystem detail, implementation guidance, or API/tool documentation.",2026-07-27,Management & enablement
Authentication — Overview,https://www.palantir.com/docs/foundry/authentication/scim-overview/,Foundry & AIP,Management & enablement,P1,"Current official capability navigation entry; subsystem detail, implementation guidance, or API/tool documentation.",2026-07-27,Management & enablement
Enable and test identity provider integration,https://www.palantir.com/docs/foundry/authentication/test-provider-integration/,Foundry & AIP,Management & enablement,P1,"Current official capability navigation entry; subsystem detail, implementation guidance, or API/tool documentation.",2026-07-27,Management & enablement
Manage users within your enrollment,https://www.palantir.com/docs/foundry/authentication/user-directory/,Foundry & AIP,Management & enablement,P1,"Current official capability navigation entry; subsystem detail, implementation guidance, or API/tool documentation.",2026-07-27,Management & enablement
Automation administrators,https://www.palantir.com/docs/foundry/automate/automation-administrators/,Foundry & AIP,Use case development,P1,"Current official capability navigation entry; subsystem detail, implementation guidance, or API/tool documentation.",2026-07-27,Use case development
Automation dependencies,https://www.palantir.com/docs/foundry/automate/automation-dependencies/,Foundry & AIP,Use case development,P1,"Current official capability navigation entry; subsystem detail, implementation guidance, or API/tool documentation.",2026-07-27,Use case development
Branching automations,https://www.palantir.com/docs/foundry/automate/branching-automations/,Foundry & AIP,Use case development,P1,"Current official capability navigation entry; subsystem detail, implementation guidance, or API/tool documentation.",2026-07-27,Use case development
Object set conditions,https://www.palantir.com/docs/foundry/automate/condition-objects/,Foundry & AIP,Use case development,P1,"Current official capability navigation entry; subsystem detail, implementation guidance, or API/tool documentation.",2026-07-27,Use case development
Condition settings,https://www.palantir.com/docs/foundry/automate/condition-settings/,Foundry & AIP,Use case development,P1,"Current official capability navigation entry; subsystem detail, implementation guidance, or API/tool documentation.",2026-07-27,Use case development
Time condition,https://www.palantir.com/docs/foundry/automate/condition-time/,Foundry & AIP,Use case development,P1,"Current official capability navigation entry; subsystem detail, implementation guidance, or API/tool documentation.",2026-07-27,Use case development
Action effects,https://www.palantir.com/docs/foundry/automate/effect-actions/,Foundry & AIP,Use case development,P1,"Current official capability navigation entry; subsystem detail, implementation guidance, or API/tool documentation.",2026-07-27,Use case development
Fallback effects,https://www.palantir.com/docs/foundry/automate/effect-fallback/,Foundry & AIP,Use case development,P1,"Current official capability navigation entry; subsystem detail, implementation guidance, or API/tool documentation.",2026-07-27,Use case development
Function effects,https://www.palantir.com/docs/foundry/automate/effect-function/,Foundry & AIP,Use case development,P1,"Current official capability navigation entry; subsystem detail, implementation guidance, or API/tool documentation.",2026-07-27,Use case development
Logic effects,https://www.palantir.com/docs/foundry/automate/effect-logic/,Foundry & AIP,Use case development,P1,"Current official capability navigation entry; subsystem detail, implementation guidance, or API/tool documentation.",2026-07-27,Use case development
Notification effects,https://www.palantir.com/docs/foundry/automate/effect-notification/,Foundry & AIP,Use case development,P1,"Current official capability navigation entry; subsystem detail, implementation guidance, or API/tool documentation.",2026-07-27,Use case development
Effect settings,https://www.palantir.com/docs/foundry/automate/effect-settings/,Foundry & AIP,Use case development,P1,"Current official capability navigation entry; subsystem detail, implementation guidance, or API/tool documentation.",2026-07-27,Use case development
Automate — Overview,https://www.palantir.com/docs/foundry/automate/effects/,Foundry & AIP,Use case development,P1,"Current official capability navigation entry; subsystem detail, implementation guidance, or API/tool documentation.",2026-07-27,Use case development
Error reference,https://www.palantir.com/docs/foundry/automate/errors/,Foundry & AIP,Use case development,P1,"Current official capability navigation entry; subsystem detail, implementation guidance, or API/tool documentation.",2026-07-27,Use case development
Evaluation frequency,https://www.palantir.com/docs/foundry/automate/evaluation-frequency/,Foundry & AIP,Use case development,P1,"Current official capability navigation entry; subsystem detail, implementation guidance, or API/tool documentation.",2026-07-27,Use case development
Notify contract owner when status changes,https://www.palantir.com/docs/foundry/automate/example-dynamic-contract-owner/,Foundry & AIP,Use case development,P1,"Current official capability navigation entry; subsystem detail, implementation guidance, or API/tool documentation.",2026-07-27,Use case development
Close tickets after a specified time,https://www.palantir.com/docs/foundry/automate/example-relative-time-condition/,Foundry & AIP,Use case development,P1,"Current official capability navigation entry; subsystem detail, implementation guidance, or API/tool documentation.",2026-07-27,Use case development
Send a weekly report,https://www.palantir.com/docs/foundry/automate/example-weekly-report/,Foundry & AIP,Use case development,P1,"Current official capability navigation entry; subsystem detail, implementation guidance, or API/tool documentation.",2026-07-27,Use case development
Execution settings,https://www.palantir.com/docs/foundry/automate/execution-settings/,Foundry & AIP,Use case development,P1,"Current official capability navigation entry; subsystem detail, implementation guidance, or API/tool documentation.",2026-07-27,Use case development
Automate — Getting Started,https://www.palantir.com/docs/foundry/automate/getting-started/,Foundry & AIP,Use case development,P1,"Current official capability navigation entry; subsystem detail, implementation guidance, or API/tool documentation.",2026-07-27,Use case development
History visibility and scope,https://www.palantir.com/docs/foundry/automate/history-visibility-and-scope/,Foundry & AIP,Use case development,P1,"Current official capability navigation entry; subsystem detail, implementation guidance, or API/tool documentation.",2026-07-27,Use case development
Automation history,https://www.palantir.com/docs/foundry/automate/history/,Foundry & AIP,Use case development,P1,"Current official capability navigation entry; subsystem detail, implementation guidance, or API/tool documentation.",2026-07-27,Use case development
Integrations,https://www.palantir.com/docs/foundry/automate/integrations/,Foundry & AIP,Use case development,P1,"Current official capability navigation entry; subsystem detail, implementation guidance, or API/tool documentation.",2026-07-27,Use case development
Limits,https://www.palantir.com/docs/foundry/automate/limits/,Foundry & AIP,Use case development,P1,"Current official capability navigation entry; subsystem detail, implementation guidance, or API/tool documentation.",2026-07-27,Use case development
Manual executions,https://www.palantir.com/docs/foundry/automate/manual-execution/,Foundry & AIP,Use case development,P1,"Current official capability navigation entry; subsystem detail, implementation guidance, or API/tool documentation.",2026-07-27,Use case development
Add an automation to a Marketplace product,https://www.palantir.com/docs/foundry/automate/marketplace-automate/,Foundry & AIP,Use case development,P1,"Current official capability navigation entry; subsystem detail, implementation guidance, or API/tool documentation.",2026-07-27,Use case development
"Muting, pausing, and expiration",https://www.palantir.com/docs/foundry/automate/muting-pausing-expiration/,Foundry & AIP,Use case development,P1,"Current official capability navigation entry; subsystem detail, implementation guidance, or API/tool documentation.",2026-07-27,Use case development
Notification settings,https://www.palantir.com/docs/foundry/automate/notification-settings/,Foundry & AIP,Use case development,P1,"Current official capability navigation entry; subsystem detail, implementation guidance, or API/tool documentation.",2026-07-27,Use case development
Learn more about Automate.,https://www.palantir.com/docs/foundry/automate/overview/,Foundry & AIP,Use case development,P0,Official architectural spine or core ontology lifecycle page; reviewed directly in the research synthesis.,2026-07-27,Use case development
Performance best practices,https://www.palantir.com/docs/foundry/automate/performance-best-practices/,Foundry & AIP,Use case development,P1,"Current official capability navigation entry; subsystem detail, implementation guidance, or API/tool documentation.",2026-07-27,Use case development
Automate — Permissions,https://www.palantir.com/docs/foundry/automate/permissions/,Foundry & AIP,Use case development,P1,"Current official capability navigation entry; subsystem detail, implementation guidance, or API/tool documentation.",2026-07-27,Use case development
Manual and automatic retries,https://www.palantir.com/docs/foundry/automate/retries/,Foundry & AIP,Use case development,P1,"Current official capability navigation entry; subsystem detail, implementation guidance, or API/tool documentation.",2026-07-27,Use case development
Security,https://www.palantir.com/docs/foundry/automate/security/,Foundry & AIP,Use case development,P1,"Current official capability navigation entry; subsystem detail, implementation guidance, or API/tool documentation.",2026-07-27,Use case development
Streaming,https://www.palantir.com/docs/foundry/automate/streaming/,Foundry & AIP,Use case development,P1,"Current official capability navigation entry; subsystem detail, implementation guidance, or API/tool documentation.",2026-07-27,Use case development
Third-party application ownership,https://www.palantir.com/docs/foundry/automate/third-party-app-ownership/,Foundry & AIP,Use case development,P1,"Current official capability navigation entry; subsystem detail, implementation guidance, or API/tool documentation.",2026-07-27,Use case development
Troubleshooting performance,https://www.palantir.com/docs/foundry/automate/troubleshooting-performance/,Foundry & AIP,Use case development,P2,"Current official navigation entry retained for completeness; specialized, lifecycle-warning, or reference material.",2026-07-27,Use case development
Automation events,https://www.palantir.com/docs/foundry/autopilot/automation-events/,Foundry & AIP,Use case development,P1,"Current official capability navigation entry; subsystem detail, implementation guidance, or API/tool documentation.",2026-07-27,Use case development
Autopilot — Getting Started,https://www.palantir.com/docs/foundry/autopilot/getting-started/,Foundry & AIP,Use case development,P1,"Current official capability navigation entry; subsystem detail, implementation guidance, or API/tool documentation.",2026-07-27,Use case development
Integrations,https://www.palantir.com/docs/foundry/autopilot/integrations/,Foundry & AIP,Use case development,P1,"Current official capability navigation entry; subsystem detail, implementation guidance, or API/tool documentation.",2026-07-27,Use case development
Autopilot — Overview,https://www.palantir.com/docs/foundry/autopilot/overview/,Foundry & AIP,Use case development,P1,"Current official capability navigation entry; subsystem detail, implementation guidance, or API/tool documentation.",2026-07-27,Use case development
Dependency graph view,https://www.palantir.com/docs/foundry/autopilot/workbench-graph/,Foundry & AIP,Use case development,P1,"Current official capability navigation entry; subsystem detail, implementation guidance, or API/tool documentation.",2026-07-27,Use case development
Kanban board view,https://www.palantir.com/docs/foundry/autopilot/workbench-kanban/,Foundry & AIP,Use case development,P1,"Current official capability navigation entry; subsystem detail, implementation guidance, or API/tool documentation.",2026-07-27,Use case development
Workbench,https://www.palantir.com/docs/foundry/autopilot/workbench/,Foundry & AIP,Use case development,P1,"Current official capability navigation entry; subsystem detail, implementation guidance, or API/tool documentation.",2026-07-27,Use case development
Act! CRM,https://www.palantir.com/docs/foundry/available-connectors/act!-crm/,Foundry & AIP,Data connectivity & integration,P1,"Current official capability navigation entry; subsystem detail, implementation guidance, or API/tool documentation.",2026-07-27,Data connectivity & integration
Act-On,https://www.palantir.com/docs/foundry/available-connectors/act-on/,Foundry & AIP,Data connectivity & integration,P1,"Current official capability navigation entry; subsystem detail, implementation guidance, or API/tool documentation.",2026-07-27,Data connectivity & integration
ActiveCampaign,https://www.palantir.com/docs/foundry/available-connectors/activecampaign/,Foundry & AIP,Data connectivity & integration,P1,"Current official capability navigation entry; subsystem detail, implementation guidance, or API/tool documentation.",2026-07-27,Data connectivity & integration
Acumatica,https://www.palantir.com/docs/foundry/available-connectors/acumatica/,Foundry & AIP,Data connectivity & integration,P1,"Current official capability navigation entry; subsystem detail, implementation guidance, or API/tool documentation.",2026-07-27,Data connectivity & integration
Adobe Analytics,https://www.palantir.com/docs/foundry/available-connectors/adobe-analytics/,Foundry & AIP,Data connectivity & integration,P1,"Current official capability navigation entry; subsystem detail, implementation guidance, or API/tool documentation.",2026-07-27,Data connectivity & integration
Adobe Commerce,https://www.palantir.com/docs/foundry/available-connectors/adobe-commerce/,Foundry & AIP,Data connectivity & integration,P1,"Current official capability navigation entry; subsystem detail, implementation guidance, or API/tool documentation.",2026-07-27,Data connectivity & integration
ADP,https://www.palantir.com/docs/foundry/available-connectors/adp/,Foundry & AIP,Data connectivity & integration,P1,"Current official capability navigation entry; subsystem detail, implementation guidance, or API/tool documentation.",2026-07-27,Data connectivity & integration
Airtable,https://www.palantir.com/docs/foundry/available-connectors/airtable/,Foundry & AIP,Data connectivity & integration,P1,"Current official capability navigation entry; subsystem detail, implementation guidance, or API/tool documentation.",2026-07-27,Data connectivity & integration
AlloyDB,https://www.palantir.com/docs/foundry/available-connectors/alloydb/,Foundry & AIP,Data connectivity & integration,P1,"Current official capability navigation entry; subsystem detail, implementation guidance, or API/tool documentation.",2026-07-27,Data connectivity & integration
Amazon DynamoDB,https://www.palantir.com/docs/foundry/available-connectors/amazon-dynamodb/,Foundry & AIP,Data connectivity & integration,P1,"Current official capability navigation entry; subsystem detail, implementation guidance, or API/tool documentation.",2026-07-27,Data connectivity & integration
Amazon Kinesis,https://www.palantir.com/docs/foundry/available-connectors/amazon-kinesis/,Foundry & AIP,Data connectivity & integration,P1,"Current official capability navigation entry; subsystem detail, implementation guidance, or API/tool documentation.",2026-07-27,Data connectivity & integration
Amazon Marketplace,https://www.palantir.com/docs/foundry/available-connectors/amazon-marketplace/,Foundry & AIP,Data connectivity & integration,P1,"Current official capability navigation entry; subsystem detail, implementation guidance, or API/tool documentation.",2026-07-27,Data connectivity & integration
Amazon S3,https://www.palantir.com/docs/foundry/available-connectors/amazon-s3/,Foundry & AIP,Data connectivity & integration,P1,"Current official capability navigation entry; subsystem detail, implementation guidance, or API/tool documentation.",2026-07-27,Data connectivity & integration
Apache CouchDB,https://www.palantir.com/docs/foundry/available-connectors/apache-couchdb/,Foundry & AIP,Data connectivity & integration,P1,"Current official capability navigation entry; subsystem detail, implementation guidance, or API/tool documentation.",2026-07-27,Data connectivity & integration
Apache HBase,https://www.palantir.com/docs/foundry/available-connectors/apache-hbase/,Foundry & AIP,Data connectivity & integration,P1,"Current official capability navigation entry; subsystem detail, implementation guidance, or API/tool documentation.",2026-07-27,Data connectivity & integration
Apache Hive,https://www.palantir.com/docs/foundry/available-connectors/apache-hive/,Foundry & AIP,Data connectivity & integration,P1,"Current official capability navigation entry; subsystem detail, implementation guidance, or API/tool documentation.",2026-07-27,Data connectivity & integration
Apache Phoenix,https://www.palantir.com/docs/foundry/available-connectors/apache-phoenix/,Foundry & AIP,Data connectivity & integration,P1,"Current official capability navigation entry; subsystem detail, implementation guidance, or API/tool documentation.",2026-07-27,Data connectivity & integration
Asana,https://www.palantir.com/docs/foundry/available-connectors/asana/,Foundry & AIP,Data connectivity & integration,P1,"Current official capability navigation entry; subsystem detail, implementation guidance, or API/tool documentation.",2026-07-27,Data connectivity & integration
Authorize.Net,https://www.palantir.com/docs/foundry/available-connectors/authorize-net/,Foundry & AIP,Data connectivity & integration,P1,"Current official capability navigation entry; subsystem detail, implementation guidance, or API/tool documentation.",2026-07-27,Data connectivity & integration
Avalara,https://www.palantir.com/docs/foundry/available-connectors/avalara/,Foundry & AIP,Data connectivity & integration,P1,"Current official capability navigation entry; subsystem detail, implementation guidance, or API/tool documentation.",2026-07-27,Data connectivity & integration
AWS Redshift,https://www.palantir.com/docs/foundry/available-connectors/aws-redshift/,Foundry & AIP,Data connectivity & integration,P1,"Current official capability navigation entry; subsystem detail, implementation guidance, or API/tool documentation.",2026-07-27,Data connectivity & integration
Azure Active Directory,https://www.palantir.com/docs/foundry/available-connectors/azure-active-directory/,Foundry & AIP,Data connectivity & integration,P1,"Current official capability navigation entry; subsystem detail, implementation guidance, or API/tool documentation.",2026-07-27,Data connectivity & integration
Azure Cosmos DB,https://www.palantir.com/docs/foundry/available-connectors/azure-cosmos-db/,Foundry & AIP,Data connectivity & integration,P1,"Current official capability navigation entry; subsystem detail, implementation guidance, or API/tool documentation.",2026-07-27,Data connectivity & integration
Azure Data Catalog,https://www.palantir.com/docs/foundry/available-connectors/azure-data-catalog/,Foundry & AIP,Data connectivity & integration,P1,"Current official capability navigation entry; subsystem detail, implementation guidance, or API/tool documentation.",2026-07-27,Data connectivity & integration
Azure DevOps,https://www.palantir.com/docs/foundry/available-connectors/azure-devops/,Foundry & AIP,Data connectivity & integration,P1,"Current official capability navigation entry; subsystem detail, implementation guidance, or API/tool documentation.",2026-07-27,Data connectivity & integration
Azure Synapse,https://www.palantir.com/docs/foundry/available-connectors/azure-synapse/,Foundry & AIP,Data connectivity & integration,P1,"Current official capability navigation entry; subsystem detail, implementation guidance, or API/tool documentation.",2026-07-27,Data connectivity & integration
Azure Table Storage,https://www.palantir.com/docs/foundry/available-connectors/azure-table-storage/,Foundry & AIP,Data connectivity & integration,P1,"Current official capability navigation entry; subsystem detail, implementation guidance, or API/tool documentation.",2026-07-27,Data connectivity & integration
Basecamp,https://www.palantir.com/docs/foundry/available-connectors/basecamp/,Foundry & AIP,Data connectivity & integration,P1,"Current official capability navigation entry; subsystem detail, implementation guidance, or API/tool documentation.",2026-07-27,Data connectivity & integration
BigCommerce,https://www.palantir.com/docs/foundry/available-connectors/bigcommerce/,Foundry & AIP,Data connectivity & integration,P1,"Current official capability navigation entry; subsystem detail, implementation guidance, or API/tool documentation.",2026-07-27,Data connectivity & integration
BigQuery,https://www.palantir.com/docs/foundry/available-connectors/bigquery/,Foundry & AIP,Data connectivity & integration,P1,"Current official capability navigation entry; subsystem detail, implementation guidance, or API/tool documentation.",2026-07-27,Data connectivity & integration
Blackbaud Raisers Edge NXT,https://www.palantir.com/docs/foundry/available-connectors/blackbaud-raisers-edge-nxt/,Foundry & AIP,Data connectivity & integration,P1,"Current official capability navigation entry; subsystem detail, implementation guidance, or API/tool documentation.",2026-07-27,Data connectivity & integration
Bugzilla,https://www.palantir.com/docs/foundry/available-connectors/bugzilla/,Foundry & AIP,Data connectivity & integration,P1,"Current official capability navigation entry; subsystem detail, implementation guidance, or API/tool documentation.",2026-07-27,Data connectivity & integration
Bullhorn CRM,https://www.palantir.com/docs/foundry/available-connectors/bullhorn-crm/,Foundry & AIP,Data connectivity & integration,P1,"Current official capability navigation entry; subsystem detail, implementation guidance, or API/tool documentation.",2026-07-27,Data connectivity & integration
Cassandra,https://www.palantir.com/docs/foundry/available-connectors/cassandra/,Foundry & AIP,Data connectivity & integration,P1,"Current official capability navigation entry; subsystem detail, implementation guidance, or API/tool documentation.",2026-07-27,Data connectivity & integration
Certinia,https://www.palantir.com/docs/foundry/available-connectors/certinia/,Foundry & AIP,Data connectivity & integration,P1,"Current official capability navigation entry; subsystem detail, implementation guidance, or API/tool documentation.",2026-07-27,Data connectivity & integration
Cloudant,https://www.palantir.com/docs/foundry/available-connectors/cloudant/,Foundry & AIP,Data connectivity & integration,P1,"Current official capability navigation entry; subsystem detail, implementation guidance, or API/tool documentation.",2026-07-27,Data connectivity & integration
CockroachDB,https://www.palantir.com/docs/foundry/available-connectors/cockroachdb/,Foundry & AIP,Data connectivity & integration,P1,"Current official capability navigation entry; subsystem detail, implementation guidance, or API/tool documentation.",2026-07-27,Data connectivity & integration
Confluence,https://www.palantir.com/docs/foundry/available-connectors/confluence/,Foundry & AIP,Data connectivity & integration,P1,"Current official capability navigation entry; subsystem detail, implementation guidance, or API/tool documentation.",2026-07-27,Data connectivity & integration
Couchbase,https://www.palantir.com/docs/foundry/available-connectors/couchbase/,Foundry & AIP,Data connectivity & integration,P1,"Current official capability navigation entry; subsystem detail, implementation guidance, or API/tool documentation.",2026-07-27,Data connectivity & integration
JDBC (custom),https://www.palantir.com/docs/foundry/available-connectors/custom-jdbc-sources/,Foundry & AIP,Data connectivity & integration,P1,"Current official capability navigation entry; subsystem detail, implementation guidance, or API/tool documentation.",2026-07-27,Data connectivity & integration
Databricks,https://www.palantir.com/docs/foundry/available-connectors/databricks/,Foundry & AIP,Data connectivity & integration,P1,"Current official capability navigation entry; subsystem detail, implementation guidance, or API/tool documentation.",2026-07-27,Data connectivity & integration
Db2,https://www.palantir.com/docs/foundry/available-connectors/db2/,Foundry & AIP,Data connectivity & integration,P1,"Current official capability navigation entry; subsystem detail, implementation guidance, or API/tool documentation.",2026-07-27,Data connectivity & integration
Directory,https://www.palantir.com/docs/foundry/available-connectors/directory/,Foundry & AIP,Data connectivity & integration,P1,"Current official capability navigation entry; subsystem detail, implementation guidance, or API/tool documentation.",2026-07-27,Data connectivity & integration
DocuSign,https://www.palantir.com/docs/foundry/available-connectors/docusign/,Foundry & AIP,Data connectivity & integration,P1,"Current official capability navigation entry; subsystem detail, implementation guidance, or API/tool documentation.",2026-07-27,Data connectivity & integration
Domino,https://www.palantir.com/docs/foundry/available-connectors/domino/,Foundry & AIP,Data connectivity & integration,P1,"Current official capability navigation entry; subsystem detail, implementation guidance, or API/tool documentation.",2026-07-27,Data connectivity & integration
eBay Analytics,https://www.palantir.com/docs/foundry/available-connectors/ebay-analytics/,Foundry & AIP,Data connectivity & integration,P1,"Current official capability navigation entry; subsystem detail, implementation guidance, or API/tool documentation.",2026-07-27,Data connectivity & integration
eBay,https://www.palantir.com/docs/foundry/available-connectors/ebay/,Foundry & AIP,Data connectivity & integration,P1,"Current official capability navigation entry; subsystem detail, implementation guidance, or API/tool documentation.",2026-07-27,Data connectivity & integration
EnterpriseDB,https://www.palantir.com/docs/foundry/available-connectors/enterprisedb/,Foundry & AIP,Data connectivity & integration,P1,"Current official capability navigation entry; subsystem detail, implementation guidance, or API/tool documentation.",2026-07-27,Data connectivity & integration
Epicor Kinetic,https://www.palantir.com/docs/foundry/available-connectors/epicor-kinetic/,Foundry & AIP,Data connectivity & integration,P1,"Current official capability navigation entry; subsystem detail, implementation guidance, or API/tool documentation.",2026-07-27,Data connectivity & integration
Exact Online,https://www.palantir.com/docs/foundry/available-connectors/exact-online/,Foundry & AIP,Data connectivity & integration,P1,"Current official capability navigation entry; subsystem detail, implementation guidance, or API/tool documentation.",2026-07-27,Data connectivity & integration
Facebook Ads,https://www.palantir.com/docs/foundry/available-connectors/facebook-ads/,Foundry & AIP,Data connectivity & integration,P1,"Current official capability navigation entry; subsystem detail, implementation guidance, or API/tool documentation.",2026-07-27,Data connectivity & integration
Facebook,https://www.palantir.com/docs/foundry/available-connectors/facebook/,Foundry & AIP,Data connectivity & integration,P1,"Current official capability navigation entry; subsystem detail, implementation guidance, or API/tool documentation.",2026-07-27,Data connectivity & integration
Agent-level filesystem,https://www.palantir.com/docs/foundry/available-connectors/filesystem/,Foundry & AIP,Data connectivity & integration,P1,"Current official capability navigation entry; subsystem detail, implementation guidance, or API/tool documentation.",2026-07-27,Data connectivity & integration
Foundry,https://www.palantir.com/docs/foundry/available-connectors/foundry/,Foundry & AIP,Data connectivity & integration,P1,"Current official capability navigation entry; subsystem detail, implementation guidance, or API/tool documentation.",2026-07-27,Data connectivity & integration
FreshBooks,https://www.palantir.com/docs/foundry/available-connectors/freshbooks/,Foundry & AIP,Data connectivity & integration,P1,"Current official capability navigation entry; subsystem detail, implementation guidance, or API/tool documentation.",2026-07-27,Data connectivity & integration
Freshdesk,https://www.palantir.com/docs/foundry/available-connectors/freshdesk/,Foundry & AIP,Data connectivity & integration,P1,"Current official capability navigation entry; subsystem detail, implementation guidance, or API/tool documentation.",2026-07-27,Data connectivity & integration
FTP/FTPS,https://www.palantir.com/docs/foundry/available-connectors/ftps/,Foundry & AIP,Data connectivity & integration,P1,"Current official capability navigation entry; subsystem detail, implementation guidance, or API/tool documentation.",2026-07-27,Data connectivity & integration
Generic connector,https://www.palantir.com/docs/foundry/available-connectors/generic/,Foundry & AIP,Data connectivity & integration,P1,"Current official capability navigation entry; subsystem detail, implementation guidance, or API/tool documentation.",2026-07-27,Data connectivity & integration
GitHub,https://www.palantir.com/docs/foundry/available-connectors/github/,Foundry & AIP,Data connectivity & integration,P1,"Current official capability navigation entry; subsystem detail, implementation guidance, or API/tool documentation.",2026-07-27,Data connectivity & integration
Gmail,https://www.palantir.com/docs/foundry/available-connectors/gmail/,Foundry & AIP,Data connectivity & integration,P1,"Current official capability navigation entry; subsystem detail, implementation guidance, or API/tool documentation.",2026-07-27,Data connectivity & integration
Google Campaign Manager,https://www.palantir.com/docs/foundry/available-connectors/google-campaign-manager/,Foundry & AIP,Data connectivity & integration,P1,"Current official capability navigation entry; subsystem detail, implementation guidance, or API/tool documentation.",2026-07-27,Data connectivity & integration
Google Cloud Storage,https://www.palantir.com/docs/foundry/available-connectors/google-cloud-storage/,Foundry & AIP,Data connectivity & integration,P1,"Current official capability navigation entry; subsystem detail, implementation guidance, or API/tool documentation.",2026-07-27,Data connectivity & integration
Google Contacts,https://www.palantir.com/docs/foundry/available-connectors/google-contacts/,Foundry & AIP,Data connectivity & integration,P1,"Current official capability navigation entry; subsystem detail, implementation guidance, or API/tool documentation.",2026-07-27,Data connectivity & integration
Google Data Catalog,https://www.palantir.com/docs/foundry/available-connectors/google-data-catalog/,Foundry & AIP,Data connectivity & integration,P1,"Current official capability navigation entry; subsystem detail, implementation guidance, or API/tool documentation.",2026-07-27,Data connectivity & integration
Google Directory,https://www.palantir.com/docs/foundry/available-connectors/google-directory/,Foundry & AIP,Data connectivity & integration,P1,"Current official capability navigation entry; subsystem detail, implementation guidance, or API/tool documentation.",2026-07-27,Data connectivity & integration
Google Drive,https://www.palantir.com/docs/foundry/available-connectors/google-drive/,Foundry & AIP,Data connectivity & integration,P1,"Current official capability navigation entry; subsystem detail, implementation guidance, or API/tool documentation.",2026-07-27,Data connectivity & integration
Google Search,https://www.palantir.com/docs/foundry/available-connectors/google-search/,Foundry & AIP,Data connectivity & integration,P1,"Current official capability navigation entry; subsystem detail, implementation guidance, or API/tool documentation.",2026-07-27,Data connectivity & integration
Google Sheets,https://www.palantir.com/docs/foundry/available-connectors/google-sheets/,Foundry & AIP,Data connectivity & integration,P1,"Current official capability navigation entry; subsystem detail, implementation guidance, or API/tool documentation.",2026-07-27,Data connectivity & integration
Google Spanner,https://www.palantir.com/docs/foundry/available-connectors/google-spanner/,Foundry & AIP,Data connectivity & integration,P1,"Current official capability navigation entry; subsystem detail, implementation guidance, or API/tool documentation.",2026-07-27,Data connectivity & integration
GraphQL,https://www.palantir.com/docs/foundry/available-connectors/graphql/,Foundry & AIP,Data connectivity & integration,P1,"Current official capability navigation entry; subsystem detail, implementation guidance, or API/tool documentation.",2026-07-27,Data connectivity & integration
Greenplum,https://www.palantir.com/docs/foundry/available-connectors/greenplum/,Foundry & AIP,Data connectivity & integration,P1,"Current official capability navigation entry; subsystem detail, implementation guidance, or API/tool documentation.",2026-07-27,Data connectivity & integration
HDFS,https://www.palantir.com/docs/foundry/available-connectors/hdfs/,Foundry & AIP,Data connectivity & integration,P1,"Current official capability navigation entry; subsystem detail, implementation guidance, or API/tool documentation.",2026-07-27,Data connectivity & integration
Highrise,https://www.palantir.com/docs/foundry/available-connectors/highrise/,Foundry & AIP,Data connectivity & integration,P1,"Current official capability navigation entry; subsystem detail, implementation guidance, or API/tool documentation.",2026-07-27,Data connectivity & integration
Hubspot,https://www.palantir.com/docs/foundry/available-connectors/hubspot/,Foundry & AIP,Data connectivity & integration,P1,"Current official capability navigation entry; subsystem detail, implementation guidance, or API/tool documentation.",2026-07-27,Data connectivity & integration
IBM Cloud Data Engine,https://www.palantir.com/docs/foundry/available-connectors/ibm-cloud-data-engine/,Foundry & AIP,Data connectivity & integration,P1,"Current official capability navigation entry; subsystem detail, implementation guidance, or API/tool documentation.",2026-07-27,Data connectivity & integration
IBM Cloud Object Storage,https://www.palantir.com/docs/foundry/available-connectors/ibm-cloud-object-storage/,Foundry & AIP,Data connectivity & integration,P1,"Current official capability navigation entry; subsystem detail, implementation guidance, or API/tool documentation.",2026-07-27,Data connectivity & integration
Instagram,https://www.palantir.com/docs/foundry/available-connectors/instagram/,Foundry & AIP,Data connectivity & integration,P1,"Current official capability navigation entry; subsystem detail, implementation guidance, or API/tool documentation.",2026-07-27,Data connectivity & integration
Jira Service Management,https://www.palantir.com/docs/foundry/available-connectors/jira-service-management/,Foundry & AIP,Data connectivity & integration,P1,"Current official capability navigation entry; subsystem detail, implementation guidance, or API/tool documentation.",2026-07-27,Data connectivity & integration
Kafka,https://www.palantir.com/docs/foundry/available-connectors/kafka/,Foundry & AIP,Data connectivity & integration,P1,"Current official capability navigation entry; subsystem detail, implementation guidance, or API/tool documentation.",2026-07-27,Data connectivity & integration
Kintone,https://www.palantir.com/docs/foundry/available-connectors/kintone/,Foundry & AIP,Data connectivity & integration,P1,"Current official capability navigation entry; subsystem detail, implementation guidance, or API/tool documentation.",2026-07-27,Data connectivity & integration
LDAP,https://www.palantir.com/docs/foundry/available-connectors/ldap/,Foundry & AIP,Data connectivity & integration,P1,"Current official capability navigation entry; subsystem detail, implementation guidance, or API/tool documentation.",2026-07-27,Data connectivity & integration
LinkedIn Marketing Solutions,https://www.palantir.com/docs/foundry/available-connectors/linkedin-marketing-solutions/,Foundry & AIP,Data connectivity & integration,P1,"Current official capability navigation entry; subsystem detail, implementation guidance, or API/tool documentation.",2026-07-27,Data connectivity & integration
LinkedIn,https://www.palantir.com/docs/foundry/available-connectors/linkedin/,Foundry & AIP,Data connectivity & integration,P1,"Current official capability navigation entry; subsystem detail, implementation guidance, or API/tool documentation.",2026-07-27,Data connectivity & integration
REST API plugin (legacy),https://www.palantir.com/docs/foundry/available-connectors/magritte-rest-v2/,Foundry & AIP,Data connectivity & integration,P1,"Current official capability navigation entry; subsystem detail, implementation guidance, or API/tool documentation.",2026-07-27,Data connectivity & integration
Mailchimp,https://www.palantir.com/docs/foundry/available-connectors/mailchimp/,Foundry & AIP,Data connectivity & integration,P1,"Current official capability navigation entry; subsystem detail, implementation guidance, or API/tool documentation.",2026-07-27,Data connectivity & integration
Marketo,https://www.palantir.com/docs/foundry/available-connectors/marketo/,Foundry & AIP,Data connectivity & integration,P1,"Current official capability navigation entry; subsystem detail, implementation guidance, or API/tool documentation.",2026-07-27,Data connectivity & integration
MarkLogic,https://www.palantir.com/docs/foundry/available-connectors/marklogic/,Foundry & AIP,Data connectivity & integration,P1,"Current official capability navigation entry; subsystem detail, implementation guidance, or API/tool documentation.",2026-07-27,Data connectivity & integration
Microsoft Access,https://www.palantir.com/docs/foundry/available-connectors/microsoft-access/,Foundry & AIP,Data connectivity & integration,P1,"Current official capability navigation entry; subsystem detail, implementation guidance, or API/tool documentation.",2026-07-27,Data connectivity & integration
Microsoft Ads,https://www.palantir.com/docs/foundry/available-connectors/microsoft-ads/,Foundry & AIP,Data connectivity & integration,P1,"Current official capability navigation entry; subsystem detail, implementation guidance, or API/tool documentation.",2026-07-27,Data connectivity & integration
Microsoft Bing,https://www.palantir.com/docs/foundry/available-connectors/microsoft-bing/,Foundry & AIP,Data connectivity & integration,P1,"Current official capability navigation entry; subsystem detail, implementation guidance, or API/tool documentation.",2026-07-27,Data connectivity & integration
Microsoft Dataverse,https://www.palantir.com/docs/foundry/available-connectors/microsoft-dataverse/,Foundry & AIP,Data connectivity & integration,P1,"Current official capability navigation entry; subsystem detail, implementation guidance, or API/tool documentation.",2026-07-27,Data connectivity & integration
Microsoft Dynamics 365 Business Central,https://www.palantir.com/docs/foundry/available-connectors/microsoft-dynamics-365-business-central/,Foundry & AIP,Data connectivity & integration,P1,"Current official capability navigation entry; subsystem detail, implementation guidance, or API/tool documentation.",2026-07-27,Data connectivity & integration
Microsoft Dynamics 365,https://www.palantir.com/docs/foundry/available-connectors/microsoft-dynamics-365/,Foundry & AIP,Data connectivity & integration,P1,"Current official capability navigation entry; subsystem detail, implementation guidance, or API/tool documentation.",2026-07-27,Data connectivity & integration
Microsoft Dynamics CRM,https://www.palantir.com/docs/foundry/available-connectors/microsoft-dynamics-crm/,Foundry & AIP,Data connectivity & integration,P1,"Current official capability navigation entry; subsystem detail, implementation guidance, or API/tool documentation.",2026-07-27,Data connectivity & integration
Microsoft Dynamics GP,https://www.palantir.com/docs/foundry/available-connectors/microsoft-dynamics-gp/,Foundry & AIP,Data connectivity & integration,P1,"Current official capability navigation entry; subsystem detail, implementation guidance, or API/tool documentation.",2026-07-27,Data connectivity & integration
Microsoft Dynamics NAV,https://www.palantir.com/docs/foundry/available-connectors/microsoft-dynamics-nav/,Foundry & AIP,Data connectivity & integration,P1,"Current official capability navigation entry; subsystem detail, implementation guidance, or API/tool documentation.",2026-07-27,Data connectivity & integration
Microsoft Excel Online,https://www.palantir.com/docs/foundry/available-connectors/microsoft-excel-online/,Foundry & AIP,Data connectivity & integration,P1,"Current official capability navigation entry; subsystem detail, implementation guidance, or API/tool documentation.",2026-07-27,Data connectivity & integration
Microsoft Excel,https://www.palantir.com/docs/foundry/available-connectors/microsoft-excel/,Foundry & AIP,Data connectivity & integration,P1,"Current official capability navigation entry; subsystem detail, implementation guidance, or API/tool documentation.",2026-07-27,Data connectivity & integration
Microsoft Exchange,https://www.palantir.com/docs/foundry/available-connectors/microsoft-exchange/,Foundry & AIP,Data connectivity & integration,P1,"Current official capability navigation entry; subsystem detail, implementation guidance, or API/tool documentation.",2026-07-27,Data connectivity & integration
Microsoft Office 365,https://www.palantir.com/docs/foundry/available-connectors/microsoft-office-365/,Foundry & AIP,Data connectivity & integration,P1,"Current official capability navigation entry; subsystem detail, implementation guidance, or API/tool documentation.",2026-07-27,Data connectivity & integration
Microsoft OneDrive,https://www.palantir.com/docs/foundry/available-connectors/microsoft-onedrive/,Foundry & AIP,Data connectivity & integration,P1,"Current official capability navigation entry; subsystem detail, implementation guidance, or API/tool documentation.",2026-07-27,Data connectivity & integration
Microsoft OneNote,https://www.palantir.com/docs/foundry/available-connectors/microsoft-onenote/,Foundry & AIP,Data connectivity & integration,P1,"Current official capability navigation entry; subsystem detail, implementation guidance, or API/tool documentation.",2026-07-27,Data connectivity & integration
Microsoft Planner,https://www.palantir.com/docs/foundry/available-connectors/microsoft-planner/,Foundry & AIP,Data connectivity & integration,P1,"Current official capability navigation entry; subsystem detail, implementation guidance, or API/tool documentation.",2026-07-27,Data connectivity & integration
Microsoft Power BI® XMLA,https://www.palantir.com/docs/foundry/available-connectors/microsoft-power-bi-xmla/,Foundry & AIP,Data connectivity & integration,P1,"Current official capability navigation entry; subsystem detail, implementation guidance, or API/tool documentation.",2026-07-27,Data connectivity & integration
Microsoft Project,https://www.palantir.com/docs/foundry/available-connectors/microsoft-project/,Foundry & AIP,Data connectivity & integration,P1,"Current official capability navigation entry; subsystem detail, implementation guidance, or API/tool documentation.",2026-07-27,Data connectivity & integration
Microsoft SharePoint Excel,https://www.palantir.com/docs/foundry/available-connectors/microsoft-sharepoint-excel/,Foundry & AIP,Data connectivity & integration,P1,"Current official capability navigation entry; subsystem detail, implementation guidance, or API/tool documentation.",2026-07-27,Data connectivity & integration
Microsoft SharePoint,https://www.palantir.com/docs/foundry/available-connectors/microsoft-sharepoint/,Foundry & AIP,Data connectivity & integration,P1,"Current official capability navigation entry; subsystem detail, implementation guidance, or API/tool documentation.",2026-07-27,Data connectivity & integration
Microsoft SQL Server Analysis Services,https://www.palantir.com/docs/foundry/available-connectors/microsoft-sql-server-analysis-services/,Foundry & AIP,Data connectivity & integration,P1,"Current official capability navigation entry; subsystem detail, implementation guidance, or API/tool documentation.",2026-07-27,Data connectivity & integration
Microsoft SQL Server,https://www.palantir.com/docs/foundry/available-connectors/microsoft-sql-server/,Foundry & AIP,Data connectivity & integration,P1,"Current official capability navigation entry; subsystem detail, implementation guidance, or API/tool documentation.",2026-07-27,Data connectivity & integration
Microsoft Teams,https://www.palantir.com/docs/foundry/available-connectors/microsoft-teams/,Foundry & AIP,Data connectivity & integration,P1,"Current official capability navigation entry; subsystem detail, implementation guidance, or API/tool documentation.",2026-07-27,Data connectivity & integration
Monday,https://www.palantir.com/docs/foundry/available-connectors/monday/,Foundry & AIP,Data connectivity & integration,P1,"Current official capability navigation entry; subsystem detail, implementation guidance, or API/tool documentation.",2026-07-27,Data connectivity & integration
MYOB,https://www.palantir.com/docs/foundry/available-connectors/myob/,Foundry & AIP,Data connectivity & integration,P1,"Current official capability navigation entry; subsystem detail, implementation guidance, or API/tool documentation.",2026-07-27,Data connectivity & integration
Available Connectors — Overview,https://www.palantir.com/docs/foundry/available-connectors/netsuite-overview/,Foundry & AIP,Data connectivity & integration,P1,"Current official capability navigation entry; subsystem detail, implementation guidance, or API/tool documentation.",2026-07-27,Data connectivity & integration
NetSuite SuiteAnalytics,https://www.palantir.com/docs/foundry/available-connectors/netsuite-suiteanalytics/,Foundry & AIP,Data connectivity & integration,P1,"Current official capability navigation entry; subsystem detail, implementation guidance, or API/tool documentation.",2026-07-27,Data connectivity & integration
NetSuite SuiteQL (JDBC),https://www.palantir.com/docs/foundry/available-connectors/netsuite-suiteql-jdbc/,Foundry & AIP,Data connectivity & integration,P1,"Current official capability navigation entry; subsystem detail, implementation guidance, or API/tool documentation.",2026-07-27,Data connectivity & integration
NetSuite SuiteTalk (JDBC),https://www.palantir.com/docs/foundry/available-connectors/netsuite-suitetalk-jdbc/,Foundry & AIP,Data connectivity & integration,P1,"Current official capability navigation entry; subsystem detail, implementation guidance, or API/tool documentation.",2026-07-27,Data connectivity & integration
NoSQL stores,https://www.palantir.com/docs/foundry/available-connectors/nosql-stores/,Foundry & AIP,Data connectivity & integration,P1,"Current official capability navigation entry; subsystem detail, implementation guidance, or API/tool documentation.",2026-07-27,Data connectivity & integration
OData,https://www.palantir.com/docs/foundry/available-connectors/odata/,Foundry & AIP,Data connectivity & integration,P1,"Current official capability navigation entry; subsystem detail, implementation guidance, or API/tool documentation.",2026-07-27,Data connectivity & integration
Odoo,https://www.palantir.com/docs/foundry/available-connectors/odoo/,Foundry & AIP,Data connectivity & integration,P1,"Current official capability navigation entry; subsystem detail, implementation guidance, or API/tool documentation.",2026-07-27,Data connectivity & integration
OneLake and Azure Blob Filesystem (ABFS),https://www.palantir.com/docs/foundry/available-connectors/onelake-and-azure-blob-filesystem/,Foundry & AIP,Data connectivity & integration,P1,"Current official capability navigation entry; subsystem detail, implementation guidance, or API/tool documentation.",2026-07-27,Data connectivity & integration
Oracle Eloqua,https://www.palantir.com/docs/foundry/available-connectors/oracle-eloqua/,Foundry & AIP,Data connectivity & integration,P1,"Current official capability navigation entry; subsystem detail, implementation guidance, or API/tool documentation.",2026-07-27,Data connectivity & integration
Oracle Fusion Cloud Financials,https://www.palantir.com/docs/foundry/available-connectors/oracle-fusion-cloud-financials/,Foundry & AIP,Data connectivity & integration,P1,"Current official capability navigation entry; subsystem detail, implementation guidance, or API/tool documentation.",2026-07-27,Data connectivity & integration
Oracle Fusion Cloud HCM,https://www.palantir.com/docs/foundry/available-connectors/oracle-fusion-cloud-hcm/,Foundry & AIP,Data connectivity & integration,P1,"Current official capability navigation entry; subsystem detail, implementation guidance, or API/tool documentation.",2026-07-27,Data connectivity & integration
Oracle Fusion Cloud SCM,https://www.palantir.com/docs/foundry/available-connectors/oracle-fusion-cloud-scm/,Foundry & AIP,Data connectivity & integration,P1,"Current official capability navigation entry; subsystem detail, implementation guidance, or API/tool documentation.",2026-07-27,Data connectivity & integration
Oracle Sales,https://www.palantir.com/docs/foundry/available-connectors/oracle-sales/,Foundry & AIP,Data connectivity & integration,P1,"Current official capability navigation entry; subsystem detail, implementation guidance, or API/tool documentation.",2026-07-27,Data connectivity & integration
Oracle Service Cloud,https://www.palantir.com/docs/foundry/available-connectors/oracle-service-cloud/,Foundry & AIP,Data connectivity & integration,P1,"Current official capability navigation entry; subsystem detail, implementation guidance, or API/tool documentation.",2026-07-27,Data connectivity & integration
Oracle Database,https://www.palantir.com/docs/foundry/available-connectors/oracle/,Foundry & AIP,Data connectivity & integration,P1,"Current official capability navigation entry; subsystem detail, implementation guidance, or API/tool documentation.",2026-07-27,Data connectivity & integration
Other source types,https://www.palantir.com/docs/foundry/available-connectors/other-source-types/,Foundry & AIP,Data connectivity & integration,P1,"Current official capability navigation entry; subsystem detail, implementation guidance, or API/tool documentation.",2026-07-27,Data connectivity & integration
Outreach,https://www.palantir.com/docs/foundry/available-connectors/outreach/,Foundry & AIP,Data connectivity & integration,P1,"Current official capability navigation entry; subsystem detail, implementation guidance, or API/tool documentation.",2026-07-27,Data connectivity & integration
Paylocity,https://www.palantir.com/docs/foundry/available-connectors/paylocity/,Foundry & AIP,Data connectivity & integration,P1,"Current official capability navigation entry; subsystem detail, implementation guidance, or API/tool documentation.",2026-07-27,Data connectivity & integration
PayPal,https://www.palantir.com/docs/foundry/available-connectors/paypal/,Foundry & AIP,Data connectivity & integration,P1,"Current official capability navigation entry; subsystem detail, implementation guidance, or API/tool documentation.",2026-07-27,Data connectivity & integration
PI System,https://www.palantir.com/docs/foundry/available-connectors/pi/,Foundry & AIP,Data connectivity & integration,P1,"Current official capability navigation entry; subsystem detail, implementation guidance, or API/tool documentation.",2026-07-27,Data connectivity & integration
Pinterest,https://www.palantir.com/docs/foundry/available-connectors/pinterest/,Foundry & AIP,Data connectivity & integration,P1,"Current official capability navigation entry; subsystem detail, implementation guidance, or API/tool documentation.",2026-07-27,Data connectivity & integration
Pipedrive,https://www.palantir.com/docs/foundry/available-connectors/pipedrive/,Foundry & AIP,Data connectivity & integration,P1,"Current official capability navigation entry; subsystem detail, implementation guidance, or API/tool documentation.",2026-07-27,Data connectivity & integration
PostgreSQL,https://www.palantir.com/docs/foundry/available-connectors/postgresql/,Foundry & AIP,Data connectivity & integration,P1,"Current official capability navigation entry; subsystem detail, implementation guidance, or API/tool documentation.",2026-07-27,Data connectivity & integration
Presto,https://www.palantir.com/docs/foundry/available-connectors/presto/,Foundry & AIP,Data connectivity & integration,P1,"Current official capability navigation entry; subsystem detail, implementation guidance, or API/tool documentation.",2026-07-27,Data connectivity & integration
Google Pub/Sub,https://www.palantir.com/docs/foundry/available-connectors/pubsub/,Foundry & AIP,Data connectivity & integration,P1,"Current official capability navigation entry; subsystem detail, implementation guidance, or API/tool documentation.",2026-07-27,Data connectivity & integration
Quickbase,https://www.palantir.com/docs/foundry/available-connectors/quickbase/,Foundry & AIP,Data connectivity & integration,P1,"Current official capability navigation entry; subsystem detail, implementation guidance, or API/tool documentation.",2026-07-27,Data connectivity & integration
QuickBooks Desktop,https://www.palantir.com/docs/foundry/available-connectors/quickbooks-desktop/,Foundry & AIP,Data connectivity & integration,P1,"Current official capability navigation entry; subsystem detail, implementation guidance, or API/tool documentation.",2026-07-27,Data connectivity & integration
QuickBooks Online,https://www.palantir.com/docs/foundry/available-connectors/quickbooks-online/,Foundry & AIP,Data connectivity & integration,P1,"Current official capability navigation entry; subsystem detail, implementation guidance, or API/tool documentation.",2026-07-27,Data connectivity & integration
QuickBooks POS,https://www.palantir.com/docs/foundry/available-connectors/quickbooks-pos/,Foundry & AIP,Data connectivity & integration,P1,"Current official capability navigation entry; subsystem detail, implementation guidance, or API/tool documentation.",2026-07-27,Data connectivity & integration
Raisers Edge NXT,https://www.palantir.com/docs/foundry/available-connectors/raisers-edge-nxt/,Foundry & AIP,Data connectivity & integration,P1,"Current official capability navigation entry; subsystem detail, implementation guidance, or API/tool documentation.",2026-07-27,Data connectivity & integration
Reckon Accounts Hosted,https://www.palantir.com/docs/foundry/available-connectors/reckon-accounts-hosted/,Foundry & AIP,Data connectivity & integration,P1,"Current official capability navigation entry; subsystem detail, implementation guidance, or API/tool documentation.",2026-07-27,Data connectivity & integration
Reckon,https://www.palantir.com/docs/foundry/available-connectors/reckon/,Foundry & AIP,Data connectivity & integration,P1,"Current official capability navigation entry; subsystem detail, implementation guidance, or API/tool documentation.",2026-07-27,Data connectivity & integration
Redis,https://www.palantir.com/docs/foundry/available-connectors/redis/,Foundry & AIP,Data connectivity & integration,P1,"Current official capability navigation entry; subsystem detail, implementation guidance, or API/tool documentation.",2026-07-27,Data connectivity & integration
REST APIs,https://www.palantir.com/docs/foundry/available-connectors/rest-apis/,Foundry & AIP,Data connectivity & integration,P1,"Current official capability navigation entry; subsystem detail, implementation guidance, or API/tool documentation.",2026-07-27,Data connectivity & integration
RSS,https://www.palantir.com/docs/foundry/available-connectors/rss/,Foundry & AIP,Data connectivity & integration,P1,"Current official capability navigation entry; subsystem detail, implementation guidance, or API/tool documentation.",2026-07-27,Data connectivity & integration
Sage 200,https://www.palantir.com/docs/foundry/available-connectors/sage-200/,Foundry & AIP,Data connectivity & integration,P1,"Current official capability navigation entry; subsystem detail, implementation guidance, or API/tool documentation.",2026-07-27,Data connectivity & integration
Sage 300,https://www.palantir.com/docs/foundry/available-connectors/sage-300/,Foundry & AIP,Data connectivity & integration,P1,"Current official capability navigation entry; subsystem detail, implementation guidance, or API/tool documentation.",2026-07-27,Data connectivity & integration
Sage 50 UK,https://www.palantir.com/docs/foundry/available-connectors/sage-50-uk/,Foundry & AIP,Data connectivity & integration,P1,"Current official capability navigation entry; subsystem detail, implementation guidance, or API/tool documentation.",2026-07-27,Data connectivity & integration
Sage Business Cloud Accounting,https://www.palantir.com/docs/foundry/available-connectors/sage-business-cloud-accounting/,Foundry & AIP,Data connectivity & integration,P1,"Current official capability navigation entry; subsystem detail, implementation guidance, or API/tool documentation.",2026-07-27,Data connectivity & integration
Salesforce Marketing Cloud Account Engagement,https://www.palantir.com/docs/foundry/available-connectors/salesforce-marketing-cloud-account-engagement/,Foundry & AIP,Data connectivity & integration,P1,"Current official capability navigation entry; subsystem detail, implementation guidance, or API/tool documentation.",2026-07-27,Data connectivity & integration
Salesforce Marketing Cloud,https://www.palantir.com/docs/foundry/available-connectors/salesforce-marketing-cloud/,Foundry & AIP,Data connectivity & integration,P1,"Current official capability navigation entry; subsystem detail, implementation guidance, or API/tool documentation.",2026-07-27,Data connectivity & integration
Salesforce,https://www.palantir.com/docs/foundry/available-connectors/salesforce/,Foundry & AIP,Data connectivity & integration,P1,"Current official capability navigation entry; subsystem detail, implementation guidance, or API/tool documentation.",2026-07-27,Data connectivity & integration
Salesloft,https://www.palantir.com/docs/foundry/available-connectors/salesloft/,Foundry & AIP,Data connectivity & integration,P1,"Current official capability navigation entry; subsystem detail, implementation guidance, or API/tool documentation.",2026-07-27,Data connectivity & integration
SAP Ariba Procurement,https://www.palantir.com/docs/foundry/available-connectors/sap-ariba-procurement/,Foundry & AIP,Data connectivity & integration,P1,"Current official capability navigation entry; subsystem detail, implementation guidance, or API/tool documentation.",2026-07-27,Data connectivity & integration
SAP Business One,https://www.palantir.com/docs/foundry/available-connectors/sap-business-one/,Foundry & AIP,Data connectivity & integration,P1,"Current official capability navigation entry; subsystem detail, implementation guidance, or API/tool documentation.",2026-07-27,Data connectivity & integration
SAP BusinessObjects BI,https://www.palantir.com/docs/foundry/available-connectors/sap-businessobjects-bi/,Foundry & AIP,Data connectivity & integration,P1,"Current official capability navigation entry; subsystem detail, implementation guidance, or API/tool documentation.",2026-07-27,Data connectivity & integration
SAP ByDesign,https://www.palantir.com/docs/foundry/available-connectors/sap-bydesign/,Foundry & AIP,Data connectivity & integration,P1,"Current official capability navigation entry; subsystem detail, implementation guidance, or API/tool documentation.",2026-07-27,Data connectivity & integration
SAP Cloud for Customer,https://www.palantir.com/docs/foundry/available-connectors/sap-cloud-for-customer/,Foundry & AIP,Data connectivity & integration,P1,"Current official capability navigation entry; subsystem detail, implementation guidance, or API/tool documentation.",2026-07-27,Data connectivity & integration
SAP Concur,https://www.palantir.com/docs/foundry/available-connectors/sap-concur/,Foundry & AIP,Data connectivity & integration,P1,"Current official capability navigation entry; subsystem detail, implementation guidance, or API/tool documentation.",2026-07-27,Data connectivity & integration
SAP (Custom source),https://www.palantir.com/docs/foundry/available-connectors/sap-custom-source/,Foundry & AIP,Data connectivity & integration,P1,"Current official capability navigation entry; subsystem detail, implementation guidance, or API/tool documentation.",2026-07-27,Data connectivity & integration
SAP ERP,https://www.palantir.com/docs/foundry/available-connectors/sap-erp/,Foundry & AIP,Data connectivity & integration,P1,"Current official capability navigation entry; subsystem detail, implementation guidance, or API/tool documentation.",2026-07-27,Data connectivity & integration
SAP Fieldglass,https://www.palantir.com/docs/foundry/available-connectors/sap-fieldglass/,Foundry & AIP,Data connectivity & integration,P1,"Current official capability navigation entry; subsystem detail, implementation guidance, or API/tool documentation.",2026-07-27,Data connectivity & integration
SAP HANA XSA,https://www.palantir.com/docs/foundry/available-connectors/sap-hana-xsa/,Foundry & AIP,Data connectivity & integration,P1,"Current official capability navigation entry; subsystem detail, implementation guidance, or API/tool documentation.",2026-07-27,Data connectivity & integration
SAP SLT,https://www.palantir.com/docs/foundry/available-connectors/sap-slt/,Foundry & AIP,Data connectivity & integration,P1,"Current official capability navigation entry; subsystem detail, implementation guidance, or API/tool documentation.",2026-07-27,Data connectivity & integration
SAP SuccessFactors,https://www.palantir.com/docs/foundry/available-connectors/sap-successfactors/,Foundry & AIP,Data connectivity & integration,P1,"Current official capability navigation entry; subsystem detail, implementation guidance, or API/tool documentation.",2026-07-27,Data connectivity & integration
SAS Data Sets,https://www.palantir.com/docs/foundry/available-connectors/sas-data-sets/,Foundry & AIP,Data connectivity & integration,P1,"Current official capability navigation entry; subsystem detail, implementation guidance, or API/tool documentation.",2026-07-27,Data connectivity & integration
SAS Xpt,https://www.palantir.com/docs/foundry/available-connectors/sas-xpt/,Foundry & AIP,Data connectivity & integration,P1,"Current official capability navigation entry; subsystem detail, implementation guidance, or API/tool documentation.",2026-07-27,Data connectivity & integration
SendGrid,https://www.palantir.com/docs/foundry/available-connectors/sendgrid/,Foundry & AIP,Data connectivity & integration,P1,"Current official capability navigation entry; subsystem detail, implementation guidance, or API/tool documentation.",2026-07-27,Data connectivity & integration
SFTP,https://www.palantir.com/docs/foundry/available-connectors/sftp/,Foundry & AIP,Data connectivity & integration,P1,"Current official capability navigation entry; subsystem detail, implementation guidance, or API/tool documentation.",2026-07-27,Data connectivity & integration
SharePoint Online,https://www.palantir.com/docs/foundry/available-connectors/sharepoint-online/,Foundry & AIP,Data connectivity & integration,P1,"Current official capability navigation entry; subsystem detail, implementation guidance, or API/tool documentation.",2026-07-27,Data connectivity & integration
ShipStation,https://www.palantir.com/docs/foundry/available-connectors/shipstation/,Foundry & AIP,Data connectivity & integration,P1,"Current official capability navigation entry; subsystem detail, implementation guidance, or API/tool documentation.",2026-07-27,Data connectivity & integration
Shopify,https://www.palantir.com/docs/foundry/available-connectors/shopify/,Foundry & AIP,Data connectivity & integration,P1,"Current official capability navigation entry; subsystem detail, implementation guidance, or API/tool documentation.",2026-07-27,Data connectivity & integration
SingleStore,https://www.palantir.com/docs/foundry/available-connectors/singlestore/,Foundry & AIP,Data connectivity & integration,P1,"Current official capability navigation entry; subsystem detail, implementation guidance, or API/tool documentation.",2026-07-27,Data connectivity & integration
Slack,https://www.palantir.com/docs/foundry/available-connectors/slack/,Foundry & AIP,Data connectivity & integration,P1,"Current official capability navigation entry; subsystem detail, implementation guidance, or API/tool documentation.",2026-07-27,Data connectivity & integration
Smartsheet,https://www.palantir.com/docs/foundry/available-connectors/smartsheet/,Foundry & AIP,Data connectivity & integration,P1,"Current official capability navigation entry; subsystem detail, implementation guidance, or API/tool documentation.",2026-07-27,Data connectivity & integration
SMB,https://www.palantir.com/docs/foundry/available-connectors/smb/,Foundry & AIP,Data connectivity & integration,P1,"Current official capability navigation entry; subsystem detail, implementation guidance, or API/tool documentation.",2026-07-27,Data connectivity & integration
Snapchat Ads,https://www.palantir.com/docs/foundry/available-connectors/snapchat-ads/,Foundry & AIP,Data connectivity & integration,P1,"Current official capability navigation entry; subsystem detail, implementation guidance, or API/tool documentation.",2026-07-27,Data connectivity & integration
Snowflake,https://www.palantir.com/docs/foundry/available-connectors/snowflake/,Foundry & AIP,Data connectivity & integration,P1,"Current official capability navigation entry; subsystem detail, implementation guidance, or API/tool documentation.",2026-07-27,Data connectivity & integration
Spark SQL,https://www.palantir.com/docs/foundry/available-connectors/spark-sql/,Foundry & AIP,Data connectivity & integration,P1,"Current official capability navigation entry; subsystem detail, implementation guidance, or API/tool documentation.",2026-07-27,Data connectivity & integration
Splunk,https://www.palantir.com/docs/foundry/available-connectors/splunk/,Foundry & AIP,Data connectivity & integration,P1,"Current official capability navigation entry; subsystem detail, implementation guidance, or API/tool documentation.",2026-07-27,Data connectivity & integration
Square,https://www.palantir.com/docs/foundry/available-connectors/square/,Foundry & AIP,Data connectivity & integration,P1,"Current official capability navigation entry; subsystem detail, implementation guidance, or API/tool documentation.",2026-07-27,Data connectivity & integration
Streak,https://www.palantir.com/docs/foundry/available-connectors/streak/,Foundry & AIP,Data connectivity & integration,P1,"Current official capability navigation entry; subsystem detail, implementation guidance, or API/tool documentation.",2026-07-27,Data connectivity & integration
Stripe,https://www.palantir.com/docs/foundry/available-connectors/stripe/,Foundry & AIP,Data connectivity & integration,P1,"Current official capability navigation entry; subsystem detail, implementation guidance, or API/tool documentation.",2026-07-27,Data connectivity & integration
SugarCRM,https://www.palantir.com/docs/foundry/available-connectors/sugarcrm/,Foundry & AIP,Data connectivity & integration,P1,"Current official capability navigation entry; subsystem detail, implementation guidance, or API/tool documentation.",2026-07-27,Data connectivity & integration
SuiteCRM,https://www.palantir.com/docs/foundry/available-connectors/suitecrm/,Foundry & AIP,Data connectivity & integration,P1,"Current official capability navigation entry; subsystem detail, implementation guidance, or API/tool documentation.",2026-07-27,Data connectivity & integration
SurveyMonkey,https://www.palantir.com/docs/foundry/available-connectors/surveymonkey/,Foundry & AIP,Data connectivity & integration,P1,"Current official capability navigation entry; subsystem detail, implementation guidance, or API/tool documentation.",2026-07-27,Data connectivity & integration
SybaseIQ,https://www.palantir.com/docs/foundry/available-connectors/sybaseiq/,Foundry & AIP,Data connectivity & integration,P1,"Current official capability navigation entry; subsystem detail, implementation guidance, or API/tool documentation.",2026-07-27,Data connectivity & integration
Tableau CRM Analytics,https://www.palantir.com/docs/foundry/available-connectors/tableau-crm-analytics/,Foundry & AIP,Data connectivity & integration,P1,"Current official capability navigation entry; subsystem detail, implementation guidance, or API/tool documentation.",2026-07-27,Data connectivity & integration
Tally,https://www.palantir.com/docs/foundry/available-connectors/tally/,Foundry & AIP,Data connectivity & integration,P1,"Current official capability navigation entry; subsystem detail, implementation guidance, or API/tool documentation.",2026-07-27,Data connectivity & integration
TaxJar,https://www.palantir.com/docs/foundry/available-connectors/taxjar/,Foundry & AIP,Data connectivity & integration,P1,"Current official capability navigation entry; subsystem detail, implementation guidance, or API/tool documentation.",2026-07-27,Data connectivity & integration
Trello,https://www.palantir.com/docs/foundry/available-connectors/trello/,Foundry & AIP,Data connectivity & integration,P1,"Current official capability navigation entry; subsystem detail, implementation guidance, or API/tool documentation.",2026-07-27,Data connectivity & integration
TSheets,https://www.palantir.com/docs/foundry/available-connectors/tsheets/,Foundry & AIP,Data connectivity & integration,P1,"Current official capability navigation entry; subsystem detail, implementation guidance, or API/tool documentation.",2026-07-27,Data connectivity & integration
Twilio,https://www.palantir.com/docs/foundry/available-connectors/twilio/,Foundry & AIP,Data connectivity & integration,P1,"Current official capability navigation entry; subsystem detail, implementation guidance, or API/tool documentation.",2026-07-27,Data connectivity & integration
Twitter Ads,https://www.palantir.com/docs/foundry/available-connectors/twitter-ads/,Foundry & AIP,Data connectivity & integration,P1,"Current official capability navigation entry; subsystem detail, implementation guidance, or API/tool documentation.",2026-07-27,Data connectivity & integration
Veeva Vault,https://www.palantir.com/docs/foundry/available-connectors/veeva-vault/,Foundry & AIP,Data connectivity & integration,P1,"Current official capability navigation entry; subsystem detail, implementation guidance, or API/tool documentation.",2026-07-27,Data connectivity & integration
Wave Financial,https://www.palantir.com/docs/foundry/available-connectors/wave-financial/,Foundry & AIP,Data connectivity & integration,P1,"Current official capability navigation entry; subsystem detail, implementation guidance, or API/tool documentation.",2026-07-27,Data connectivity & integration
Web Feature Service (WFS),https://www.palantir.com/docs/foundry/available-connectors/wfs/,Foundry & AIP,Data connectivity & integration,P1,"Current official capability navigation entry; subsystem detail, implementation guidance, or API/tool documentation.",2026-07-27,Data connectivity & integration
WooCommerce,https://www.palantir.com/docs/foundry/available-connectors/woocommerce/,Foundry & AIP,Data connectivity & integration,P1,"Current official capability navigation entry; subsystem detail, implementation guidance, or API/tool documentation.",2026-07-27,Data connectivity & integration
WordPress,https://www.palantir.com/docs/foundry/available-connectors/wordpress/,Foundry & AIP,Data connectivity & integration,P1,"Current official capability navigation entry; subsystem detail, implementation guidance, or API/tool documentation.",2026-07-27,Data connectivity & integration
xBase,https://www.palantir.com/docs/foundry/available-connectors/xbase/,Foundry & AIP,Data connectivity & integration,P1,"Current official capability navigation entry; subsystem detail, implementation guidance, or API/tool documentation.",2026-07-27,Data connectivity & integration
Xero WorkflowMax,https://www.palantir.com/docs/foundry/available-connectors/xero-workflowmax/,Foundry & AIP,Data connectivity & integration,P1,"Current official capability navigation entry; subsystem detail, implementation guidance, or API/tool documentation.",2026-07-27,Data connectivity & integration
Xero,https://www.palantir.com/docs/foundry/available-connectors/xero/,Foundry & AIP,Data connectivity & integration,P1,"Current official capability navigation entry; subsystem detail, implementation guidance, or API/tool documentation.",2026-07-27,Data connectivity & integration
YouTube Analytics,https://www.palantir.com/docs/foundry/available-connectors/youtube-analytics/,Foundry & AIP,Data connectivity & integration,P1,"Current official capability navigation entry; subsystem detail, implementation guidance, or API/tool documentation.",2026-07-27,Data connectivity & integration
Zendesk,https://www.palantir.com/docs/foundry/available-connectors/zendesk/,Foundry & AIP,Data connectivity & integration,P1,"Current official capability navigation entry; subsystem detail, implementation guidance, or API/tool documentation.",2026-07-27,Data connectivity & integration
Zoho Books,https://www.palantir.com/docs/foundry/available-connectors/zoho-books/,Foundry & AIP,Data connectivity & integration,P1,"Current official capability navigation entry; subsystem detail, implementation guidance, or API/tool documentation.",2026-07-27,Data connectivity & integration
Zoho Creator,https://www.palantir.com/docs/foundry/available-connectors/zoho-creator/,Foundry & AIP,Data connectivity & integration,P1,"Current official capability navigation entry; subsystem detail, implementation guidance, or API/tool documentation.",2026-07-27,Data connectivity & integration
Zoho CRM,https://www.palantir.com/docs/foundry/available-connectors/zoho-crm/,Foundry & AIP,Data connectivity & integration,P1,"Current official capability navigation entry; subsystem detail, implementation guidance, or API/tool documentation.",2026-07-27,Data connectivity & integration
Zoho Inventory,https://www.palantir.com/docs/foundry/available-connectors/zoho-inventory/,Foundry & AIP,Data connectivity & integration,P1,"Current official capability navigation entry; subsystem detail, implementation guidance, or API/tool documentation.",2026-07-27,Data connectivity & integration
Zoho Projects,https://www.palantir.com/docs/foundry/available-connectors/zoho-projects/,Foundry & AIP,Data connectivity & integration,P1,"Current official capability navigation entry; subsystem detail, implementation guidance, or API/tool documentation.",2026-07-27,Data connectivity & integration
Zuora,https://www.palantir.com/docs/foundry/available-connectors/zuora/,Foundry & AIP,Data connectivity & integration,P1,"Current official capability navigation entry; subsystem detail, implementation guidance, or API/tool documentation.",2026-07-27,Data connectivity & integration
Branching and release process,https://www.palantir.com/docs/foundry/building-pipelines/branching-release-process/,Foundry & AIP,Data connectivity & integration,P1,"Current official capability navigation entry; subsystem detail, implementation guidance, or API/tool documentation.",2026-07-27,Data connectivity & integration
Building a production pipeline,https://www.palantir.com/docs/foundry/building-pipelines/building-production-pipeline/,Foundry & AIP,Data connectivity & integration,P1,"Current official capability navigation entry; subsystem detail, implementation guidance, or API/tool documentation.",2026-07-27,Data connectivity & integration
Common scheduling configurations,https://www.palantir.com/docs/foundry/building-pipelines/common-schedules/,Foundry & AIP,Data connectivity & integration,P1,"Current official capability navigation entry; subsystem detail, implementation guidance, or API/tool documentation.",2026-07-27,Data connectivity & integration
Compass File Lister,https://www.palantir.com/docs/foundry/building-pipelines/compass-file-lister/,Foundry & AIP,Data connectivity & integration,P1,"Current official capability navigation entry; subsystem detail, implementation guidance, or API/tool documentation.",2026-07-27,Data connectivity & integration
Considerations: Pipeline Builder and Code Repositories,https://www.palantir.com/docs/foundry/building-pipelines/considerations-pb-cr/,Foundry & AIP,Data connectivity & integration,P1,"Current official capability navigation entry; subsystem detail, implementation guidance, or API/tool documentation.",2026-07-27,Data connectivity & integration
Create a connected flow,https://www.palantir.com/docs/foundry/building-pipelines/create-a-connected-flow/,Foundry & AIP,Data connectivity & integration,P1,"Current official capability navigation entry; subsystem detail, implementation guidance, or API/tool documentation.",2026-07-27,Data connectivity & integration
Create a media set batch pipeline with Code Repositories,https://www.palantir.com/docs/foundry/building-pipelines/create-batch-pipeline-cr-media-sets/,Foundry & AIP,Data connectivity & integration,P1,"Current official capability navigation entry; subsystem detail, implementation guidance, or API/tool documentation.",2026-07-27,Data connectivity & integration
Create a dataset batch pipeline with Code Repositories,https://www.palantir.com/docs/foundry/building-pipelines/create-batch-pipeline-cr/,Foundry & AIP,Data connectivity & integration,P1,"Current official capability navigation entry; subsystem detail, implementation guidance, or API/tool documentation.",2026-07-27,Data connectivity & integration
Create a media set batch pipeline with Pipeline Builder,https://www.palantir.com/docs/foundry/building-pipelines/create-batch-pipeline-pb-media-set/,Foundry & AIP,Data connectivity & integration,P1,"Current official capability navigation entry; subsystem detail, implementation guidance, or API/tool documentation.",2026-07-27,Data connectivity & integration
Create a dataset batch pipeline with Pipeline Builder,https://www.palantir.com/docs/foundry/building-pipelines/create-batch-pipeline-pb/,Foundry & AIP,Data connectivity & integration,P1,"Current official capability navigation entry; subsystem detail, implementation guidance, or API/tool documentation.",2026-07-27,Data connectivity & integration
External pipelines with Pipeline Builder,https://www.palantir.com/docs/foundry/building-pipelines/create-external-pipeline-pb/,Foundry & AIP,Data connectivity & integration,P1,"Current official capability navigation entry; subsystem detail, implementation guidance, or API/tool documentation.",2026-07-27,Data connectivity & integration
Faster pipelines with Pipeline Builder,https://www.palantir.com/docs/foundry/building-pipelines/create-faster-pipeline-pb/,Foundry & AIP,Data connectivity & integration,P1,"Current official capability navigation entry; subsystem detail, implementation guidance, or API/tool documentation.",2026-07-27,Data connectivity & integration
Create an incremental pipeline with Pipeline Builder,https://www.palantir.com/docs/foundry/building-pipelines/create-incremental-pipeline-pb/,Foundry & AIP,Data connectivity & integration,P1,"Current official capability navigation entry; subsystem detail, implementation guidance, or API/tool documentation.",2026-07-27,Data connectivity & integration
Creating incremental syncs,https://www.palantir.com/docs/foundry/building-pipelines/create-incremental-syncs/,Foundry & AIP,Data connectivity & integration,P1,"Current official capability navigation entry; subsystem detail, implementation guidance, or API/tool documentation.",2026-07-27,Data connectivity & integration
Create a schedule,https://www.palantir.com/docs/foundry/building-pipelines/create-schedule/,Foundry & AIP,Data connectivity & integration,P1,"Current official capability navigation entry; subsystem detail, implementation guidance, or API/tool documentation.",2026-07-27,Data connectivity & integration
Create a streaming pipeline with Pipeline Builder,https://www.palantir.com/docs/foundry/building-pipelines/create-stream-pipeline-pb/,Foundry & AIP,Data connectivity & integration,P1,"Current official capability navigation entry; subsystem detail, implementation guidance, or API/tool documentation.",2026-07-27,Data connectivity & integration
Development best practices,https://www.palantir.com/docs/foundry/building-pipelines/development-best-practices/,Foundry & AIP,Data connectivity & integration,P1,"Current official capability navigation entry; subsystem detail, implementation guidance, or API/tool documentation.",2026-07-27,Data connectivity & integration
Find and manage schedules,https://www.palantir.com/docs/foundry/building-pipelines/find-manage-schedules/,Foundry & AIP,Data connectivity & integration,P1,"Current official capability navigation entry; subsystem detail, implementation guidance, or API/tool documentation.",2026-07-27,Data connectivity & integration
Building Pipelines — Overview,https://www.palantir.com/docs/foundry/building-pipelines/incremental-overview/,Foundry & AIP,Data connectivity & integration,P1,"Current official capability navigation entry; subsystem detail, implementation guidance, or API/tool documentation.",2026-07-27,Data connectivity & integration
Infer a schema for CSV or JSON files,https://www.palantir.com/docs/foundry/building-pipelines/infer-schema/,Foundry & AIP,Data connectivity & integration,P1,"Current official capability navigation entry; subsystem detail, implementation guidance, or API/tool documentation.",2026-07-27,Data connectivity & integration
Building Pipelines — Overview,https://www.palantir.com/docs/foundry/building-pipelines/logic-flows-overview/,Foundry & AIP,Data connectivity & integration,P1,"Current official capability navigation entry; subsystem detail, implementation guidance, or API/tool documentation.",2026-07-27,Data connectivity & integration
Maintaining high performance,https://www.palantir.com/docs/foundry/building-pipelines/maintaining-incremental-performance/,Foundry & AIP,Data connectivity & integration,P1,"Current official capability navigation entry; subsystem detail, implementation guidance, or API/tool documentation.",2026-07-27,Data connectivity & integration
Add schedule to a Marketplace product,https://www.palantir.com/docs/foundry/building-pipelines/marketplace-schedules/,Foundry & AIP,Data connectivity & integration,P1,"Current official capability navigation entry; subsystem detail, implementation guidance, or API/tool documentation.",2026-07-27,Data connectivity & integration
Building Pipelines — Overview,https://www.palantir.com/docs/foundry/building-pipelines/overview/,Foundry & AIP,Data connectivity & integration,P1,"Current official capability navigation entry; subsystem detail, implementation guidance, or API/tool documentation.",2026-07-27,Data connectivity & integration
Parameterization,https://www.palantir.com/docs/foundry/building-pipelines/parameterization/,Foundry & AIP,Data connectivity & integration,P1,"Current official capability navigation entry; subsystem detail, implementation guidance, or API/tool documentation.",2026-07-27,Data connectivity & integration
Types of pipelines,https://www.palantir.com/docs/foundry/building-pipelines/pipeline-types/,Foundry & AIP,Data connectivity & integration,P1,"Current official capability navigation entry; subsystem detail, implementation guidance, or API/tool documentation.",2026-07-27,Data connectivity & integration
Recommended Project and team structure,https://www.palantir.com/docs/foundry/building-pipelines/recommended-project-structure/,Foundry & AIP,Data connectivity & integration,P1,"Current official capability navigation entry; subsystem detail, implementation guidance, or API/tool documentation.",2026-07-27,Data connectivity & integration
Remove inherited markings and organizations,https://www.palantir.com/docs/foundry/building-pipelines/remove-inherited-markings/,Foundry & AIP,Data connectivity & integration,P1,"Current official capability navigation entry; subsystem detail, implementation guidance, or API/tool documentation.",2026-07-27,Data connectivity & integration
Guidance on removing markings,https://www.palantir.com/docs/foundry/building-pipelines/remove-markings/,Foundry & AIP,Data connectivity & integration,P1,"Current official capability navigation entry; subsystem detail, implementation guidance, or API/tool documentation.",2026-07-27,Data connectivity & integration
Troubleshooting reference,https://www.palantir.com/docs/foundry/building-pipelines/schedule-troubleshooting/,Foundry & AIP,Data connectivity & integration,P2,"Current official navigation entry retained for completeness; specialized, lifecycle-warning, or reference material.",2026-07-27,Data connectivity & integration
Scheduling best practices,https://www.palantir.com/docs/foundry/building-pipelines/scheduling-best-practices/,Foundry & AIP,Data connectivity & integration,P1,"Current official capability navigation entry; subsystem detail, implementation guidance, or API/tool documentation.",2026-07-27,Data connectivity & integration
Building Pipelines — Overview,https://www.palantir.com/docs/foundry/building-pipelines/scheduling-overview/,Foundry & AIP,Data connectivity & integration,P1,"Current official capability navigation entry; subsystem detail, implementation guidance, or API/tool documentation.",2026-07-27,Data connectivity & integration
Building Pipelines — Overview,https://www.palantir.com/docs/foundry/building-pipelines/security-overview/,Foundry & AIP,Data connectivity & integration,P1,"Current official capability navigation entry; subsystem detail, implementation guidance, or API/tool documentation.",2026-07-27,Data connectivity & integration
Comparison: Streaming vs. batch,https://www.palantir.com/docs/foundry/building-pipelines/stream-vs-batch/,Foundry & AIP,Data connectivity & integration,P1,"Current official capability navigation entry; subsystem detail, implementation guidance, or API/tool documentation.",2026-07-27,Data connectivity & integration
Streaming compute usage,https://www.palantir.com/docs/foundry/building-pipelines/streaming-compute-usage/,Foundry & AIP,Data connectivity & integration,P1,"Current official capability navigation entry; subsystem detail, implementation guidance, or API/tool documentation.",2026-07-27,Data connectivity & integration
Keys,https://www.palantir.com/docs/foundry/building-pipelines/streaming-keys/,Foundry & AIP,Data connectivity & integration,P1,"Current official capability navigation entry; subsystem detail, implementation guidance, or API/tool documentation.",2026-07-27,Data connectivity & integration
Building Pipelines — Overview,https://www.palantir.com/docs/foundry/building-pipelines/streaming-overview/,Foundry & AIP,Data connectivity & integration,P1,"Current official capability navigation entry; subsystem detail, implementation guidance, or API/tool documentation.",2026-07-27,Data connectivity & integration
Performance considerations,https://www.palantir.com/docs/foundry/building-pipelines/streaming-performance-considerations/,Foundry & AIP,Data connectivity & integration,P1,"Current official capability navigation entry; subsystem detail, implementation guidance, or API/tool documentation.",2026-07-27,Data connectivity & integration
Streaming stateful transforms,https://www.palantir.com/docs/foundry/building-pipelines/streaming-stateful-transforms/,Foundry & AIP,Data connectivity & integration,P1,"Current official capability navigation entry; subsystem detail, implementation guidance, or API/tool documentation.",2026-07-27,Data connectivity & integration
Supported languages,https://www.palantir.com/docs/foundry/building-pipelines/supported-languages/,Foundry & AIP,Data connectivity & integration,P1,"Current official capability navigation entry; subsystem detail, implementation guidance, or API/tool documentation.",2026-07-27,Data connectivity & integration
Trigger types reference,https://www.palantir.com/docs/foundry/building-pipelines/triggers-reference/,Foundry & AIP,Data connectivity & integration,P1,"Current official capability navigation entry; subsystem detail, implementation guidance, or API/tool documentation.",2026-07-27,Data connectivity & integration
Building Pipelines — Overview,https://www.palantir.com/docs/foundry/building-pipelines/unstructured-overview/,Foundry & AIP,Data connectivity & integration,P1,"Current official capability navigation entry; subsystem detail, implementation guidance, or API/tool documentation.",2026-07-27,Data connectivity & integration
View and modify schedules,https://www.palantir.com/docs/foundry/building-pipelines/view-modify-schedules/,Foundry & AIP,Data connectivity & integration,P1,"Current official capability navigation entry; subsystem detail, implementation guidance, or API/tool documentation.",2026-07-27,Data connectivity & integration
YAML configuration example,https://www.palantir.com/docs/foundry/carbon/code-example/,Foundry & AIP,Use case development,P1,"Current official capability navigation entry; subsystem detail, implementation guidance, or API/tool documentation.",2026-07-27,Use case development
YAML configuration reference,https://www.palantir.com/docs/foundry/carbon/code-reference/,Foundry & AIP,Use case development,P1,"Current official capability navigation entry; subsystem detail, implementation guidance, or API/tool documentation.",2026-07-27,Use case development
Access configuration,https://www.palantir.com/docs/foundry/carbon/configuration-access/,Foundry & AIP,Use case development,P1,"Current official capability navigation entry; subsystem detail, implementation guidance, or API/tool documentation.",2026-07-27,Use case development
General configuration,https://www.palantir.com/docs/foundry/carbon/configuration-general/,Foundry & AIP,Use case development,P1,"Current official capability navigation entry; subsystem detail, implementation guidance, or API/tool documentation.",2026-07-27,Use case development
Home configuration,https://www.palantir.com/docs/foundry/carbon/configuration-home/,Foundry & AIP,Use case development,P1,"Current official capability navigation entry; subsystem detail, implementation guidance, or API/tool documentation.",2026-07-27,Use case development
Menu bar configuration,https://www.palantir.com/docs/foundry/carbon/configuration-menu-bar/,Foundry & AIP,Use case development,P1,"Current official capability navigation entry; subsystem detail, implementation guidance, or API/tool documentation.",2026-07-27,Use case development
Enable dark mode for an organization,https://www.palantir.com/docs/foundry/carbon/dark-mode/,Foundry & AIP,Use case development,P1,"Current official capability navigation entry; subsystem detail, implementation guidance, or API/tool documentation.",2026-07-27,Use case development
Example workspaces,https://www.palantir.com/docs/foundry/carbon/example-workspaces/,Foundry & AIP,Use case development,P1,"Current official capability navigation entry; subsystem detail, implementation guidance, or API/tool documentation.",2026-07-27,Use case development
Carbon — Getting Started,https://www.palantir.com/docs/foundry/carbon/getting-started/,Foundry & AIP,Use case development,P1,"Current official capability navigation entry; subsystem detail, implementation guidance, or API/tool documentation.",2026-07-27,Use case development
Add Carbon workspace to a Marketplace product,https://www.palantir.com/docs/foundry/carbon/marketplace-carbon-workspace/,Foundry & AIP,Use case development,P1,"Current official capability navigation entry; subsystem detail, implementation guidance, or API/tool documentation.",2026-07-27,Use case development
Configure module discovery,https://www.palantir.com/docs/foundry/carbon/modules-discovery/,Foundry & AIP,Use case development,P1,"Current official capability navigation entry; subsystem detail, implementation guidance, or API/tool documentation.",2026-07-27,Use case development
Configure navigation between modules,https://www.palantir.com/docs/foundry/carbon/modules-navigation/,Foundry & AIP,Use case development,P1,"Current official capability navigation entry; subsystem detail, implementation guidance, or API/tool documentation.",2026-07-27,Use case development
Carbon — Overview,https://www.palantir.com/docs/foundry/carbon/modules-overview/,Foundry & AIP,Use case development,P1,"Current official capability navigation entry; subsystem detail, implementation guidance, or API/tool documentation.",2026-07-27,Use case development
Learn more about Carbon.,https://www.palantir.com/docs/foundry/carbon/overview/,Foundry & AIP,Cross-capability / platform,P1,"Current official capability navigation entry; subsystem detail, implementation guidance, or API/tool documentation.",2026-07-27,Management & enablement | Use case development
Configure permissions,https://www.palantir.com/docs/foundry/carbon/permissions-configure/,Foundry & AIP,Use case development,P1,"Current official capability navigation entry; subsystem detail, implementation guidance, or API/tool documentation.",2026-07-27,Use case development
Set a default workspace,https://www.palantir.com/docs/foundry/carbon/permissions-default-workspace/,Foundry & AIP,Use case development,P1,"Current official capability navigation entry; subsystem detail, implementation guidance, or API/tool documentation.",2026-07-27,Use case development
Set Carbon as the Foundry landing page,https://www.palantir.com/docs/foundry/carbon/permissions-landing-page/,Foundry & AIP,Use case development,P1,"Current official capability navigation entry; subsystem detail, implementation guidance, or API/tool documentation.",2026-07-27,Use case development
Restrict navigation out of a workspace,https://www.palantir.com/docs/foundry/carbon/restrict-workspace-nav/,Foundry & AIP,Use case development,P1,"Current official capability navigation entry; subsystem detail, implementation guidance, or API/tool documentation.",2026-07-27,Use case development
Create a workspace,https://www.palantir.com/docs/foundry/carbon/workspaces-create/,Foundry & AIP,Use case development,P1,"Current official capability navigation entry; subsystem detail, implementation guidance, or API/tool documentation.",2026-07-27,Use case development
Edit a workspace,https://www.palantir.com/docs/foundry/carbon/workspaces-edit/,Foundry & AIP,Use case development,P1,"Current official capability navigation entry; subsystem detail, implementation guidance, or API/tool documentation.",2026-07-27,Use case development
View version history,https://www.palantir.com/docs/foundry/carbon/workspaces-history/,Foundry & AIP,Use case development,P1,"Current official capability navigation entry; subsystem detail, implementation guidance, or API/tool documentation.",2026-07-27,Use case development
Configure navigation between workspaces,https://www.palantir.com/docs/foundry/carbon/workspaces-navigation/,Foundry & AIP,Use case development,P1,"Current official capability navigation entry; subsystem detail, implementation guidance, or API/tool documentation.",2026-07-27,Use case development
Carbon — Overview,https://www.palantir.com/docs/foundry/carbon/workspaces-overview/,Foundry & AIP,Use case development,P1,"Current official capability navigation entry; subsystem detail, implementation guidance, or API/tool documentation.",2026-07-27,Use case development
Configure workspace updates,https://www.palantir.com/docs/foundry/carbon/workspaces-updates/,Foundry & AIP,Use case development,P1,"Current official capability navigation entry; subsystem detail, implementation guidance, or API/tool documentation.",2026-07-27,Use case development
Application state,https://www.palantir.com/docs/foundry/chatbot-studio/application-state/,Foundry & AIP,AI Platform (AIP),P1,"Current official capability navigation entry; subsystem detail, implementation guidance, or API/tool documentation.",2026-07-27,AI Platform (AIP)
Chatbots as Functions,https://www.palantir.com/docs/foundry/chatbot-studio/chatbots-as-functions/,Foundry & AIP,AI Platform (AIP),P1,"Current official capability navigation entry; subsystem detail, implementation guidance, or API/tool documentation.",2026-07-27,AI Platform (AIP)
Citations,https://www.palantir.com/docs/foundry/chatbot-studio/citations/,Foundry & AIP,AI Platform (AIP),P1,"Current official capability navigation entry; subsystem detail, implementation guidance, or API/tool documentation.",2026-07-27,AI Platform (AIP)
Use commands as tools in AIP Chatbot Studio,https://www.palantir.com/docs/foundry/chatbot-studio/commands-as-tools/,Foundry & AIP,AI Platform (AIP),P1,"Current official capability navigation entry; subsystem detail, implementation guidance, or API/tool documentation.",2026-07-27,AI Platform (AIP)
Chatbot Studio — Core Concepts,https://www.palantir.com/docs/foundry/chatbot-studio/core-concepts/,Foundry & AIP,AI Platform (AIP),P1,"Current official capability navigation entry; subsystem detail, implementation guidance, or API/tool documentation.",2026-07-27,AI Platform (AIP)
Use AIP Chatbots through Foundry APIs,https://www.palantir.com/docs/foundry/chatbot-studio/foundry-apis/,Foundry & AIP,AI Platform (AIP),P1,"Current official capability navigation entry; subsystem detail, implementation guidance, or API/tool documentation.",2026-07-27,AI Platform (AIP)
Chatbot Studio — Getting Started,https://www.palantir.com/docs/foundry/chatbot-studio/getting-started/,Foundry & AIP,AI Platform (AIP),P1,"Current official capability navigation entry; subsystem detail, implementation guidance, or API/tool documentation.",2026-07-27,AI Platform (AIP)
Distribute AIP Chatbots using Marketplace,https://www.palantir.com/docs/foundry/chatbot-studio/marketplace/,Foundry & AIP,AI Platform (AIP),P1,"Current official capability navigation entry; subsystem detail, implementation guidance, or API/tool documentation.",2026-07-27,AI Platform (AIP)
Chatbot Studio — Overview,https://www.palantir.com/docs/foundry/chatbot-studio/overview/,Foundry & AIP,AI Platform (AIP),P0,Official architectural spine or core ontology lifecycle page; reviewed directly in the research synthesis.,2026-07-27,AI Platform (AIP)
Context types,https://www.palantir.com/docs/foundry/chatbot-studio/retrieval-context/,Foundry & AIP,AI Platform (AIP),P1,"Current official capability navigation entry; subsystem detail, implementation guidance, or API/tool documentation.",2026-07-27,AI Platform (AIP)
Session logging,https://www.palantir.com/docs/foundry/chatbot-studio/session-logging/,Foundry & AIP,AI Platform (AIP),P1,"Current official capability navigation entry; subsystem detail, implementation guidance, or API/tool documentation.",2026-07-27,AI Platform (AIP)
Chatbot Studio — Overview,https://www.palantir.com/docs/foundry/chatbot-studio/tools/,Foundry & AIP,AI Platform (AIP),P1,"Current official capability navigation entry; subsystem detail, implementation guidance, or API/tool documentation.",2026-07-27,AI Platform (AIP)
Checkpoint types,https://www.palantir.com/docs/foundry/checkpoints/checkpoint-types/,Foundry & AIP,Security & governance,P1,"Current official capability navigation entry; subsystem detail, implementation guidance, or API/tool documentation.",2026-07-27,Security & governance
Add checkpoint configurations to a Marketplace product,https://www.palantir.com/docs/foundry/checkpoints/checkpoints-marketplace/,Foundry & AIP,Security & governance,P1,"Current official capability navigation entry; subsystem detail, implementation guidance, or API/tool documentation.",2026-07-27,Security & governance
Configure checkpoints,https://www.palantir.com/docs/foundry/checkpoints/configure-checkpoints/,Foundry & AIP,Security & governance,P1,"Current official capability navigation entry; subsystem detail, implementation guidance, or API/tool documentation.",2026-07-27,Security & governance
Checkpoints — Core Concepts,https://www.palantir.com/docs/foundry/checkpoints/core-concepts/,Foundry & AIP,Security & governance,P1,"Current official capability navigation entry; subsystem detail, implementation guidance, or API/tool documentation.",2026-07-27,Security & governance
Checkpoints — Overview,https://www.palantir.com/docs/foundry/checkpoints/overview/,Foundry & AIP,Security & governance,P1,"Current official capability navigation entry; subsystem detail, implementation guidance, or API/tool documentation.",2026-07-27,Security & governance
Review checkpoint records,https://www.palantir.com/docs/foundry/checkpoints/review-checkpoint-records/,Foundry & AIP,Security & governance,P1,"Current official capability navigation entry; subsystem detail, implementation guidance, or API/tool documentation.",2026-07-27,Security & governance
Apply operations on columns of datasets,https://www.palantir.com/docs/foundry/cipher/apply-operations/,Foundry & AIP,Security & governance,P1,"Current official capability navigation entry; subsystem detail, implementation guidance, or API/tool documentation.",2026-07-27,Security & governance
Add Cipher to a Marketplace product,https://www.palantir.com/docs/foundry/cipher/cipher-marketplace/,Foundry & AIP,Security & governance,P1,"Current official capability navigation entry; subsystem detail, implementation guidance, or API/tool documentation.",2026-07-27,Security & governance
Use CipherText properties in Functions and Actions,https://www.palantir.com/docs/foundry/cipher/ciphertext-in-functions-and-actions/,Foundry & AIP,Security & governance,P1,"Current official capability navigation entry; subsystem detail, implementation guidance, or API/tool documentation.",2026-07-27,Security & governance
Cipher — Core Concepts,https://www.palantir.com/docs/foundry/cipher/core-concepts/,Foundry & AIP,Security & governance,P1,"Current official capability navigation entry; subsystem detail, implementation guidance, or API/tool documentation.",2026-07-27,Security & governance
Decrypt individual values across applications,https://www.palantir.com/docs/foundry/cipher/decrypt-individual-values/,Foundry & AIP,Security & governance,P1,"Current official capability navigation entry; subsystem detail, implementation guidance, or API/tool documentation.",2026-07-27,Security & governance
Example use case,https://www.palantir.com/docs/foundry/cipher/example-use-case/,Foundry & AIP,Security & governance,P1,"Current official capability navigation entry; subsystem detail, implementation guidance, or API/tool documentation.",2026-07-27,Security & governance
Cipher — Getting Started,https://www.palantir.com/docs/foundry/cipher/getting-started/,Foundry & AIP,Security & governance,P1,"Current official capability navigation entry; subsystem detail, implementation guidance, or API/tool documentation.",2026-07-27,Security & governance
Cipher — Overview,https://www.palantir.com/docs/foundry/cipher/overview/,Foundry & AIP,Security & governance,P1,"Current official capability navigation entry; subsystem detail, implementation guidance, or API/tool documentation.",2026-07-27,Security & governance
Use Cipher for visual obfuscation,https://www.palantir.com/docs/foundry/cipher/visual-obfuscation/,Foundry & AIP,Security & governance,P1,"Current official capability navigation entry; subsystem detail, implementation guidance, or API/tool documentation.",2026-07-27,Security & governance
Code Repositories — Overview,https://www.palantir.com/docs/foundry/code-repositories/admin-overview/,Foundry & AIP,Data connectivity & integration,P1,"Current official capability navigation entry; subsystem detail, implementation guidance, or API/tool documentation.",2026-07-27,Data connectivity & integration
Advanced repository settings,https://www.palantir.com/docs/foundry/code-repositories/advanced-settings/,Foundry & AIP,Data connectivity & integration,P1,"Current official capability navigation entry; subsystem detail, implementation guidance, or API/tool documentation.",2026-07-27,Data connectivity & integration
AIP features,https://www.palantir.com/docs/foundry/code-repositories/aip-features/,Foundry & AIP,Data connectivity & integration,P1,"Current official capability navigation entry; subsystem detail, implementation guidance, or API/tool documentation.",2026-07-27,Data connectivity & integration
Analyze the impact of changes,https://www.palantir.com/docs/foundry/code-repositories/analyze-impact/,Foundry & AIP,Data connectivity & integration,P1,"Current official capability navigation entry; subsystem detail, implementation guidance, or API/tool documentation.",2026-07-27,Data connectivity & integration
Code Repositories — Navigation,https://www.palantir.com/docs/foundry/code-repositories/artifact-repositories-nav/,Foundry & AIP,Data connectivity & integration,P1,"Current official capability navigation entry; subsystem detail, implementation guidance, or API/tool documentation.",2026-07-27,Data connectivity & integration
Code Repositories — Overview,https://www.palantir.com/docs/foundry/code-repositories/artifact-repositories-overview/,Foundry & AIP,Data connectivity & integration,P1,"Current official capability navigation entry; subsystem detail, implementation guidance, or API/tool documentation.",2026-07-27,Data connectivity & integration
Artifact settings,https://www.palantir.com/docs/foundry/code-repositories/artifact-settings/,Foundry & AIP,Data connectivity & integration,P1,"Current official capability navigation entry; subsystem detail, implementation guidance, or API/tool documentation.",2026-07-27,Data connectivity & integration
Branch settings,https://www.palantir.com/docs/foundry/code-repositories/branch-settings/,Foundry & AIP,Data connectivity & integration,P1,"Current official capability navigation entry; subsystem detail, implementation guidance, or API/tool documentation.",2026-07-27,Data connectivity & integration
Compute Usage,https://www.palantir.com/docs/foundry/code-repositories/compute-usage/,Foundry & AIP,Data connectivity & integration,P1,"Current official capability navigation entry; subsystem detail, implementation guidance, or API/tool documentation.",2026-07-27,Data connectivity & integration
Configure Code Repositories settings in Control Panel,https://www.palantir.com/docs/foundry/code-repositories/configure-repositories-in-control-panel/,Foundry & AIP,Data connectivity & integration,P1,"Current official capability navigation entry; subsystem detail, implementation guidance, or API/tool documentation.",2026-07-27,Data connectivity & integration
Create an Artifact repository,https://www.palantir.com/docs/foundry/code-repositories/create-artifact-repository/,Foundry & AIP,Data connectivity & integration,P1,"Current official capability navigation entry; subsystem detail, implementation guidance, or API/tool documentation.",2026-07-27,Data connectivity & integration
Create custom checks,https://www.palantir.com/docs/foundry/code-repositories/create-custom-checks/,Foundry & AIP,Data connectivity & integration,P1,"Current official capability navigation entry; subsystem detail, implementation guidance, or API/tool documentation.",2026-07-27,Data connectivity & integration
Create transforms,https://www.palantir.com/docs/foundry/code-repositories/create-transforms/,Foundry & AIP,Data connectivity & integration,P1,"Current official capability navigation entry; subsystem detail, implementation guidance, or API/tool documentation.",2026-07-27,Data connectivity & integration
Debug transforms,https://www.palantir.com/docs/foundry/code-repositories/debug-transforms/,Foundry & AIP,Data connectivity & integration,P1,"Current official capability navigation entry; subsystem detail, implementation guidance, or API/tool documentation.",2026-07-27,Data connectivity & integration
Delete an Artifact repository,https://www.palantir.com/docs/foundry/code-repositories/delete-artifact-repository/,Foundry & AIP,Data connectivity & integration,P1,"Current official capability navigation entry; subsystem detail, implementation guidance, or API/tool documentation.",2026-07-27,Data connectivity & integration
Code Repositories — Faq,https://www.palantir.com/docs/foundry/code-repositories/faq/,Foundry & AIP,Data connectivity & integration,P2,"Current official navigation entry retained for completeness; specialized, lifecycle-warning, or reference material.",2026-07-27,Data connectivity & integration
Python transforms [Legacy],https://www.palantir.com/docs/foundry/code-repositories/legacy-editing/,Foundry & AIP,Data connectivity & integration,P2,"Current official navigation entry retained for completeness; specialized, lifecycle-warning, or reference material.",2026-07-27,Data connectivity & integration
Libraries,https://www.palantir.com/docs/foundry/code-repositories/libraries/,Foundry & AIP,Data connectivity & integration,P1,"Current official capability navigation entry; subsystem detail, implementation guidance, or API/tool documentation.",2026-07-27,Data connectivity & integration
Manage permissions,https://www.palantir.com/docs/foundry/code-repositories/manage-permissions/,Foundry & AIP,Data connectivity & integration,P1,"Current official capability navigation entry; subsystem detail, implementation guidance, or API/tool documentation.",2026-07-27,Data connectivity & integration
Add dataset transformation to a Marketplace product,https://www.palantir.com/docs/foundry/code-repositories/marketplace-dataset-transformation/,Foundry & AIP,Data connectivity & integration,P1,"Current official capability navigation entry; subsystem detail, implementation guidance, or API/tool documentation.",2026-07-27,Data connectivity & integration
Pin Spark modules in-platform,https://www.palantir.com/docs/foundry/code-repositories/module-pinning/,Foundry & AIP,Data connectivity & integration,P1,"Current official capability navigation entry; subsystem detail, implementation guidance, or API/tool documentation.",2026-07-27,Data connectivity & integration
Code Repositories — Navigation,https://www.palantir.com/docs/foundry/code-repositories/navigation/,Foundry & AIP,Data connectivity & integration,P1,"Current official capability navigation entry; subsystem detail, implementation guidance, or API/tool documentation.",2026-07-27,Data connectivity & integration
Ontology imports,https://www.palantir.com/docs/foundry/code-repositories/ontology-imports/,Foundry & AIP,Data connectivity & integration,P1,"Current official capability navigation entry; subsystem detail, implementation guidance, or API/tool documentation.",2026-07-27,Data connectivity & integration
Code Repositories,https://www.palantir.com/docs/foundry/code-repositories/overview/,Foundry & AIP,Cross-capability / platform,P0,Official architectural spine or core ontology lifecycle page; reviewed directly in the research synthesis.,2026-07-27,Data connectivity & integration | Developer toolchain
Prepare datasets for download,https://www.palantir.com/docs/foundry/code-repositories/prepare-datasets-download/,Foundry & AIP,Data connectivity & integration,P1,"Current official capability navigation entry; subsystem detail, implementation guidance, or API/tool documentation.",2026-07-27,Data connectivity & integration
Preview transforms,https://www.palantir.com/docs/foundry/code-repositories/preview-transforms/,Foundry & AIP,Data connectivity & integration,P1,"Current official capability navigation entry; subsystem detail, implementation guidance, or API/tool documentation.",2026-07-27,Data connectivity & integration
Publish an Artifact,https://www.palantir.com/docs/foundry/code-repositories/publish-artifact/,Foundry & AIP,Data connectivity & integration,P1,"Current official capability navigation entry; subsystem detail, implementation guidance, or API/tool documentation.",2026-07-27,Data connectivity & integration
Documentation,https://www.palantir.com/docs/foundry/code-repositories/readme/,Foundry & AIP,Data connectivity & integration,P1,"Current official capability navigation entry; subsystem detail, implementation guidance, or API/tool documentation.",2026-07-27,Data connectivity & integration
Recall an Artifact,https://www.palantir.com/docs/foundry/code-repositories/recall-artifact/,Foundry & AIP,Data connectivity & integration,P1,"Current official capability navigation entry; subsystem detail, implementation guidance, or API/tool documentation.",2026-07-27,Data connectivity & integration
Repository settings,https://www.palantir.com/docs/foundry/code-repositories/repository-settings/,Foundry & AIP,Data connectivity & integration,P1,"Current official capability navigation entry; subsystem detail, implementation guidance, or API/tool documentation.",2026-07-27,Data connectivity & integration
Repository upgrades,https://www.palantir.com/docs/foundry/code-repositories/repository-upgrades/,Foundry & AIP,Data connectivity & integration,P1,"Current official capability navigation entry; subsystem detail, implementation guidance, or API/tool documentation.",2026-07-27,Data connectivity & integration
Spark profiles,https://www.palantir.com/docs/foundry/code-repositories/spark-profiles/,Foundry & AIP,Data connectivity & integration,P1,"Current official capability navigation entry; subsystem detail, implementation guidance, or API/tool documentation.",2026-07-27,Data connectivity & integration
Unit tests,https://www.palantir.com/docs/foundry/code-repositories/unit-tests/,Foundry & AIP,Data connectivity & integration,P1,"Current official capability navigation entry; subsystem detail, implementation guidance, or API/tool documentation.",2026-07-27,Data connectivity & integration
Use project references,https://www.palantir.com/docs/foundry/code-repositories/use-project-references/,Foundry & AIP,Data connectivity & integration,P1,"Current official capability navigation entry; subsystem detail, implementation guidance, or API/tool documentation.",2026-07-27,Data connectivity & integration
Available fonts,https://www.palantir.com/docs/foundry/code-workbook/available-fonts/,Foundry & AIP,Analytics,P1,"Current official capability navigation entry; subsystem detail, implementation guidance, or API/tool documentation.",2026-07-27,Analytics
Code Workbook — Getting Started,https://www.palantir.com/docs/foundry/code-workbook/branching-getting-started/,Foundry & AIP,Analytics,P1,"Current official capability navigation entry; subsystem detail, implementation guidance, or API/tool documentation.",2026-07-27,Analytics
Choose imported dataset branch,https://www.palantir.com/docs/foundry/code-workbook/branching-imported-datasets/,Foundry & AIP,Analytics,P1,"Current official capability navigation entry; subsystem detail, implementation guidance, or API/tool documentation.",2026-07-27,Analytics
Merging branches,https://www.palantir.com/docs/foundry/code-workbook/branching-merging/,Foundry & AIP,Analytics,P1,"Current official capability navigation entry; subsystem detail, implementation guidance, or API/tool documentation.",2026-07-27,Analytics
Code Workbook — Overview,https://www.palantir.com/docs/foundry/code-workbook/branching-overview/,Foundry & AIP,Analytics,P1,"Current official capability navigation entry; subsystem detail, implementation guidance, or API/tool documentation.",2026-07-27,Analytics
Comparison: Code Repositories vs. Code Workbook vs. Code Workspaces,https://www.palantir.com/docs/foundry/code-workbook/code-products-comparison/,Foundry & AIP,Analytics,P1,"Current official capability navigation entry; subsystem detail, implementation guidance, or API/tool documentation.",2026-07-27,Analytics
Exporting to a Code Repository,https://www.palantir.com/docs/foundry/code-workbook/code-repositories-export/,Foundry & AIP,Analytics,P1,"Current official capability navigation entry; subsystem detail, implementation guidance, or API/tool documentation.",2026-07-27,Analytics
Code Workbook — Core Concepts,https://www.palantir.com/docs/foundry/code-workbook/core-concepts/,Foundry & AIP,Analytics,P1,"Current official capability navigation entry; subsystem detail, implementation guidance, or API/tool documentation.",2026-07-27,Analytics
Batch builds and interactive builds,https://www.palantir.com/docs/foundry/code-workbook/environment-batch-interactive/,Foundry & AIP,Analytics,P1,"Current official capability navigation entry; subsystem detail, implementation guidance, or API/tool documentation.",2026-07-27,Analytics
Environment creation overview,https://www.palantir.com/docs/foundry/code-workbook/environment-creation-overview/,Foundry & AIP,Analytics,P1,"Current official capability navigation entry; subsystem detail, implementation guidance, or API/tool documentation.",2026-07-27,Analytics
Code Workbook — Overview,https://www.palantir.com/docs/foundry/code-workbook/environment-overview/,Foundry & AIP,Analytics,P1,"Current official capability navigation entry; subsystem detail, implementation guidance, or API/tool documentation.",2026-07-27,Analytics
Code Workbook profiles,https://www.palantir.com/docs/foundry/code-workbook/environment-profiles/,Foundry & AIP,Analytics,P1,"Current official capability navigation entry; subsystem detail, implementation guidance, or API/tool documentation.",2026-07-27,Analytics
Troubleshooting guide,https://www.palantir.com/docs/foundry/code-workbook/environment-troubleshooting/,Foundry & AIP,Analytics,P2,"Current official navigation entry retained for completeness; specialized, lifecycle-warning, or reference material.",2026-07-27,Analytics
View resolved environment,https://www.palantir.com/docs/foundry/code-workbook/environment-view-resolved/,Foundry & AIP,Analytics,P1,"Current official capability navigation entry; subsystem detail, implementation guidance, or API/tool documentation.",2026-07-27,Analytics
Code Workbook — Faq,https://www.palantir.com/docs/foundry/code-workbook/faq/,Foundry & AIP,Analytics,P2,"Current official navigation entry retained for completeness; specialized, lifecycle-warning, or reference material.",2026-07-27,Analytics
Code Workbook — Getting Started,https://www.palantir.com/docs/foundry/code-workbook/getting-started/,Foundry & AIP,Analytics,P1,"Current official capability navigation entry; subsystem detail, implementation guidance, or API/tool documentation.",2026-07-27,Analytics
Hidden code repositories,https://www.palantir.com/docs/foundry/code-workbook/hidden-repository/,Foundry & AIP,Analytics,P1,"Current official capability navigation entry; subsystem detail, implementation guidance, or API/tool documentation.",2026-07-27,Analytics
Keyboard shortcuts,https://www.palantir.com/docs/foundry/code-workbook/keyboard-shortcuts/,Foundry & AIP,Analytics,P1,"Current official capability navigation entry; subsystem detail, implementation guidance, or API/tool documentation.",2026-07-27,Analytics
Optional data persistence,https://www.palantir.com/docs/foundry/code-workbook/optional-data-persistence/,Foundry & AIP,Analytics,P1,"Current official capability navigation entry; subsystem detail, implementation guidance, or API/tool documentation.",2026-07-27,Analytics
Code Workbook,https://www.palantir.com/docs/foundry/code-workbook/overview/,Foundry & AIP,Analytics,P1,"Current official capability navigation entry; subsystem detail, implementation guidance, or API/tool documentation.",2026-07-27,Analytics
Present visualizations,https://www.palantir.com/docs/foundry/code-workbook/present-visualizations/,Foundry & AIP,Analytics,P1,"Current official capability navigation entry; subsystem detail, implementation guidance, or API/tool documentation.",2026-07-27,Analytics
Project references,https://www.palantir.com/docs/foundry/code-workbook/project-references/,Foundry & AIP,Analytics,P1,"Current official capability navigation entry; subsystem detail, implementation guidance, or API/tool documentation.",2026-07-27,Analytics
PySpark reference,https://www.palantir.com/docs/foundry/code-workbook/pyspark-reference/,Foundry & AIP,Analytics,P1,"Current official capability navigation entry; subsystem detail, implementation guidance, or API/tool documentation.",2026-07-27,Analytics
R Filesystem API,https://www.palantir.com/docs/foundry/code-workbook/r-filesystem/,Foundry & AIP,Analytics,P1,"Current official capability navigation entry; subsystem detail, implementation guidance, or API/tool documentation.",2026-07-27,Analytics
Session history and session pinning,https://www.palantir.com/docs/foundry/code-workbook/session-history-pinning/,Foundry & AIP,Analytics,P1,"Current official capability navigation entry; subsystem detail, implementation guidance, or API/tool documentation.",2026-07-27,Analytics
SparkR reference,https://www.palantir.com/docs/foundry/code-workbook/sparkr-reference/,Foundry & AIP,Analytics,P1,"Current official capability navigation entry; subsystem detail, implementation guidance, or API/tool documentation.",2026-07-27,Analytics
Code Workbook — Getting Started,https://www.palantir.com/docs/foundry/code-workbook/templates-getting-started/,Foundry & AIP,Analytics,P1,"Current official capability navigation entry; subsystem detail, implementation guidance, or API/tool documentation.",2026-07-27,Analytics
Multi-node templates,https://www.palantir.com/docs/foundry/code-workbook/templates-multi-node/,Foundry & AIP,Analytics,P1,"Current official capability navigation entry; subsystem detail, implementation guidance, or API/tool documentation.",2026-07-27,Analytics
Code Workbook — Overview,https://www.palantir.com/docs/foundry/code-workbook/templates-overview/,Foundry & AIP,Analytics,P1,"Current official capability navigation entry; subsystem detail, implementation guidance, or API/tool documentation.",2026-07-27,Analytics
Suggested templates,https://www.palantir.com/docs/foundry/code-workbook/templates-suggested/,Foundry & AIP,Analytics,P1,"Current official capability navigation entry; subsystem detail, implementation guidance, or API/tool documentation.",2026-07-27,Analytics
Transforms FAQ,https://www.palantir.com/docs/foundry/code-workbook/transforms-faq/,Foundry & AIP,Analytics,P1,"Current official capability navigation entry; subsystem detail, implementation guidance, or API/tool documentation.",2026-07-27,Analytics
Code Workbook — Overview,https://www.palantir.com/docs/foundry/code-workbook/transforms-overview/,Foundry & AIP,Analytics,P1,"Current official capability navigation entry; subsystem detail, implementation guidance, or API/tool documentation.",2026-07-27,Analytics
Spark,https://www.palantir.com/docs/foundry/code-workbook/transforms-spark/,Foundry & AIP,Analytics,P1,"Current official capability navigation entry; subsystem detail, implementation guidance, or API/tool documentation.",2026-07-27,Analytics
Access unstructured files,https://www.palantir.com/docs/foundry/code-workbook/transforms-unstructured/,Foundry & AIP,Analytics,P1,"Current official capability navigation entry; subsystem detail, implementation guidance, or API/tool documentation.",2026-07-27,Analytics
Visualize data,https://www.palantir.com/docs/foundry/code-workbook/transforms-visualize/,Foundry & AIP,Analytics,P1,"Current official capability navigation entry; subsystem detail, implementation guidance, or API/tool documentation.",2026-07-27,Analytics
Console,https://www.palantir.com/docs/foundry/code-workbook/workbooks-console/,Foundry & AIP,Analytics,P1,"Current official capability navigation entry; subsystem detail, implementation guidance, or API/tool documentation.",2026-07-27,Analytics
Duplicate nodes,https://www.palantir.com/docs/foundry/code-workbook/workbooks-duplicate-nodes/,Foundry & AIP,Analytics,P1,"Current official capability navigation entry; subsystem detail, implementation guidance, or API/tool documentation.",2026-07-27,Analytics
Global code,https://www.palantir.com/docs/foundry/code-workbook/workbooks-global-code/,Foundry & AIP,Analytics,P1,"Current official capability navigation entry; subsystem detail, implementation guidance, or API/tool documentation.",2026-07-27,Analytics
Inputs and outputs,https://www.palantir.com/docs/foundry/code-workbook/workbooks-input-output-types/,Foundry & AIP,Analytics,P1,"Current official capability navigation entry; subsystem detail, implementation guidance, or API/tool documentation.",2026-07-27,Analytics
Supported languages,https://www.palantir.com/docs/foundry/code-workbook/workbooks-languages/,Foundry & AIP,Analytics,P1,"Current official capability navigation entry; subsystem detail, implementation guidance, or API/tool documentation.",2026-07-27,Analytics
Code Workbook — Overview,https://www.palantir.com/docs/foundry/code-workbook/workbooks-overview/,Foundry & AIP,Analytics,P1,"Current official capability navigation entry; subsystem detail, implementation guidance, or API/tool documentation.",2026-07-27,Analytics
Moving to production,https://www.palantir.com/docs/foundry/code-workbook/workbooks-production/,Foundry & AIP,Analytics,P1,"Current official capability navigation entry; subsystem detail, implementation guidance, or API/tool documentation.",2026-07-27,Analytics
Code Workspaces — Faq,https://www.palantir.com/docs/foundry/code-workspaces/code-workspaces-faq/,Foundry & AIP,Developer toolchain,P1,"Current official capability navigation entry; subsystem detail, implementation guidance, or API/tool documentation.",2026-07-27,Developer toolchain
Compute usage,https://www.palantir.com/docs/foundry/code-workspaces/compute-usage/,Foundry & AIP,Developer toolchain,P1,"Current official capability navigation entry; subsystem detail, implementation guidance, or API/tool documentation.",2026-07-27,Developer toolchain
Interact with data,https://www.palantir.com/docs/foundry/code-workspaces/data/,Foundry & AIP,Developer toolchain,P1,"Current official capability navigation entry; subsystem detail, implementation guidance, or API/tool documentation.",2026-07-27,Developer toolchain
Interact with external systems,https://www.palantir.com/docs/foundry/code-workspaces/external-systems/,Foundry & AIP,Developer toolchain,P1,"Current official capability navigation entry; subsystem detail, implementation guidance, or API/tool documentation.",2026-07-27,Developer toolchain
Code Workspaces — Getting Started,https://www.palantir.com/docs/foundry/code-workspaces/getting-started/,Foundry & AIP,Developer toolchain,P1,"Current official capability navigation entry; subsystem detail, implementation guidance, or API/tool documentation.",2026-07-27,Developer toolchain
JupyterLab®,https://www.palantir.com/docs/foundry/code-workspaces/jupyterlab/,Foundry & AIP,Developer toolchain,P1,"Current official capability navigation entry; subsystem detail, implementation guidance, or API/tool documentation.",2026-07-27,Developer toolchain
Interact with the Ontology,https://www.palantir.com/docs/foundry/code-workspaces/ontology/,Foundry & AIP,Developer toolchain,P1,"Current official capability navigation entry; subsystem detail, implementation guidance, or API/tool documentation.",2026-07-27,Developer toolchain
Code Workspaces,https://www.palantir.com/docs/foundry/code-workspaces/overview/,Foundry & AIP,Developer toolchain,P1,"Current official capability navigation entry; subsystem detail, implementation guidance, or API/tool documentation.",2026-07-27,Developer toolchain
Palantir-provided models,https://www.palantir.com/docs/foundry/code-workspaces/palantir-provided-models/,Foundry & AIP,Developer toolchain,P1,"Current official capability navigation entry; subsystem detail, implementation guidance, or API/tool documentation.",2026-07-27,Developer toolchain
RStudio® Workbench,https://www.palantir.com/docs/foundry/code-workspaces/rstudio/,Foundry & AIP,Developer toolchain,P1,"Current official capability navigation entry; subsystem detail, implementation guidance, or API/tool documentation.",2026-07-27,Developer toolchain
Security,https://www.palantir.com/docs/foundry/code-workspaces/security/,Foundry & AIP,Developer toolchain,P1,"Current official capability navigation entry; subsystem detail, implementation guidance, or API/tool documentation.",2026-07-27,Developer toolchain
Train and interact with models,https://www.palantir.com/docs/foundry/code-workspaces/training-models/,Foundry & AIP,Developer toolchain,P1,"Current official capability navigation entry; subsystem detail, implementation guidance, or API/tool documentation.",2026-07-27,Developer toolchain
Troubleshooting,https://www.palantir.com/docs/foundry/code-workspaces/troubleshooting/,Foundry & AIP,Developer toolchain,P2,"Current official navigation entry retained for completeness; specialized, lifecycle-warning, or reference material.",2026-07-27,Developer toolchain
Create a Project,https://www.palantir.com/docs/foundry/compass/create-a-project/,Foundry & AIP,Security & governance,P1,"Current official capability navigation entry; subsystem detail, implementation guidance, or API/tool documentation.",2026-07-27,Security & governance
Data Catalog,https://www.palantir.com/docs/foundry/compass/data-catalog/,Foundry & AIP,Security & governance,P1,"Current official capability navigation entry; subsystem detail, implementation guidance, or API/tool documentation.",2026-07-27,Security & governance
Manually upload data,https://www.palantir.com/docs/foundry/compass/manually-upload-data/,Foundry & AIP,Security & governance,P1,"Current official capability navigation entry; subsystem detail, implementation guidance, or API/tool documentation.",2026-07-27,Security & governance
Move and share resources,https://www.palantir.com/docs/foundry/compass/move-and-share-resources/,Foundry & AIP,Security & governance,P1,"Current official capability navigation entry; subsystem detail, implementation guidance, or API/tool documentation.",2026-07-27,Security & governance
Compass — Overview,https://www.palantir.com/docs/foundry/compass/overview/,Foundry & AIP,Security & governance,P1,"Current official capability navigation entry; subsystem detail, implementation guidance, or API/tool documentation.",2026-07-27,Security & governance
Quicksearch,https://www.palantir.com/docs/foundry/compass/quicksearch/,Foundry & AIP,Security & governance,P1,"Current official capability navigation entry; subsystem detail, implementation guidance, or API/tool documentation.",2026-07-27,Security & governance
Resource status,https://www.palantir.com/docs/foundry/compass/resource-status/,Foundry & AIP,Security & governance,P1,"Current official capability navigation entry; subsystem detail, implementation guidance, or API/tool documentation.",2026-07-27,Security & governance
Tags,https://www.palantir.com/docs/foundry/compass/tags/,Foundry & AIP,Security & governance,P1,"Current official capability navigation entry; subsystem detail, implementation guidance, or API/tool documentation.",2026-07-27,Security & governance
Use Project details panel,https://www.palantir.com/docs/foundry/compass/use-project-details-panel/,Foundry & AIP,Security & governance,P1,"Current official capability navigation entry; subsystem detail, implementation guidance, or API/tool documentation.",2026-07-27,Security & governance
Use Project navigation panel,https://www.palantir.com/docs/foundry/compass/use-project-navigation-panel/,Foundry & AIP,Security & governance,P1,"Current official capability navigation entry; subsystem detail, implementation guidance, or API/tool documentation.",2026-07-27,Security & governance
Create a custom compute module client (Advanced),https://www.palantir.com/docs/foundry/compute-modules/advanced-custom-client/,Foundry & AIP,Developer toolchain,P1,"Current official capability navigation entry; subsystem detail, implementation guidance, or API/tool documentation.",2026-07-27,Developer toolchain
Containers,https://www.palantir.com/docs/foundry/compute-modules/containers/,Foundry & AIP,Developer toolchain,P1,"Current official capability navigation entry; subsystem detail, implementation guidance, or API/tool documentation.",2026-07-27,Developer toolchain
Debugging,https://www.palantir.com/docs/foundry/compute-modules/debugging/,Foundry & AIP,Developer toolchain,P1,"Current official capability navigation entry; subsystem detail, implementation guidance, or API/tool documentation.",2026-07-27,Developer toolchain
Execution modes,https://www.palantir.com/docs/foundry/compute-modules/execution-modes/,Foundry & AIP,Developer toolchain,P1,"Current official capability navigation entry; subsystem detail, implementation guidance, or API/tool documentation.",2026-07-27,Developer toolchain
Functions,https://www.palantir.com/docs/foundry/compute-modules/functions/,Foundry & AIP,Developer toolchain,P1,"Current official capability navigation entry; subsystem detail, implementation guidance, or API/tool documentation.",2026-07-27,Developer toolchain
Compute Modules — Getting Started,https://www.palantir.com/docs/foundry/compute-modules/get-started/,Foundry & AIP,Developer toolchain,P1,"Current official capability navigation entry; subsystem detail, implementation guidance, or API/tool documentation.",2026-07-27,Developer toolchain
Compute module history,https://www.palantir.com/docs/foundry/compute-modules/history/,Foundry & AIP,Developer toolchain,P1,"Current official capability navigation entry; subsystem detail, implementation guidance, or API/tool documentation.",2026-07-27,Developer toolchain
Java SDK,https://www.palantir.com/docs/foundry/compute-modules/java-sdk/,Foundry & AIP,Developer toolchain,P1,"Current official capability navigation entry; subsystem detail, implementation guidance, or API/tool documentation.",2026-07-27,Developer toolchain
OSDK integration,https://www.palantir.com/docs/foundry/compute-modules/osdk-integration/,Foundry & AIP,Developer toolchain,P1,"Current official capability navigation entry; subsystem detail, implementation guidance, or API/tool documentation.",2026-07-27,Developer toolchain
Compute modules,https://www.palantir.com/docs/foundry/compute-modules/overview/,Foundry & AIP,Cross-capability / platform,P0,Official architectural spine or core ontology lifecycle page; reviewed directly in the research synthesis.,2026-07-27,Developer toolchain | Observability
Probes,https://www.palantir.com/docs/foundry/compute-modules/probes/,Foundry & AIP,Developer toolchain,P1,"Current official capability navigation entry; subsystem detail, implementation guidance, or API/tool documentation.",2026-07-27,Developer toolchain
Python SDK,https://www.palantir.com/docs/foundry/compute-modules/python-sdk/,Foundry & AIP,Developer toolchain,P1,"Current official capability navigation entry; subsystem detail, implementation guidance, or API/tool documentation.",2026-07-27,Developer toolchain
Scaling,https://www.palantir.com/docs/foundry/compute-modules/scaling/,Foundry & AIP,Developer toolchain,P1,"Current official capability navigation entry; subsystem detail, implementation guidance, or API/tool documentation.",2026-07-27,Developer toolchain
Sources,https://www.palantir.com/docs/foundry/compute-modules/sources/,Foundry & AIP,Developer toolchain,P1,"Current official capability navigation entry; subsystem detail, implementation guidance, or API/tool documentation.",2026-07-27,Developer toolchain
TypeScript SDK,https://www.palantir.com/docs/foundry/compute-modules/typescript-sdk/,Foundry & AIP,Developer toolchain,P1,"Current official capability navigation entry; subsystem detail, implementation guidance, or API/tool documentation.",2026-07-27,Developer toolchain
Usage and pricing,https://www.palantir.com/docs/foundry/compute-modules/usage/,Foundry & AIP,Developer toolchain,P1,"Current official capability navigation entry; subsystem detail, implementation guidance, or API/tool documentation.",2026-07-27,Developer toolchain
Volumes,https://www.palantir.com/docs/foundry/compute-modules/volumes/,Foundry & AIP,Developer toolchain,P1,"Current official capability navigation entry; subsystem detail, implementation guidance, or API/tool documentation.",2026-07-27,Developer toolchain
Client credentials applications,https://www.palantir.com/docs/foundry/consumer-mode/client-credentials-setup/,Foundry & AIP,Management & enablement,P1,"Current official capability navigation entry; subsystem detail, implementation guidance, or API/tool documentation.",2026-07-27,Management & enablement
Configure Foundry for consumer mode,https://www.palantir.com/docs/foundry/consumer-mode/foundry-consumer-setup/,Foundry & AIP,Management & enablement,P1,"Current official capability navigation entry; subsystem detail, implementation guidance, or API/tool documentation.",2026-07-27,Management & enablement
Foundry-hosted OAuth applications,https://www.palantir.com/docs/foundry/consumer-mode/oauth-application-setup/,Foundry & AIP,Management & enablement,P1,"Current official capability navigation entry; subsystem detail, implementation guidance, or API/tool documentation.",2026-07-27,Management & enablement
Consumer Mode — Overview,https://www.palantir.com/docs/foundry/consumer-mode/overview/,Foundry & AIP,Management & enablement,P1,"Current official capability navigation entry; subsystem detail, implementation guidance, or API/tool documentation.",2026-07-27,Management & enablement
What are Public Applications?,https://www.palantir.com/docs/foundry/consumer-mode/public-application-overview/,Foundry & AIP,Management & enablement,P1,"Current official capability navigation entry; subsystem detail, implementation guidance, or API/tool documentation.",2026-07-27,Management & enablement
Set up a Public Application,https://www.palantir.com/docs/foundry/consumer-mode/public-application-setup/,Foundry & AIP,Management & enablement,P1,"Current official capability navigation entry; subsystem detail, implementation guidance, or API/tool documentation.",2026-07-27,Management & enablement
Currently supported features,https://www.palantir.com/docs/foundry/consumer-mode/public-application-supported-features/,Foundry & AIP,Management & enablement,P1,"Current official capability navigation entry; subsystem detail, implementation guidance, or API/tool documentation.",2026-07-27,Management & enablement
In-platform consumer applications,https://www.palantir.com/docs/foundry/consumer-mode/workspace-application-setup/,Foundry & AIP,Management & enablement,P1,"Current official capability navigation entry; subsystem detail, implementation guidance, or API/tool documentation.",2026-07-27,Management & enablement
Create a path,https://www.palantir.com/docs/foundry/contour/analysis-create-path/,Foundry & AIP,Analytics,P1,"Current official capability navigation entry; subsystem detail, implementation guidance, or API/tool documentation.",2026-07-27,Analytics
Parameterize your analysis,https://www.palantir.com/docs/foundry/contour/analysis-parameterize/,Foundry & AIP,Analytics,P1,"Current official capability navigation entry; subsystem detail, implementation guidance, or API/tool documentation.",2026-07-27,Analytics
Share and collaborate on an analysis,https://www.palantir.com/docs/foundry/contour/analysis-share-collaborate/,Foundry & AIP,Analytics,P1,"Current official capability navigation entry; subsystem detail, implementation guidance, or API/tool documentation.",2026-07-27,Analytics
Share results,https://www.palantir.com/docs/foundry/contour/analysis-share-results/,Foundry & AIP,Analytics,P1,"Current official capability navigation entry; subsystem detail, implementation guidance, or API/tool documentation.",2026-07-27,Analytics
Switch to aggregated data,https://www.palantir.com/docs/foundry/contour/analysis-switch-aggregated/,Foundry & AIP,Analytics,P1,"Current official capability navigation entry; subsystem detail, implementation guidance, or API/tool documentation.",2026-07-27,Analytics
Add a board,https://www.palantir.com/docs/foundry/contour/boards-add/,Foundry & AIP,Analytics,P1,"Current official capability navigation entry; subsystem detail, implementation guidance, or API/tool documentation.",2026-07-27,Analytics
Board descriptions,https://www.palantir.com/docs/foundry/contour/boards-descriptions/,Foundry & AIP,Analytics,P1,"Current official capability navigation entry; subsystem detail, implementation guidance, or API/tool documentation.",2026-07-27,Analytics
Filter data,https://www.palantir.com/docs/foundry/contour/boards-filter/,Foundry & AIP,Analytics,P1,"Current official capability navigation entry; subsystem detail, implementation guidance, or API/tool documentation.",2026-07-27,Analytics
Join datasets,https://www.palantir.com/docs/foundry/contour/boards-join/,Foundry & AIP,Analytics,P1,"Current official capability navigation entry; subsystem detail, implementation guidance, or API/tool documentation.",2026-07-27,Analytics
Map board,https://www.palantir.com/docs/foundry/contour/boards-map/,Foundry & AIP,Analytics,P1,"Current official capability navigation entry; subsystem detail, implementation guidance, or API/tool documentation.",2026-07-27,Analytics
Contour — Overview,https://www.palantir.com/docs/foundry/contour/boards-overview/,Foundry & AIP,Analytics,P1,"Current official capability navigation entry; subsystem detail, implementation guidance, or API/tool documentation.",2026-07-27,Analytics
Verify results,https://www.palantir.com/docs/foundry/contour/boards-verify-results/,Foundry & AIP,Analytics,P1,"Current official capability navigation entry; subsystem detail, implementation guidance, or API/tool documentation.",2026-07-27,Analytics
Change input dataset version,https://www.palantir.com/docs/foundry/contour/change-dataset-version/,Foundry & AIP,Analytics,P1,"Current official capability navigation entry; subsystem detail, implementation guidance, or API/tool documentation.",2026-07-27,Analytics
Compute Usage,https://www.palantir.com/docs/foundry/contour/compute-usage/,Foundry & AIP,Analytics,P1,"Current official capability navigation entry; subsystem detail, implementation guidance, or API/tool documentation.",2026-07-27,Analytics
Export logic to Pipeline Builder,https://www.palantir.com/docs/foundry/contour/convert-to-pipeline-builder/,Foundry & AIP,Analytics,P1,"Current official capability navigation entry; subsystem detail, implementation guidance, or API/tool documentation.",2026-07-27,Analytics
Contour — Core Concepts,https://www.palantir.com/docs/foundry/contour/core-concepts/,Foundry & AIP,Analytics,P1,"Current official capability navigation entry; subsystem detail, implementation guidance, or API/tool documentation.",2026-07-27,Analytics
Non-determinism in Contour,https://www.palantir.com/docs/foundry/contour/correctness-non-determinism/,Foundry & AIP,Analytics,P1,"Current official capability navigation entry; subsystem detail, implementation guidance, or API/tool documentation.",2026-07-27,Analytics
Timezones in Contour,https://www.palantir.com/docs/foundry/contour/correctness-timezones/,Foundry & AIP,Analytics,P1,"Current official capability navigation entry; subsystem detail, implementation guidance, or API/tool documentation.",2026-07-27,Analytics
Contour — Getting Started,https://www.palantir.com/docs/foundry/contour/dashboards-getting-started/,Foundry & AIP,Analytics,P1,"Current official capability navigation entry; subsystem detail, implementation guidance, or API/tool documentation.",2026-07-27,Analytics
Contour — Overview,https://www.palantir.com/docs/foundry/contour/dashboards-overview/,Foundry & AIP,Analytics,P1,"Current official capability navigation entry; subsystem detail, implementation guidance, or API/tool documentation.",2026-07-27,Analytics
Save as dataset,https://www.palantir.com/docs/foundry/contour/datasets-save/,Foundry & AIP,Analytics,P1,"Current official capability navigation entry; subsystem detail, implementation guidance, or API/tool documentation.",2026-07-27,Analytics
Array functions,https://www.palantir.com/docs/foundry/contour/expressions-arrays/,Foundry & AIP,Analytics,P1,"Current official capability navigation entry; subsystem detail, implementation guidance, or API/tool documentation.",2026-07-27,Analytics
Contour — Overview,https://www.palantir.com/docs/foundry/contour/expressions-overview/,Foundry & AIP,Analytics,P1,"Current official capability navigation entry; subsystem detail, implementation guidance, or API/tool documentation.",2026-07-27,Analytics
Derive relative dates,https://www.palantir.com/docs/foundry/contour/expressions-relative-dates/,Foundry & AIP,Analytics,P1,"Current official capability navigation entry; subsystem detail, implementation guidance, or API/tool documentation.",2026-07-27,Analytics
Syntax and supported functions,https://www.palantir.com/docs/foundry/contour/expressions-syntax/,Foundry & AIP,Analytics,P1,"Current official capability navigation entry; subsystem detail, implementation guidance, or API/tool documentation.",2026-07-27,Analytics
Use the expression board,https://www.palantir.com/docs/foundry/contour/expressions-use-board/,Foundry & AIP,Analytics,P1,"Current official capability navigation entry; subsystem detail, implementation guidance, or API/tool documentation.",2026-07-27,Analytics
Window functions,https://www.palantir.com/docs/foundry/contour/expressions-window-functions/,Foundry & AIP,Analytics,P1,"Current official capability navigation entry; subsystem detail, implementation guidance, or API/tool documentation.",2026-07-27,Analytics
Contour — Faq,https://www.palantir.com/docs/foundry/contour/faq/,Foundry & AIP,Analytics,P2,"Current official navigation entry retained for completeness; specialized, lifecycle-warning, or reference material.",2026-07-27,Analytics
Contour — Getting Started,https://www.palantir.com/docs/foundry/contour/getting-started/,Foundry & AIP,Analytics,P1,"Current official capability navigation entry; subsystem detail, implementation guidance, or API/tool documentation.",2026-07-27,Analytics
Contour,https://www.palantir.com/docs/foundry/contour/overview/,Foundry & AIP,Analytics,P1,"Current official capability navigation entry; subsystem detail, implementation guidance, or API/tool documentation.",2026-07-27,Analytics
Optimizing your analysis,https://www.palantir.com/docs/foundry/contour/performance-optimize/,Foundry & AIP,Analytics,P1,"Current official capability navigation entry; subsystem detail, implementation guidance, or API/tool documentation.",2026-07-27,Analytics
Project references,https://www.palantir.com/docs/foundry/contour/project-references/,Foundry & AIP,Analytics,P1,"Current official capability navigation entry; subsystem detail, implementation guidance, or API/tool documentation.",2026-07-27,Analytics
App Pairing widget,https://www.palantir.com/docs/foundry/cross-app-interactivity/app-pairing/,Foundry & AIP,Developer toolchain,P1,"Current official capability navigation entry; subsystem detail, implementation guidance, or API/tool documentation.",2026-07-27,Developer toolchain
Cross App Interactivity — Overview,https://www.palantir.com/docs/foundry/cross-app-interactivity/commands-overview/,Foundry & AIP,Developer toolchain,P1,"Current official capability navigation entry; subsystem detail, implementation guidance, or API/tool documentation.",2026-07-27,Developer toolchain
Design guidelines,https://www.palantir.com/docs/foundry/cross-app-interactivity/design-guidelines/,Foundry & AIP,Developer toolchain,P1,"Current official capability navigation entry; subsystem detail, implementation guidance, or API/tool documentation.",2026-07-27,Developer toolchain
Cross App Interactivity — Overview,https://www.palantir.com/docs/foundry/cross-app-interactivity/drag-and-drop-overview/,Foundry & AIP,Developer toolchain,P1,"Current official capability navigation entry; subsystem detail, implementation guidance, or API/tool documentation.",2026-07-27,Developer toolchain
Drag and drop between Foundry and Gotham,https://www.palantir.com/docs/foundry/cross-app-interactivity/enrichment-reference/,Foundry & AIP,Developer toolchain,P1,"Current official capability navigation entry; subsystem detail, implementation guidance, or API/tool documentation.",2026-07-27,Developer toolchain
Implement drag and drop between Foundry and Gotham,https://www.palantir.com/docs/foundry/cross-app-interactivity/enrichment-tutorial/,Foundry & AIP,Developer toolchain,P1,"Current official capability navigation entry; subsystem detail, implementation guidance, or API/tool documentation.",2026-07-27,Developer toolchain
Object sets,https://www.palantir.com/docs/foundry/cross-app-interactivity/object-sets/,Foundry & AIP,Developer toolchain,P1,"Current official capability navigation entry; subsystem detail, implementation guidance, or API/tool documentation.",2026-07-27,Developer toolchain
Objects,https://www.palantir.com/docs/foundry/cross-app-interactivity/objects/,Foundry & AIP,Developer toolchain,P1,"Current official capability navigation entry; subsystem detail, implementation guidance, or API/tool documentation.",2026-07-27,Developer toolchain
Drag and drop between Ontology SDK applications,https://www.palantir.com/docs/foundry/cross-app-interactivity/osdk-drag-and-drop/,Foundry & AIP,Developer toolchain,P1,"Current official capability navigation entry; subsystem detail, implementation guidance, or API/tool documentation.",2026-07-27,Developer toolchain
Cross App Interactivity — Overview,https://www.palantir.com/docs/foundry/cross-app-interactivity/overview/,Foundry & AIP,Developer toolchain,P1,"Current official capability navigation entry; subsystem detail, implementation guidance, or API/tool documentation.",2026-07-27,Developer toolchain
Create a drag-and-drop integration point,https://www.palantir.com/docs/foundry/cross-app-interactivity/tutorial/,Foundry & AIP,Developer toolchain,P1,"Current official capability navigation entry; subsystem detail, implementation guidance, or API/tool documentation.",2026-07-27,Developer toolchain
Add callouts to custom docs,https://www.palantir.com/docs/foundry/custom-docs/add-callouts/,Foundry & AIP,Management & enablement,P1,"Current official capability navigation entry; subsystem detail, implementation guidance, or API/tool documentation.",2026-07-27,Management & enablement
Add images or media to custom docs,https://www.palantir.com/docs/foundry/custom-docs/add-images/,Foundry & AIP,Management & enablement,P1,"Current official capability navigation entry; subsystem detail, implementation guidance, or API/tool documentation.",2026-07-27,Management & enablement
Add links to custom docs,https://www.palantir.com/docs/foundry/custom-docs/add-links/,Foundry & AIP,Management & enablement,P1,"Current official capability navigation entry; subsystem detail, implementation guidance, or API/tool documentation.",2026-07-27,Management & enablement
Create custom docs bundle,https://www.palantir.com/docs/foundry/custom-docs/add-new-bundle/,Foundry & AIP,Management & enablement,P1,"Current official capability navigation entry; subsystem detail, implementation guidance, or API/tool documentation.",2026-07-27,Management & enablement
Add pages to custom docs,https://www.palantir.com/docs/foundry/custom-docs/add-new-pages/,Foundry & AIP,Management & enablement,P1,"Current official capability navigation entry; subsystem detail, implementation guidance, or API/tool documentation.",2026-07-27,Management & enablement
Create custom docs repository,https://www.palantir.com/docs/foundry/custom-docs/create-custom-docs-repository/,Foundry & AIP,Management & enablement,P1,"Current official capability navigation entry; subsystem detail, implementation guidance, or API/tool documentation.",2026-07-27,Management & enablement
Custom docs bundle structure,https://www.palantir.com/docs/foundry/custom-docs/custom-docs-bundle-structure/,Foundry & AIP,Management & enablement,P1,"Current official capability navigation entry; subsystem detail, implementation guidance, or API/tool documentation.",2026-07-27,Management & enablement
Permissions for custom docs,https://www.palantir.com/docs/foundry/custom-docs/custom-docs-permissions/,Foundry & AIP,Management & enablement,P1,"Current official capability navigation entry; subsystem detail, implementation guidance, or API/tool documentation.",2026-07-27,Management & enablement
Custom Docs — Faq,https://www.palantir.com/docs/foundry/custom-docs/faq/,Foundry & AIP,Management & enablement,P2,"Current official navigation entry retained for completeness; specialized, lifecycle-warning, or reference material.",2026-07-27,Management & enablement
Custom Docs — Overview,https://www.palantir.com/docs/foundry/custom-docs/overview/,Foundry & AIP,Management & enablement,P1,"Current official capability navigation entry; subsystem detail, implementation guidance, or API/tool documentation.",2026-07-27,Management & enablement
Preview custom docs in Code Repositories,https://www.palantir.com/docs/foundry/custom-docs/preview-markdown/,Foundry & AIP,Management & enablement,P1,"Current official capability navigation entry; subsystem detail, implementation guidance, or API/tool documentation.",2026-07-27,Management & enablement
Publish custom docs,https://www.palantir.com/docs/foundry/custom-docs/publish-custom-docs/,Foundry & AIP,Management & enablement,P1,"Current official capability navigation entry; subsystem detail, implementation guidance, or API/tool documentation.",2026-07-27,Management & enablement
Custom Endpoints — Core Concepts,https://www.palantir.com/docs/foundry/custom-endpoints/core-concepts/,Foundry & AIP,Developer toolchain,P1,"Current official capability navigation entry; subsystem detail, implementation guidance, or API/tool documentation.",2026-07-27,Developer toolchain
Create an endpoint set,https://www.palantir.com/docs/foundry/custom-endpoints/create-endpoint-set/,Foundry & AIP,Developer toolchain,P1,"Current official capability navigation entry; subsystem detail, implementation guidance, or API/tool documentation.",2026-07-27,Developer toolchain
Define custom endpoints,https://www.palantir.com/docs/foundry/custom-endpoints/define-endpoints/,Foundry & AIP,Developer toolchain,P1,"Current official capability navigation entry; subsystem detail, implementation guidance, or API/tool documentation.",2026-07-27,Developer toolchain
Custom endpoints,https://www.palantir.com/docs/foundry/custom-endpoints/overview/,Foundry & AIP,Developer toolchain,P1,"Current official capability navigation entry; subsystem detail, implementation guidance, or API/tool documentation.",2026-07-27,Developer toolchain
Publish and deploy an endpoint set,https://www.palantir.com/docs/foundry/custom-endpoints/publish/,Foundry & AIP,Developer toolchain,P1,"Current official capability navigation entry; subsystem detail, implementation guidance, or API/tool documentation.",2026-07-27,Developer toolchain
Use custom endpoints in your applications,https://www.palantir.com/docs/foundry/custom-endpoints/use-custom-endpoints/,Foundry & AIP,Developer toolchain,P1,"Current official capability navigation entry; subsystem detail, implementation guidance, or API/tool documentation.",2026-07-27,Developer toolchain
Add an additional widget to a widget set,https://www.palantir.com/docs/foundry/custom-widgets/additional-widget/,Foundry & AIP,Use case development,P1,"Current official capability navigation entry; subsystem detail, implementation guidance, or API/tool documentation.",2026-07-27,Use case development
Auto sizing,https://www.palantir.com/docs/foundry/custom-widgets/auto-sizing/,Foundry & AIP,Use case development,P1,"Current official capability navigation entry; subsystem detail, implementation guidance, or API/tool documentation.",2026-07-27,Use case development
Custom Widgets — Core Concepts,https://www.palantir.com/docs/foundry/custom-widgets/core-concepts/,Foundry & AIP,Use case development,P1,"Current official capability navigation entry; subsystem detail, implementation guidance, or API/tool documentation.",2026-07-27,Use case development
Create a widget set,https://www.palantir.com/docs/foundry/custom-widgets/create/,Foundry & AIP,Use case development,P1,"Current official capability navigation entry; subsystem detail, implementation guidance, or API/tool documentation.",2026-07-27,Use case development
Dark theme support,https://www.palantir.com/docs/foundry/custom-widgets/dark-theme/,Foundry & AIP,Use case development,P1,"Current official capability navigation entry; subsystem detail, implementation guidance, or API/tool documentation.",2026-07-27,Use case development
Develop a widget set,https://www.palantir.com/docs/foundry/custom-widgets/development/,Foundry & AIP,Use case development,P1,"Current official capability navigation entry; subsystem detail, implementation guidance, or API/tool documentation.",2026-07-27,Use case development
Embedding a widget in Workshop,https://www.palantir.com/docs/foundry/custom-widgets/embedding-in-workshop/,Foundry & AIP,Use case development,P1,"Current official capability navigation entry; subsystem detail, implementation guidance, or API/tool documentation.",2026-07-27,Use case development
Enable additional iframe attributes,https://www.palantir.com/docs/foundry/custom-widgets/iframe-attributes/,Foundry & AIP,Use case development,P1,"Current official capability navigation entry; subsystem detail, implementation guidance, or API/tool documentation.",2026-07-27,Use case development
Manage Node.js version in a Foundry code repository,https://www.palantir.com/docs/foundry/custom-widgets/manage-node-version-in-foundry-code-repository/,Foundry & AIP,Use case development,P1,"Current official capability navigation entry; subsystem detail, implementation guidance, or API/tool documentation.",2026-07-27,Use case development
Add widget set to a Marketplace product,https://www.palantir.com/docs/foundry/custom-widgets/marketplace/,Foundry & AIP,Use case development,P1,"Current official capability navigation entry; subsystem detail, implementation guidance, or API/tool documentation.",2026-07-27,Use case development
Open a URL in Workshop,https://www.palantir.com/docs/foundry/custom-widgets/open-url-in-workshop/,Foundry & AIP,Use case development,P1,"Current official capability navigation entry; subsystem detail, implementation guidance, or API/tool documentation.",2026-07-27,Use case development
Custom Widgets — Overview,https://www.palantir.com/docs/foundry/custom-widgets/overview/,Foundry & AIP,Use case development,P1,"Current official capability navigation entry; subsystem detail, implementation guidance, or API/tool documentation.",2026-07-27,Use case development
Parameters and events,https://www.palantir.com/docs/foundry/custom-widgets/parameters-and-events/,Foundry & AIP,Use case development,P1,"Current official capability navigation entry; subsystem detail, implementation guidance, or API/tool documentation.",2026-07-27,Use case development
Publish a widget set,https://www.palantir.com/docs/foundry/custom-widgets/publish/,Foundry & AIP,Use case development,P1,"Current official capability navigation entry; subsystem detail, implementation guidance, or API/tool documentation.",2026-07-27,Use case development
Troubleshooting,https://www.palantir.com/docs/foundry/custom-widgets/troubleshooting/,Foundry & AIP,Use case development,P2,"Current official navigation entry retained for completeness; specialized, lifecycle-warning, or reference material.",2026-07-27,Use case development
Use Ontology SDK (OSDK) in a widget set,https://www.palantir.com/docs/foundry/custom-widgets/use-osdk/,Foundry & AIP,Use case development,P1,"Current official capability navigation entry; subsystem detail, implementation guidance, or API/tool documentation.",2026-07-27,Use case development
Agent configuration reference,https://www.palantir.com/docs/foundry/data-connection/agent-configuration-reference/,Foundry & AIP,Data connectivity & integration,P1,"Current official capability navigation entry; subsystem detail, implementation guidance, or API/tool documentation.",2026-07-27,Data connectivity & integration
Agent proxy runtime configuration reference,https://www.palantir.com/docs/foundry/data-connection/agent-proxy-runtime/,Foundry & AIP,Data connectivity & integration,P1,"Current official capability navigation entry; subsystem detail, implementation guidance, or API/tool documentation.",2026-07-27,Data connectivity & integration
Agent proxy configuration reference,https://www.palantir.com/docs/foundry/data-connection/agent-proxy/,Foundry & AIP,Data connectivity & integration,P1,"Current official capability navigation entry; subsystem detail, implementation guidance, or API/tool documentation.",2026-07-27,Data connectivity & integration
Agent worker runtime configuration reference,https://www.palantir.com/docs/foundry/data-connection/agent-worker-runtime/,Foundry & AIP,Data connectivity & integration,P1,"Current official capability navigation entry; subsystem detail, implementation guidance, or API/tool documentation.",2026-07-27,Data connectivity & integration
Agent worker configuration reference,https://www.palantir.com/docs/foundry/data-connection/agent-worker/,Foundry & AIP,Data connectivity & integration,P1,"Current official capability navigation entry; subsystem detail, implementation guidance, or API/tool documentation.",2026-07-27,Data connectivity & integration
Troubleshooting reference,https://www.palantir.com/docs/foundry/data-connection/agents-troubleshooting/,Foundry & AIP,Data connectivity & integration,P2,"Current official navigation entry retained for completeness; specialized, lifecycle-warning, or reference material.",2026-07-27,Data connectivity & integration
Architecture,https://www.palantir.com/docs/foundry/data-connection/architecture/,Foundry & AIP,Data connectivity & integration,P1,"Current official capability navigation entry; subsystem detail, implementation guidance, or API/tool documentation.",2026-07-27,Data connectivity & integration
Connection security,https://www.palantir.com/docs/foundry/data-connection/connection-security/,Foundry & AIP,Data connectivity & integration,P1,"Current official capability navigation entry; subsystem detail, implementation guidance, or API/tool documentation.",2026-07-27,Data connectivity & integration
Data Connection — Core Concepts,https://www.palantir.com/docs/foundry/data-connection/core-concepts/,Foundry & AIP,Data connectivity & integration,P1,"Current official capability navigation entry; subsystem detail, implementation guidance, or API/tool documentation.",2026-07-27,Data connectivity & integration
exported to third-party systems,https://www.palantir.com/docs/foundry/data-connection/export-overview/,Foundry & AIP,Cross-capability / platform,P1,"Current official capability navigation entry; subsystem detail, implementation guidance, or API/tool documentation.",2026-07-27,Data connectivity & integration | Observability
Export tasks [Legacy],https://www.palantir.com/docs/foundry/data-connection/export-tasks/,Foundry & AIP,Data connectivity & integration,P1,"Current official capability navigation entry; subsystem detail, implementation guidance, or API/tool documentation.",2026-07-27,Data connectivity & integration
External functions,https://www.palantir.com/docs/foundry/data-connection/external-functions/,Foundry & AIP,Data connectivity & integration,P1,"Current official capability navigation entry; subsystem detail, implementation guidance, or API/tool documentation.",2026-07-27,Data connectivity & integration
Legacy external transforms,https://www.palantir.com/docs/foundry/data-connection/external-transforms-legacy/,Foundry & AIP,Data connectivity & integration,P2,"Current official navigation entry retained for completeness; specialized, lifecycle-warning, or reference material.",2026-07-27,Data connectivity & integration
External transforms,https://www.palantir.com/docs/foundry/data-connection/external-transforms/,Foundry & AIP,Data connectivity & integration,P1,"Current official capability navigation entry; subsystem detail, implementation guidance, or API/tool documentation.",2026-07-27,Data connectivity & integration
Data Connection — Faq,https://www.palantir.com/docs/foundry/data-connection/faq/,Foundry & AIP,Data connectivity & integration,P2,"Current official navigation entry retained for completeness; specialized, lifecycle-warning, or reference material.",2026-07-27,Data connectivity & integration
File-based syncs,https://www.palantir.com/docs/foundry/data-connection/file-based-syncs/,Foundry & AIP,Data connectivity & integration,P1,"Current official capability navigation entry; subsystem detail, implementation guidance, or API/tool documentation.",2026-07-27,Data connectivity & integration
Foundry worker vs. agent worker,https://www.palantir.com/docs/foundry/data-connection/foundry-worker-vs-agent-worker/,Foundry & AIP,Data connectivity & integration,P1,"Current official capability navigation entry; subsystem detail, implementation guidance, or API/tool documentation.",2026-07-27,Data connectivity & integration
Initial setup overview,https://www.palantir.com/docs/foundry/data-connection/initial-setup-overview/,Foundry & AIP,Data connectivity & integration,P1,"Current official capability navigation entry; subsystem detail, implementation guidance, or API/tool documentation.",2026-07-27,Data connectivity & integration
Security,https://www.palantir.com/docs/foundry/data-connection/listeners-email-security/,Foundry & AIP,Data connectivity & integration,P1,"Current official capability navigation entry; subsystem detail, implementation guidance, or API/tool documentation.",2026-07-27,Data connectivity & integration
Data Connection — Overview,https://www.palantir.com/docs/foundry/data-connection/listeners-email/,Foundry & AIP,Data connectivity & integration,P1,"Current official capability navigation entry; subsystem detail, implementation guidance, or API/tool documentation.",2026-07-27,Data connectivity & integration
Event processing,https://www.palantir.com/docs/foundry/data-connection/listeners-event-processing/,Foundry & AIP,Data connectivity & integration,P1,"Current official capability navigation entry; subsystem detail, implementation guidance, or API/tool documentation.",2026-07-27,Data connectivity & integration
Set up a Google Pub/Sub listener,https://www.palantir.com/docs/foundry/data-connection/listeners-google-pub-sub/,Foundry & AIP,Data connectivity & integration,P1,"Current official capability navigation entry; subsystem detail, implementation guidance, or API/tool documentation.",2026-07-27,Data connectivity & integration
Security,https://www.palantir.com/docs/foundry/data-connection/listeners-https-security/,Foundry & AIP,Data connectivity & integration,P1,"Current official capability navigation entry; subsystem detail, implementation guidance, or API/tool documentation.",2026-07-27,Data connectivity & integration
Data Connection — Overview,https://www.palantir.com/docs/foundry/data-connection/listeners-https/,Foundry & AIP,Data connectivity & integration,P1,"Current official capability navigation entry; subsystem detail, implementation guidance, or API/tool documentation.",2026-07-27,Data connectivity & integration
Set up a Jira listener,https://www.palantir.com/docs/foundry/data-connection/listeners-jira/,Foundry & AIP,Data connectivity & integration,P1,"Current official capability navigation entry; subsystem detail, implementation guidance, or API/tool documentation.",2026-07-27,Data connectivity & integration
Data Connection — Overview,https://www.palantir.com/docs/foundry/data-connection/listeners-overview/,Foundry & AIP,Data connectivity & integration,P1,"Current official capability navigation entry; subsystem detail, implementation guidance, or API/tool documentation.",2026-07-27,Data connectivity & integration
Create an AI-powered Slack bot,https://www.palantir.com/docs/foundry/data-connection/listeners-slack-bot/,Foundry & AIP,Data connectivity & integration,P1,"Current official capability navigation entry; subsystem detail, implementation guidance, or API/tool documentation.",2026-07-27,Data connectivity & integration
Set up a Slack listener,https://www.palantir.com/docs/foundry/data-connection/listeners-slack/,Foundry & AIP,Data connectivity & integration,P1,"Current official capability navigation entry; subsystem detail, implementation guidance, or API/tool documentation.",2026-07-27,Data connectivity & integration
Listener subdomains,https://www.palantir.com/docs/foundry/data-connection/listeners-subdomains/,Foundry & AIP,Data connectivity & integration,P1,"Current official capability navigation entry; subsystem detail, implementation guidance, or API/tool documentation.",2026-07-27,Data connectivity & integration
Security,https://www.palantir.com/docs/foundry/data-connection/listeners-websocket-security/,Foundry & AIP,Data connectivity & integration,P1,"Current official capability navigation entry; subsystem detail, implementation guidance, or API/tool documentation.",2026-07-27,Data connectivity & integration
Data Connection — Overview,https://www.palantir.com/docs/foundry/data-connection/listeners-websocket/,Foundry & AIP,Data connectivity & integration,P1,"Current official capability navigation entry; subsystem detail, implementation guidance, or API/tool documentation.",2026-07-27,Data connectivity & integration
Add sync to a Marketplace product,https://www.palantir.com/docs/foundry/data-connection/marketplace-data-connection/,Foundry & AIP,Data connectivity & integration,P1,"Current official capability navigation entry; subsystem detail, implementation guidance, or API/tool documentation.",2026-07-27,Data connectivity & integration
Add virtual tables to a Marketplace product,https://www.palantir.com/docs/foundry/data-connection/marketplace-virtual-tables/,Foundry & AIP,Data connectivity & integration,P1,"Current official capability navigation entry; subsystem detail, implementation guidance, or API/tool documentation.",2026-07-27,Data connectivity & integration
Set up a media set sync,https://www.palantir.com/docs/foundry/data-connection/media-set-sync/,Foundry & AIP,Data connectivity & integration,P1,"Current official capability navigation entry; subsystem detail, implementation guidance, or API/tool documentation.",2026-07-27,Data connectivity & integration
OpenID Connect (OIDC) authentication,https://www.palantir.com/docs/foundry/data-connection/oidc/,Foundry & AIP,Data connectivity & integration,P1,"Current official capability navigation entry; subsystem detail, implementation guidance, or API/tool documentation.",2026-07-27,Data connectivity & integration
Optimize JDBC syncs,https://www.palantir.com/docs/foundry/data-connection/optimize-jdbc-syncs/,Foundry & AIP,Data connectivity & integration,P1,"Current official capability navigation entry; subsystem detail, implementation guidance, or API/tool documentation.",2026-07-27,Data connectivity & integration
Data Connection — Overview,https://www.palantir.com/docs/foundry/data-connection/overview/,Foundry & AIP,Data connectivity & integration,P0,Official architectural spine or core ontology lifecycle page; reviewed directly in the research synthesis.,2026-07-27,Data connectivity & integration
Permissions reference,https://www.palantir.com/docs/foundry/data-connection/permissions/,Foundry & AIP,Data connectivity & integration,P1,"Current official capability navigation entry; subsystem detail, implementation guidance, or API/tool documentation.",2026-07-27,Data connectivity & integration
Push data into a stream,https://www.palantir.com/docs/foundry/data-connection/push-based-ingestion/,Foundry & AIP,Data connectivity & integration,P1,"Current official capability navigation entry; subsystem detail, implementation guidance, or API/tool documentation.",2026-07-27,Data connectivity & integration
Set up an agent,https://www.palantir.com/docs/foundry/data-connection/set-up-agent/,Foundry & AIP,Data connectivity & integration,P1,"Current official capability navigation entry; subsystem detail, implementation guidance, or API/tool documentation.",2026-07-27,Data connectivity & integration
Set up a direct connection,https://www.palantir.com/docs/foundry/data-connection/set-up-direct-connection/,Foundry & AIP,Data connectivity & integration,P1,"Current official capability navigation entry; subsystem detail, implementation guidance, or API/tool documentation.",2026-07-27,Data connectivity & integration
Set up a source,https://www.palantir.com/docs/foundry/data-connection/set-up-source/,Foundry & AIP,Data connectivity & integration,P1,"Current official capability navigation entry; subsystem detail, implementation guidance, or API/tool documentation.",2026-07-27,Data connectivity & integration
Set up a streaming sync,https://www.palantir.com/docs/foundry/data-connection/set-up-streaming-sync/,Foundry & AIP,Data connectivity & integration,P1,"Current official capability navigation entry; subsystem detail, implementation guidance, or API/tool documentation.",2026-07-27,Data connectivity & integration
Set up a sync,https://www.palantir.com/docs/foundry/data-connection/set-up-sync/,Foundry & AIP,Data connectivity & integration,P1,"Current official capability navigation entry; subsystem detail, implementation guidance, or API/tool documentation.",2026-07-27,Data connectivity & integration
Source exploration,https://www.palantir.com/docs/foundry/data-connection/source-exploration/,Foundry & AIP,Data connectivity & integration,P1,"Current official capability navigation entry; subsystem detail, implementation guidance, or API/tool documentation.",2026-07-27,Data connectivity & integration
Sources in Python environments,https://www.palantir.com/docs/foundry/data-connection/sources-in-python/,Foundry & AIP,Data connectivity & integration,P1,"Current official capability navigation entry; subsystem detail, implementation guidance, or API/tool documentation.",2026-07-27,Data connectivity & integration
Troubleshooting reference,https://www.palantir.com/docs/foundry/data-connection/syncs-troubleshooting/,Foundry & AIP,Data connectivity & integration,P2,"Current official navigation entry retained for completeness; specialized, lifecycle-warning, or reference material.",2026-07-27,Data connectivity & integration
Troubleshooting,https://www.palantir.com/docs/foundry/data-connection/troubleshooting/,Foundry & AIP,Data connectivity & integration,P2,"Current official navigation entry retained for completeness; specialized, lifecycle-warning, or reference material.",2026-07-27,Data connectivity & integration
Set up a webhook for the Microsoft Graph API,https://www.palantir.com/docs/foundry/data-connection/webhooks-microsoft-graph-api/,Foundry & AIP,Data connectivity & integration,P1,"Current official capability navigation entry; subsystem detail, implementation guidance, or API/tool documentation.",2026-07-27,Data connectivity & integration
Data Connection — Overview,https://www.palantir.com/docs/foundry/data-connection/webhooks-overview/,Foundry & AIP,Data connectivity & integration,P1,"Current official capability navigation entry; subsystem detail, implementation guidance, or API/tool documentation.",2026-07-27,Data connectivity & integration
Configuration reference,https://www.palantir.com/docs/foundry/data-connection/webhooks-reference/,Foundry & AIP,Data connectivity & integration,P1,"Current official capability navigation entry; subsystem detail, implementation guidance, or API/tool documentation.",2026-07-27,Data connectivity & integration
Set up a webhook,https://www.palantir.com/docs/foundry/data-connection/webhooks-setup/,Foundry & AIP,Data connectivity & integration,P1,"Current official capability navigation entry; subsystem detail, implementation guidance, or API/tool documentation.",2026-07-27,Data connectivity & integration
Application reference,https://www.palantir.com/docs/foundry/data-integration/application-reference/,Foundry & AIP,Data connectivity & integration,P1,"Current official capability navigation entry; subsystem detail, implementation guidance, or API/tool documentation.",2026-07-27,Data connectivity & integration
Branching,https://www.palantir.com/docs/foundry/data-integration/branching/,Foundry & AIP,Data connectivity & integration,P1,"Current official capability navigation entry; subsystem detail, implementation guidance, or API/tool documentation.",2026-07-27,Data connectivity & integration
Batch and streaming transforms,https://www.palantir.com/docs/foundry/data-integration/builds/,Foundry & AIP,Cross-capability / platform,P1,"Current official capability navigation entry; subsystem detail, implementation guidance, or API/tool documentation.",2026-07-27,Data connectivity & integration | Observability
Change data capture (CDC),https://www.palantir.com/docs/foundry/data-integration/change-data-capture/,Foundry & AIP,Data connectivity & integration,P1,"Current official capability navigation entry; subsystem detail, implementation guidance, or API/tool documentation.",2026-07-27,Data connectivity & integration
Learn more about connecting to data in Foundry.,https://www.palantir.com/docs/foundry/data-integration/connecting-to-data/,Foundry & AIP,Data connectivity & integration,P1,"Current official capability navigation entry; subsystem detail, implementation guidance, or API/tool documentation.",2026-07-27,Data connectivity & integration
Learn more about transforming data with Foundry.,https://www.palantir.com/docs/foundry/data-integration/data-pipeline/,Foundry & AIP,Data connectivity & integration,P1,"Current official capability navigation entry; subsystem detail, implementation guidance, or API/tool documentation.",2026-07-27,Data connectivity & integration
datasets,https://www.palantir.com/docs/foundry/data-integration/datasets/,Foundry & AIP,Cross-capability / platform,P1,"Current official capability navigation entry; subsystem detail, implementation guidance, or API/tool documentation.",2026-07-27,Data connectivity & integration | Ontology building
Flink fundamentals,https://www.palantir.com/docs/foundry/data-integration/flink-streaming/,Foundry & AIP,Data connectivity & integration,P1,"Current official capability navigation entry; subsystem detail, implementation guidance, or API/tool documentation.",2026-07-27,Data connectivity & integration
Palantir-provided drivers for JDBC sources,https://www.palantir.com/docs/foundry/data-integration/foundry-provided-drivers/,Foundry & AIP,Data connectivity & integration,P1,"Current official capability navigation entry; subsystem detail, implementation guidance, or API/tool documentation.",2026-07-27,Data connectivity & integration
S3-compatible API for Foundry datasets,https://www.palantir.com/docs/foundry/data-integration/foundry-s3-api/,Foundry & AIP,Data connectivity & integration,P1,"Current official capability navigation entry; subsystem detail, implementation guidance, or API/tool documentation.",2026-07-27,Data connectivity & integration
Health checks,https://www.palantir.com/docs/foundry/data-integration/health-checks/,Foundry & AIP,Data connectivity & integration,P1,"Current official capability navigation entry; subsystem detail, implementation guidance, or API/tool documentation.",2026-07-27,Data connectivity & integration
Iceberg tables,https://www.palantir.com/docs/foundry/data-integration/iceberg-tables/,Foundry & AIP,Data connectivity & integration,P1,"Current official capability navigation entry; subsystem detail, implementation guidance, or API/tool documentation.",2026-07-27,Data connectivity & integration
Media sets (unstructured data),https://www.palantir.com/docs/foundry/data-integration/media-sets/,Foundry & AIP,Data connectivity & integration,P1,"Current official capability navigation entry; subsystem detail, implementation guidance, or API/tool documentation.",2026-07-27,Data connectivity & integration
Data connectivity & integration,https://www.palantir.com/docs/foundry/data-integration/overview/,Foundry & AIP,Data connectivity & integration,P0,"Official data-plane overview: sources, datasets, streams, media, pipelines, schedules, lineage, and health.",2026-07-27,AI Platform (AIP) | Analytics | Data connectivity & integration | Developer toolchain | Management & enablement | Model connectivity & development | Observability | Ontology building | Product delivery | Security & governance | Use case development
Reset stream,https://www.palantir.com/docs/foundry/data-integration/reset-stream/,Foundry & AIP,Data connectivity & integration,P1,"Current official capability navigation entry; subsystem detail, implementation guidance, or API/tool documentation.",2026-07-27,Data connectivity & integration
Schedules,https://www.palantir.com/docs/foundry/data-integration/schedules/,Foundry & AIP,Data connectivity & integration,P1,"Current official capability navigation entry; subsystem detail, implementation guidance, or API/tool documentation.",2026-07-27,Data connectivity & integration
Data Integration — Overview,https://www.palantir.com/docs/foundry/data-integration/source-type-overview/,Foundry & AIP,Data connectivity & integration,P1,"Current official capability navigation entry; subsystem detail, implementation guidance, or API/tool documentation.",2026-07-27,Data connectivity & integration
Stream monitoring,https://www.palantir.com/docs/foundry/data-integration/stream-monitoring/,Foundry & AIP,Data connectivity & integration,P1,"Current official capability navigation entry; subsystem detail, implementation guidance, or API/tool documentation.",2026-07-27,Data connectivity & integration
Streaming,https://www.palantir.com/docs/foundry/data-integration/streaming-guide/,Foundry & AIP,Data connectivity & integration,P1,"Current official capability navigation entry; subsystem detail, implementation guidance, or API/tool documentation.",2026-07-27,Data connectivity & integration
Streaming profiles,https://www.palantir.com/docs/foundry/data-integration/streaming-profiles/,Foundry & AIP,Data connectivity & integration,P1,"Current official capability navigation entry; subsystem detail, implementation guidance, or API/tool documentation.",2026-07-27,Data connectivity & integration
Streams,https://www.palantir.com/docs/foundry/data-integration/streams/,Foundry & AIP,Data connectivity & integration,P1,"Current official capability navigation entry; subsystem detail, implementation guidance, or API/tool documentation.",2026-07-27,Data connectivity & integration
Views,https://www.palantir.com/docs/foundry/data-integration/views/,Foundry & AIP,Data connectivity & integration,P1,"Current official capability navigation entry; subsystem detail, implementation guidance, or API/tool documentation.",2026-07-27,Data connectivity & integration
virtual tables,https://www.palantir.com/docs/foundry/data-integration/virtual-tables/,Foundry & AIP,Cross-capability / platform,P1,"Current official capability navigation entry; subsystem detail, implementation guidance, or API/tool documentation.",2026-07-27,Data connectivity & integration | Ontology building
Data Lifetime — Faq,https://www.palantir.com/docs/foundry/data-lifetime/FAQ/,Foundry & AIP,Security & governance,P1,"Current official capability navigation entry; subsystem detail, implementation guidance, or API/tool documentation.",2026-07-27,Security & governance
Data Lifetime — Core Concepts,https://www.palantir.com/docs/foundry/data-lifetime/core-concepts-data-lifetime/,Foundry & AIP,Security & governance,P1,"Current official capability navigation entry; subsystem detail, implementation guidance, or API/tool documentation.",2026-07-27,Security & governance
Create a deletion policy,https://www.palantir.com/docs/foundry/data-lifetime/creating-a-deletion-policy/,Foundry & AIP,Security & governance,P1,"Current official capability navigation entry; subsystem detail, implementation guidance, or API/tool documentation.",2026-07-27,Security & governance
Implications of deletion policies,https://www.palantir.com/docs/foundry/data-lifetime/deletion-policies-implications/,Foundry & AIP,Security & governance,P1,"Current official capability navigation entry; subsystem detail, implementation guidance, or API/tool documentation.",2026-07-27,Security & governance
Data Lifetime — Getting Started,https://www.palantir.com/docs/foundry/data-lifetime/getting-started/,Foundry & AIP,Security & governance,P1,"Current official capability navigation entry; subsystem detail, implementation guidance, or API/tool documentation.",2026-07-27,Security & governance
Data Lifetime — Overview,https://www.palantir.com/docs/foundry/data-lifetime/overview/,Foundry & AIP,Security & governance,P1,"Current official capability navigation entry; subsystem detail, implementation guidance, or API/tool documentation.",2026-07-27,Security & governance
Create a policy override,https://www.palantir.com/docs/foundry/data-lifetime/policy-overrides/,Foundry & AIP,Security & governance,P1,"Current official capability navigation entry; subsystem detail, implementation guidance, or API/tool documentation.",2026-07-27,Security & governance
Remove a deletion policy,https://www.palantir.com/docs/foundry/data-lifetime/removing-a-policy/,Foundry & AIP,Security & governance,P1,"Current official capability navigation entry; subsystem detail, implementation guidance, or API/tool documentation.",2026-07-27,Security & governance
View policy activity history,https://www.palantir.com/docs/foundry/data-lifetime/view-changes-applied-policy/,Foundry & AIP,Security & governance,P1,"Current official capability navigation entry; subsystem detail, implementation guidance, or API/tool documentation.",2026-07-27,Security & governance
Branching data lineage,https://www.palantir.com/docs/foundry/data-lineage/branching-data-lineage/,Foundry & AIP,Data connectivity & integration,P1,"Current official capability navigation entry; subsystem detail, implementation guidance, or API/tool documentation.",2026-07-27,Data connectivity & integration
Build datasets,https://www.palantir.com/docs/foundry/data-lineage/build-datasets/,Foundry & AIP,Data connectivity & integration,P1,"Current official capability navigation entry; subsystem detail, implementation guidance, or API/tool documentation.",2026-07-27,Data connectivity & integration
View build timeline,https://www.palantir.com/docs/foundry/data-lineage/build-timeline/,Foundry & AIP,Data connectivity & integration,P1,"Current official capability navigation entry; subsystem detail, implementation guidance, or API/tool documentation.",2026-07-27,Data connectivity & integration
Check resource permissions,https://www.palantir.com/docs/foundry/data-lineage/check-permissions/,Foundry & AIP,Data connectivity & integration,P1,"Current official capability navigation entry; subsystem detail, implementation guidance, or API/tool documentation.",2026-07-27,Data connectivity & integration
View dataset preview and logic,https://www.palantir.com/docs/foundry/data-lineage/dataset-preview-logic/,Foundry & AIP,Data connectivity & integration,P1,"Current official capability navigation entry; subsystem detail, implementation guidance, or API/tool documentation.",2026-07-27,Data connectivity & integration
Roll back a dataset,https://www.palantir.com/docs/foundry/data-lineage/dataset-rollback/,Foundry & AIP,Data connectivity & integration,P1,"Current official capability navigation entry; subsystem detail, implementation guidance, or API/tool documentation.",2026-07-27,Data connectivity & integration
Graph elements reference,https://www.palantir.com/docs/foundry/data-lineage/elements-reference/,Foundry & AIP,Data connectivity & integration,P1,"Current official capability navigation entry; subsystem detail, implementation guidance, or API/tool documentation.",2026-07-27,Data connectivity & integration
Explore artifacts and ontology entities,https://www.palantir.com/docs/foundry/data-lineage/explore-artifacts/,Foundry & AIP,Data connectivity & integration,P1,"Current official capability navigation entry; subsystem detail, implementation guidance, or API/tool documentation.",2026-07-27,Data connectivity & integration
Explore data lineage,https://www.palantir.com/docs/foundry/data-lineage/explore-lineage/,Foundry & AIP,Data connectivity & integration,P1,"Current official capability navigation entry; subsystem detail, implementation guidance, or API/tool documentation.",2026-07-27,Data connectivity & integration
Data Lineage — Faq,https://www.palantir.com/docs/foundry/data-lineage/faq/,Foundry & AIP,Data connectivity & integration,P2,"Current official navigation entry retained for completeness; specialized, lifecycle-warning, or reference material.",2026-07-27,Data connectivity & integration
Find datasets with a given column,https://www.palantir.com/docs/foundry/data-lineage/find-column/,Foundry & AIP,Data connectivity & integration,P1,"Current official capability navigation entry; subsystem detail, implementation guidance, or API/tool documentation.",2026-07-27,Data connectivity & integration
Manage schedules,https://www.palantir.com/docs/foundry/data-lineage/manage-schedules/,Foundry & AIP,Data connectivity & integration,P1,"Current official capability navigation entry; subsystem detail, implementation guidance, or API/tool documentation.",2026-07-27,Data connectivity & integration
Data Lineage — Navigation,https://www.palantir.com/docs/foundry/data-lineage/navigation/,Foundry & AIP,Data connectivity & integration,P1,"Current official capability navigation entry; subsystem detail, implementation guidance, or API/tool documentation.",2026-07-27,Data connectivity & integration
Node coloring,https://www.palantir.com/docs/foundry/data-lineage/node-coloring/,Foundry & AIP,Data connectivity & integration,P1,"Current official capability navigation entry; subsystem detail, implementation guidance, or API/tool documentation.",2026-07-27,Data connectivity & integration
Data Lineage — Overview,https://www.palantir.com/docs/foundry/data-lineage/overview/,Foundry & AIP,Data connectivity & integration,P1,"Current official capability navigation entry; subsystem detail, implementation guidance, or API/tool documentation.",2026-07-27,Data connectivity & integration
Roll back a pipeline,https://www.palantir.com/docs/foundry/data-lineage/pipeline-rollback/,Foundry & AIP,Data connectivity & integration,P1,"Current official capability navigation entry; subsystem detail, implementation guidance, or API/tool documentation.",2026-07-27,Data connectivity & integration
Save and share a graph,https://www.palantir.com/docs/foundry/data-lineage/save-share-graph/,Foundry & AIP,Data connectivity & integration,P1,"Current official capability navigation entry; subsystem detail, implementation guidance, or API/tool documentation.",2026-07-27,Data connectivity & integration
See the impact of marking changes,https://www.palantir.com/docs/foundry/data-lineage/see-impact-marking-changes/,Foundry & AIP,Data connectivity & integration,P1,"Current official capability navigation entry; subsystem detail, implementation guidance, or API/tool documentation.",2026-07-27,Data connectivity & integration
Understand out-of-date datasets,https://www.palantir.com/docs/foundry/data-lineage/stale-datasets/,Foundry & AIP,Data connectivity & integration,P1,"Current official capability navigation entry; subsystem detail, implementation guidance, or API/tool documentation.",2026-07-27,Data connectivity & integration
CSV parsing,https://www.palantir.com/docs/foundry/dataset-preview/csv-parsing/,Foundry & AIP,Data connectivity & integration,P1,"Current official capability navigation entry; subsystem detail, implementation guidance, or API/tool documentation.",2026-07-27,Data connectivity & integration
Dataset Preview — Faq,https://www.palantir.com/docs/foundry/dataset-preview/dataset-preview-faq/,Foundry & AIP,Data connectivity & integration,P1,"Current official capability navigation entry; subsystem detail, implementation guidance, or API/tool documentation.",2026-07-27,Data connectivity & integration
Dataset Preview — Overview,https://www.palantir.com/docs/foundry/dataset-preview/overview/,Foundry & AIP,Data connectivity & integration,P1,"Current official capability navigation entry; subsystem detail, implementation guidance, or API/tool documentation.",2026-07-27,Data connectivity & integration
Time Travel,https://www.palantir.com/docs/foundry/dataset-preview/time-travel/,Foundry & AIP,Data connectivity & integration,P1,"Current official capability navigation entry; subsystem detail, implementation guidance, or API/tool documentation.",2026-07-27,Data connectivity & integration
developer toolchain,https://www.palantir.com/docs/foundry/dev-toolchain/overview/,Foundry & AIP,Developer toolchain,P0,"Official developer surface: OSDKs, APIs, MCP, compute modules, endpoints, and branching.",2026-07-27,AI Platform (AIP) | Analytics | Data connectivity & integration | Developer toolchain | Management & enablement | Model connectivity & development | Observability | Ontology building | Product delivery | Security & governance | Use case development
Application metrics,https://www.palantir.com/docs/foundry/developer-console/application-metrics/,Foundry & AIP,Developer toolchain,P1,"Current official capability navigation entry; subsystem detail, implementation guidance, or API/tool documentation.",2026-07-27,Developer toolchain
Application restrictions,https://www.palantir.com/docs/foundry/developer-console/application-restrictions/,Foundry & AIP,Developer toolchain,P1,"Current official capability navigation entry; subsystem detail, implementation guidance, or API/tool documentation.",2026-07-27,Developer toolchain
Create a new application,https://www.palantir.com/docs/foundry/developer-console/create-application/,Foundry & AIP,Developer toolchain,P1,"Current official capability navigation entry; subsystem detail, implementation guidance, or API/tool documentation.",2026-07-27,Developer toolchain
Create an offline-capable application with the embedded ontology,https://www.palantir.com/docs/foundry/developer-console/create-embedded-ontology-application/,Foundry & AIP,Developer toolchain,P1,"Current official capability navigation entry; subsystem detail, implementation guidance, or API/tool documentation.",2026-07-27,Developer toolchain
Hosting an application on Foundry,https://www.palantir.com/docs/foundry/developer-console/deploy-custom-application-on-foundry/,Foundry & AIP,Developer toolchain,P1,"Current official capability navigation entry; subsystem detail, implementation guidance, or API/tool documentation.",2026-07-27,Developer toolchain
Add OSDK to an existing application,https://www.palantir.com/docs/foundry/developer-console/how-to-add-to-existing-typescript/,Foundry & AIP,Developer toolchain,P1,"Current official capability navigation entry; subsystem detail, implementation guidance, or API/tool documentation.",2026-07-27,Developer toolchain
Bootstrap a Java application,https://www.palantir.com/docs/foundry/developer-console/how-to-bootstrapping-java/,Foundry & AIP,Developer toolchain,P1,"Current official capability navigation entry; subsystem detail, implementation guidance, or API/tool documentation.",2026-07-27,Developer toolchain
Bootstrap a Python application,https://www.palantir.com/docs/foundry/developer-console/how-to-bootstrapping-python/,Foundry & AIP,Developer toolchain,P1,"Current official capability navigation entry; subsystem detail, implementation guidance, or API/tool documentation.",2026-07-27,Developer toolchain
Bootstrap a back-end TypeScript application,https://www.palantir.com/docs/foundry/developer-console/how-to-bootstrapping-server-side-typescript/,Foundry & AIP,Developer toolchain,P1,"Current official capability navigation entry; subsystem detail, implementation guidance, or API/tool documentation.",2026-07-27,Developer toolchain
Bootstrap a TypeScript application,https://www.palantir.com/docs/foundry/developer-console/how-to-bootstrapping-typescript/,Foundry & AIP,Developer toolchain,P1,"Current official capability navigation entry; subsystem detail, implementation guidance, or API/tool documentation.",2026-07-27,Developer toolchain
Create an application in a different organization,https://www.palantir.com/docs/foundry/developer-console/how-to-create-backend-service-app-different-org/,Foundry & AIP,Developer toolchain,P1,"Current official capability navigation entry; subsystem detail, implementation guidance, or API/tool documentation.",2026-07-27,Developer toolchain
Manage Node.js version in a Foundry code repository,https://www.palantir.com/docs/foundry/developer-console/manage-node-version-in-foundry-code-repository/,Foundry & AIP,Developer toolchain,P1,"Current official capability navigation entry; subsystem detail, implementation guidance, or API/tool documentation.",2026-07-27,Developer toolchain
Install an application with Marketplace,https://www.palantir.com/docs/foundry/developer-console/marketplace-installation/,Foundry & AIP,Developer toolchain,P1,"Current official capability navigation entry; subsystem detail, implementation guidance, or API/tool documentation.",2026-07-27,Developer toolchain
Standalone OAuth clients (legacy),https://www.palantir.com/docs/foundry/developer-console/oauth-clients/,Foundry & AIP,Developer toolchain,P1,"Current official capability navigation entry; subsystem detail, implementation guidance, or API/tool documentation.",2026-07-27,Developer toolchain
Ontology MCP,https://www.palantir.com/docs/foundry/developer-console/ontology-mcp/,Foundry & AIP,Developer toolchain,P1,"Current official capability navigation entry; subsystem detail, implementation guidance, or API/tool documentation.",2026-07-27,Developer toolchain
Developer Console — Overview,https://www.palantir.com/docs/foundry/developer-console/overview/,Foundry & AIP,Developer toolchain,P1,"Current official capability navigation entry; subsystem detail, implementation guidance, or API/tool documentation.",2026-07-27,Developer toolchain
Developer Console — Permissions,https://www.palantir.com/docs/foundry/developer-console/permissions/,Foundry & AIP,Developer toolchain,P1,"Current official capability navigation entry; subsystem detail, implementation guidance, or API/tool documentation.",2026-07-27,Developer toolchain
Devops Release Management — Overview,https://www.palantir.com/docs/foundry/devops-release-management/overview/,Foundry & AIP,Product delivery,P1,"Current official capability navigation entry; subsystem detail, implementation guidance, or API/tool documentation.",2026-07-27,Product delivery
Use DevOps for release management,https://www.palantir.com/docs/foundry/devops-release-management/use-devops-for-release-management/,Foundry & AIP,Product delivery,P1,"Current official capability navigation entry; subsystem detail, implementation guidance, or API/tool documentation.",2026-07-27,Product delivery
Devops — Core Concepts,https://www.palantir.com/docs/foundry/devops/core-concepts/,Foundry & AIP,Product delivery,P1,"Current official capability navigation entry; subsystem detail, implementation guidance, or API/tool documentation.",2026-07-27,Product delivery
Product delivery,https://www.palantir.com/docs/foundry/devops/overview/,Foundry & AIP,Product delivery,P0,Official architectural spine or core ontology lifecycle page; reviewed directly in the research synthesis.,2026-07-27,AI Platform (AIP) | Analytics | Data connectivity & integration | Developer toolchain | Management & enablement | Model connectivity & development | Observability | Ontology building | Product delivery | Security & governance | Use case development
Document Intelligence — Core Concepts,https://www.palantir.com/docs/foundry/document-intelligence/core-concepts/,Foundry & AIP,AI Platform (AIP),P1,"Current official capability navigation entry; subsystem detail, implementation guidance, or API/tool documentation.",2026-07-27,AI Platform (AIP)
Deploy extraction strategies to Python functions,https://www.palantir.com/docs/foundry/document-intelligence/deploy-to-python-functions/,Foundry & AIP,AI Platform (AIP),P1,"Current official capability navigation entry; subsystem detail, implementation guidance, or API/tool documentation.",2026-07-27,AI Platform (AIP)
Deploy extraction strategies to Python transforms,https://www.palantir.com/docs/foundry/document-intelligence/deploy-to-python-transforms/,Foundry & AIP,AI Platform (AIP),P1,"Current official capability navigation entry; subsystem detail, implementation guidance, or API/tool documentation.",2026-07-27,AI Platform (AIP)
Document-to-text media transformations,https://www.palantir.com/docs/foundry/document-intelligence/document-to-text/,Foundry & AIP,AI Platform (AIP),P1,"Current official capability navigation entry; subsystem detail, implementation guidance, or API/tool documentation.",2026-07-27,AI Platform (AIP)
Document Intelligence — Overview,https://www.palantir.com/docs/foundry/document-intelligence/overview/,Foundry & AIP,AI Platform (AIP),P1,"Current official capability navigation entry; subsystem detail, implementation guidance, or API/tool documentation.",2026-07-27,AI Platform (AIP)
Widget configuration,https://www.palantir.com/docs/foundry/dynamic-scheduling/program-scheduling-configuration/,Foundry & AIP,Ontology building,P1,"Current official capability navigation entry; subsystem detail, implementation guidance, or API/tool documentation.",2026-07-27,Ontology building
Dynamic Scheduling — Overview,https://www.palantir.com/docs/foundry/dynamic-scheduling/program-scheduling-overview/,Foundry & AIP,Ontology building,P1,"Current official capability navigation entry; subsystem detail, implementation guidance, or API/tool documentation.",2026-07-27,Ontology building
Dynamic Scheduling — Overview,https://www.palantir.com/docs/foundry/dynamic-scheduling/scheduling-calendar-overview/,Foundry & AIP,Ontology building,P1,"Current official capability navigation entry; subsystem detail, implementation guidance, or API/tool documentation.",2026-07-27,Ontology building
Widget configuration,https://www.palantir.com/docs/foundry/dynamic-scheduling/scheduling-calendar-widget/,Foundry & AIP,Ontology building,P1,"Current official capability navigation entry; subsystem detail, implementation guidance, or API/tool documentation.",2026-07-27,Ontology building
Dynamic Scheduling — Core Concepts,https://www.palantir.com/docs/foundry/dynamic-scheduling/scheduling-concepts/,Foundry & AIP,Ontology building,P1,"Current official capability navigation entry; subsystem detail, implementation guidance, or API/tool documentation.",2026-07-27,Ontology building
Drag and drop,https://www.palantir.com/docs/foundry/dynamic-scheduling/scheduling-drag-and-drop/,Foundry & AIP,Ontology building,P1,"Current official capability navigation entry; subsystem detail, implementation guidance, or API/tool documentation.",2026-07-27,Ontology building
Drag to create,https://www.palantir.com/docs/foundry/dynamic-scheduling/scheduling-drag-to-create/,Foundry & AIP,Ontology building,P1,"Current official capability navigation entry; subsystem detail, implementation guidance, or API/tool documentation.",2026-07-27,Ontology building
Scheduling Gantt Chart widget,https://www.palantir.com/docs/foundry/dynamic-scheduling/scheduling-gantt-chart-widget/,Foundry & AIP,Ontology building,P1,"Current official capability navigation entry; subsystem detail, implementation guidance, or API/tool documentation.",2026-07-27,Ontology building
Dynamic Scheduling — Getting Started,https://www.palantir.com/docs/foundry/dynamic-scheduling/scheduling-getting-started/,Foundry & AIP,Ontology building,P1,"Current official capability navigation entry; subsystem detail, implementation guidance, or API/tool documentation.",2026-07-27,Ontology building
Inline metrics,https://www.palantir.com/docs/foundry/dynamic-scheduling/scheduling-inline-metrics/,Foundry & AIP,Ontology building,P1,"Current official capability navigation entry; subsystem detail, implementation guidance, or API/tool documentation.",2026-07-27,Ontology building
Ontology primitives,https://www.palantir.com/docs/foundry/dynamic-scheduling/scheduling-ontology-primitives/,Foundry & AIP,Ontology building,P1,"Current official capability navigation entry; subsystem detail, implementation guidance, or API/tool documentation.",2026-07-27,Ontology building
Dynamic Scheduling — Overview,https://www.palantir.com/docs/foundry/dynamic-scheduling/scheduling-overview/,Foundry & AIP,Ontology building,P1,"Current official capability navigation entry; subsystem detail, implementation guidance, or API/tool documentation.",2026-07-27,Ontology building
Dynamic Scheduling — Overview,https://www.palantir.com/docs/foundry/dynamic-scheduling/scheduling-row-level-interactions-overview/,Foundry & AIP,Ontology building,P1,"Current official capability navigation entry; subsystem detail, implementation guidance, or API/tool documentation.",2026-07-27,Ontology building
Triggering actions and events,https://www.palantir.com/docs/foundry/dynamic-scheduling/scheduling-row-level-triggering-actions-and-events/,Foundry & AIP,Ontology building,P1,"Current official capability navigation entry; subsystem detail, implementation guidance, or API/tool documentation.",2026-07-27,Ontology building
Dynamic Scheduling — Overview,https://www.palantir.com/docs/foundry/dynamic-scheduling/scheduling-schedule-layer-level-interactions/,Foundry & AIP,Ontology building,P1,"Current official capability navigation entry; subsystem detail, implementation guidance, or API/tool documentation.",2026-07-27,Ontology building
Schedule layer (puck) styling,https://www.palantir.com/docs/foundry/dynamic-scheduling/scheduling-schedule-layer-style/,Foundry & AIP,Ontology building,P1,"Current official capability navigation entry; subsystem detail, implementation guidance, or API/tool documentation.",2026-07-27,Ontology building
Search Functions,https://www.palantir.com/docs/foundry/dynamic-scheduling/scheduling-search-functions/,Foundry & AIP,Ontology building,P1,"Current official capability navigation entry; subsystem detail, implementation guidance, or API/tool documentation.",2026-07-27,Ontology building
Suggestion Functions,https://www.palantir.com/docs/foundry/dynamic-scheduling/scheduling-suggestion-functions/,Foundry & AIP,Ontology building,P1,"Current official capability navigation entry; subsystem detail, implementation guidance, or API/tool documentation.",2026-07-27,Ontology building
Validation rules,https://www.palantir.com/docs/foundry/dynamic-scheduling/scheduling-validation-rules/,Foundry & AIP,Ontology building,P1,"Current official capability navigation entry; subsystem detail, implementation guidance, or API/tool documentation.",2026-07-27,Ontology building
Email allowlisting,https://www.palantir.com/docs/foundry/email/email-allowlisting/,Foundry & AIP,Management & enablement,P1,"Current official capability navigation entry; subsystem detail, implementation guidance, or API/tool documentation.",2026-07-27,Management & enablement
Email content redaction,https://www.palantir.com/docs/foundry/email/email-content-redaction/,Foundry & AIP,Management & enablement,P1,"Current official capability navigation entry; subsystem detail, implementation guidance, or API/tool documentation.",2026-07-27,Management & enablement
Email suppression management,https://www.palantir.com/docs/foundry/email/email-suppression-management/,Foundry & AIP,Management & enablement,P1,"Current official capability navigation entry; subsystem detail, implementation guidance, or API/tool documentation.",2026-07-27,Management & enablement
Email — Overview,https://www.palantir.com/docs/foundry/email/overview/,Foundry & AIP,Management & enablement,P1,"Current official capability navigation entry; subsystem detail, implementation guidance, or API/tool documentation.",2026-07-27,Management & enablement
Customize modeling objective metric views,https://www.palantir.com/docs/foundry/evaluate-models/customize-metric-views/,Foundry & AIP,Model connectivity & development,P1,"Current official capability navigation entry; subsystem detail, implementation guidance, or API/tool documentation.",2026-07-27,Model connectivity & development
Binary classification,https://www.palantir.com/docs/foundry/evaluate-models/evaluator-binary-classification/,Foundry & AIP,Model connectivity & development,P1,"Current official capability navigation entry; subsystem detail, implementation guidance, or API/tool documentation.",2026-07-27,Model connectivity & development
Custom model evaluator,https://www.palantir.com/docs/foundry/evaluate-models/evaluator-custom/,Foundry & AIP,Model connectivity & development,P1,"Current official capability navigation entry; subsystem detail, implementation guidance, or API/tool documentation.",2026-07-27,Model connectivity & development
Regression,https://www.palantir.com/docs/foundry/evaluate-models/evaluator-regression/,Foundry & AIP,Model connectivity & development,P1,"Current official capability navigation entry; subsystem detail, implementation guidance, or API/tool documentation.",2026-07-27,Model connectivity & development
MetricSet reference,https://www.palantir.com/docs/foundry/evaluate-models/metric-sets-reference/,Foundry & AIP,Model connectivity & development,P1,"Current official capability navigation entry; subsystem detail, implementation guidance, or API/tool documentation.",2026-07-27,Model connectivity & development
Automatically evaluate model performance,https://www.palantir.com/docs/foundry/evaluate-models/model-evaluation-automatic/,Foundry & AIP,Model connectivity & development,P1,"Current official capability navigation entry; subsystem detail, implementation guidance, or API/tool documentation.",2026-07-27,Model connectivity & development
Evaluate model performance in code,https://www.palantir.com/docs/foundry/evaluate-models/model-evaluation-code/,Foundry & AIP,Model connectivity & development,P1,"Current official capability navigation entry; subsystem detail, implementation guidance, or API/tool documentation.",2026-07-27,Model connectivity & development
Review model metrics in the evaluation dashboard,https://www.palantir.com/docs/foundry/evaluate-models/review-model-metrics/,Foundry & AIP,Model connectivity & development,P1,"Current official capability navigation entry; subsystem detail, implementation guidance, or API/tool documentation.",2026-07-27,Model connectivity & development
Generate documentation from a workflow,https://www.palantir.com/docs/foundry/flow-capture/generate-documentation/,Foundry & AIP,Management & enablement,P1,"Current official capability navigation entry; subsystem detail, implementation guidance, or API/tool documentation.",2026-07-27,Management & enablement
Flow Capture — Overview,https://www.palantir.com/docs/foundry/flow-capture/overview/,Foundry & AIP,Management & enablement,P1,"Current official capability navigation entry; subsystem detail, implementation guidance, or API/tool documentation.",2026-07-27,Management & enablement
Record a workflow,https://www.palantir.com/docs/foundry/flow-capture/record-a-workflow/,Foundry & AIP,Management & enablement,P1,"Current official capability navigation entry; subsystem detail, implementation guidance, or API/tool documentation.",2026-07-27,Management & enablement
Attachments field,https://www.palantir.com/docs/foundry/forms/attachments-field/,Foundry & AIP,Analytics,P1,"Current official capability navigation entry; subsystem detail, implementation guidance, or API/tool documentation.",2026-07-27,Analytics
Auto-populating fields,https://www.palantir.com/docs/foundry/forms/auto-populating-fields/,Foundry & AIP,Analytics,P1,"Current official capability navigation entry; subsystem detail, implementation guidance, or API/tool documentation.",2026-07-27,Analytics
Code Editor,https://www.palantir.com/docs/foundry/forms/code-editor/,Foundry & AIP,Analytics,P1,"Current official capability navigation entry; subsystem detail, implementation guidance, or API/tool documentation.",2026-07-27,Analytics
Create a form,https://www.palantir.com/docs/foundry/forms/create-a-form/,Foundry & AIP,Analytics,P1,"Current official capability navigation entry; subsystem detail, implementation guidance, or API/tool documentation.",2026-07-27,Analytics
Data-backed fields,https://www.palantir.com/docs/foundry/forms/data-backed-fields/,Foundry & AIP,Analytics,P1,"Current official capability navigation entry; subsystem detail, implementation guidance, or API/tool documentation.",2026-07-27,Analytics
FAQs,https://www.palantir.com/docs/foundry/forms/faqs/,Foundry & AIP,Analytics,P1,"Current official capability navigation entry; subsystem detail, implementation guidance, or API/tool documentation.",2026-07-27,Analytics
Generate primary key,https://www.palantir.com/docs/foundry/forms/generate-primary-key/,Foundry & AIP,Analytics,P1,"Current official capability navigation entry; subsystem detail, implementation guidance, or API/tool documentation.",2026-07-27,Analytics
Integrate with other applications,https://www.palantir.com/docs/foundry/forms/integrate/,Foundry & AIP,Analytics,P1,"Current official capability navigation entry; subsystem detail, implementation guidance, or API/tool documentation.",2026-07-27,Analytics
Multiplicity,https://www.palantir.com/docs/foundry/forms/multiplicity/,Foundry & AIP,Analytics,P1,"Current official capability navigation entry; subsystem detail, implementation guidance, or API/tool documentation.",2026-07-27,Analytics
Receive notifications,https://www.palantir.com/docs/foundry/forms/notifications/,Foundry & AIP,Analytics,P1,"Current official capability navigation entry; subsystem detail, implementation guidance, or API/tool documentation.",2026-07-27,Analytics
Forms — Overview,https://www.palantir.com/docs/foundry/forms/overview/,Foundry & AIP,Analytics,P1,"Current official capability navigation entry; subsystem detail, implementation guidance, or API/tool documentation.",2026-07-27,Analytics
Forms — Permissions,https://www.palantir.com/docs/foundry/forms/permissions/,Foundry & AIP,Analytics,P1,"Current official capability navigation entry; subsystem detail, implementation guidance, or API/tool documentation.",2026-07-27,Analytics
Review and edit responses,https://www.palantir.com/docs/foundry/forms/review-edit-responses/,Foundry & AIP,Analytics,P1,"Current official capability navigation entry; subsystem detail, implementation guidance, or API/tool documentation.",2026-07-27,Analytics
Share with other users,https://www.palantir.com/docs/foundry/forms/share-form/,Foundry & AIP,Analytics,P1,"Current official capability navigation entry; subsystem detail, implementation guidance, or API/tool documentation.",2026-07-27,Analytics
Sheets,https://www.palantir.com/docs/foundry/forms/sheets/,Foundry & AIP,Analytics,P1,"Current official capability navigation entry; subsystem detail, implementation guidance, or API/tool documentation.",2026-07-27,Analytics
Simple fields,https://www.palantir.com/docs/foundry/forms/simple-fields/,Foundry & AIP,Analytics,P1,"Current official capability navigation entry; subsystem detail, implementation guidance, or API/tool documentation.",2026-07-27,Analytics
Transforms,https://www.palantir.com/docs/foundry/forms/transforms/,Foundry & AIP,Analytics,P1,"Current official capability navigation entry; subsystem detail, implementation guidance, or API/tool documentation.",2026-07-27,Analytics
Validators,https://www.palantir.com/docs/foundry/forms/validators/,Foundry & AIP,Analytics,P1,"Current official capability navigation entry; subsystem detail, implementation guidance, or API/tool documentation.",2026-07-27,Analytics
Governance processes,https://www.palantir.com/docs/foundry/foundry-adoption/governance-processes/,Foundry & AIP,Management & enablement,P1,"Current official capability navigation entry; subsystem detail, implementation guidance, or API/tool documentation.",2026-07-27,Management & enablement
Roles and responsibilities,https://www.palantir.com/docs/foundry/foundry-adoption/phase-1-roles/,Foundry & AIP,Management & enablement,P1,"Current official capability navigation entry; subsystem detail, implementation guidance, or API/tool documentation.",2026-07-27,Management & enablement
Phase 1 overview,https://www.palantir.com/docs/foundry/foundry-adoption/phase-1/,Foundry & AIP,Management & enablement,P1,"Current official capability navigation entry; subsystem detail, implementation guidance, or API/tool documentation.",2026-07-27,Management & enablement
Roles and responsibilities,https://www.palantir.com/docs/foundry/foundry-adoption/phase-2-roles/,Foundry & AIP,Management & enablement,P1,"Current official capability navigation entry; subsystem detail, implementation guidance, or API/tool documentation.",2026-07-27,Management & enablement
Phase 2 overview,https://www.palantir.com/docs/foundry/foundry-adoption/phase-2/,Foundry & AIP,Management & enablement,P1,"Current official capability navigation entry; subsystem detail, implementation guidance, or API/tool documentation.",2026-07-27,Management & enablement
Roles and responsibilities,https://www.palantir.com/docs/foundry/foundry-adoption/phase-3-roles/,Foundry & AIP,Management & enablement,P1,"Current official capability navigation entry; subsystem detail, implementation guidance, or API/tool documentation.",2026-07-27,Management & enablement
Phase 3 overview,https://www.palantir.com/docs/foundry/foundry-adoption/phase-3/,Foundry & AIP,Management & enablement,P1,"Current official capability navigation entry; subsystem detail, implementation guidance, or API/tool documentation.",2026-07-27,Management & enablement
Roles and responsibilities,https://www.palantir.com/docs/foundry/foundry-adoption/phase-4-roles/,Foundry & AIP,Management & enablement,P1,"Current official capability navigation entry; subsystem detail, implementation guidance, or API/tool documentation.",2026-07-27,Management & enablement
Phase 4 overview,https://www.palantir.com/docs/foundry/foundry-adoption/phase-4/,Foundry & AIP,Management & enablement,P1,"Current official capability navigation entry; subsystem detail, implementation guidance, or API/tool documentation.",2026-07-27,Management & enablement
Foundry Program overview,https://www.palantir.com/docs/foundry/foundry-adoption/program-overview/,Foundry & AIP,Management & enablement,P1,"Current official capability navigation entry; subsystem detail, implementation guidance, or API/tool documentation.",2026-07-27,Management & enablement
Program development phases,https://www.palantir.com/docs/foundry/foundry-adoption/program-team-development-phases/,Foundry & AIP,Management & enablement,P1,"Current official capability navigation entry; subsystem detail, implementation guidance, or API/tool documentation.",2026-07-27,Management & enablement
Create a product,https://www.palantir.com/docs/foundry/foundry-devops/create-products/,Foundry & AIP,Product delivery,P1,"Current official capability navigation entry; subsystem detail, implementation guidance, or API/tool documentation.",2026-07-27,Product delivery
Export and import products,https://www.palantir.com/docs/foundry/foundry-devops/export-import-products/,Foundry & AIP,Product delivery,P1,"Current official capability navigation entry; subsystem detail, implementation guidance, or API/tool documentation.",2026-07-27,Product delivery
Track a source folder,https://www.palantir.com/docs/foundry/foundry-devops/folder-tracking/,Foundry & AIP,Product delivery,P1,"Current official capability navigation entry; subsystem detail, implementation guidance, or API/tool documentation.",2026-07-27,Product delivery
Input presets,https://www.palantir.com/docs/foundry/foundry-devops/input-presets/,Foundry & AIP,Product delivery,P1,"Current official capability navigation entry; subsystem detail, implementation guidance, or API/tool documentation.",2026-07-27,Product delivery
manage products,https://www.palantir.com/docs/foundry/foundry-devops/manage-products/,Foundry & AIP,Product delivery,P1,"Current official capability navigation entry; subsystem detail, implementation guidance, or API/tool documentation.",2026-07-27,Product delivery
Manage store permissions,https://www.palantir.com/docs/foundry/foundry-devops/manage-store-permissions/,Foundry & AIP,Product delivery,P1,"Current official capability navigation entry; subsystem detail, implementation guidance, or API/tool documentation.",2026-07-27,Product delivery
Manage store tags,https://www.palantir.com/docs/foundry/foundry-devops/manage-store-tags/,Foundry & AIP,Product delivery,P1,"Current official capability navigation entry; subsystem detail, implementation guidance, or API/tool documentation.",2026-07-27,Product delivery
Foundry Devops — Overview,https://www.palantir.com/docs/foundry/foundry-devops/overview/,Foundry & AIP,Product delivery,P1,"Current official capability navigation entry; subsystem detail, implementation guidance, or API/tool documentation.",2026-07-27,Product delivery
Package multiple products,https://www.palantir.com/docs/foundry/foundry-devops/package-multiple-products/,Foundry & AIP,Product delivery,P1,"Current official capability navigation entry; subsystem detail, implementation guidance, or API/tool documentation.",2026-07-27,Product delivery
Supported resources,https://www.palantir.com/docs/foundry/foundry-devops/supported-resources/,Foundry & AIP,Product delivery,P1,"Current official capability navigation entry; subsystem detail, implementation guidance, or API/tool documentation.",2026-07-27,Product delivery
Add a custom property,https://www.palantir.com/docs/foundry/foundry-rules/add-a-custom-property/,Foundry & AIP,Ontology building,P1,"Current official capability navigation entry; subsystem detail, implementation guidance, or API/tool documentation.",2026-07-27,Ontology building
Author and run a rule,https://www.palantir.com/docs/foundry/foundry-rules/author-and-run-a-rule/,Foundry & AIP,Ontology building,P1,"Current official capability navigation entry; subsystem detail, implementation guidance, or API/tool documentation.",2026-07-27,Ontology building
Troubleshooting reference,https://www.palantir.com/docs/foundry/foundry-rules/common-issues/,Foundry & AIP,Ontology building,P1,"Current official capability navigation entry; subsystem detail, implementation guidance, or API/tool documentation.",2026-07-27,Ontology building
Configure rule Actions,https://www.palantir.com/docs/foundry/foundry-rules/configure-rule-actions/,Foundry & AIP,Ontology building,P1,"Current official capability navigation entry; subsystem detail, implementation guidance, or API/tool documentation.",2026-07-27,Ontology building
Configure time series for Foundry Rules,https://www.palantir.com/docs/foundry/foundry-rules/configure-timeseries-foundry-rules/,Foundry & AIP,Ontology building,P1,"Current official capability navigation entry; subsystem detail, implementation guidance, or API/tool documentation.",2026-07-27,Ontology building
Configure transforms pipeline,https://www.palantir.com/docs/foundry/foundry-rules/configure-transforms-pipeline/,Foundry & AIP,Ontology building,P1,"Current official capability navigation entry; subsystem detail, implementation guidance, or API/tool documentation.",2026-07-27,Ontology building
Configure workflow,https://www.palantir.com/docs/foundry/foundry-rules/configure-workflow/,Foundry & AIP,Ontology building,P1,"Current official capability navigation entry; subsystem detail, implementation guidance, or API/tool documentation.",2026-07-27,Ontology building
Configure Workshop application,https://www.palantir.com/docs/foundry/foundry-rules/configure-workshop-app/,Foundry & AIP,Ontology building,P1,"Current official capability navigation entry; subsystem detail, implementation guidance, or API/tool documentation.",2026-07-27,Ontology building
Foundry Rules — Overview,https://www.palantir.com/docs/foundry/foundry-rules/core-concepts/,Foundry & AIP,Ontology building,P1,"Current official capability navigation entry; subsystem detail, implementation guidance, or API/tool documentation.",2026-07-27,Ontology building
Foundry Rules — Overview,https://www.palantir.com/docs/foundry/foundry-rules/customization/,Foundry & AIP,Ontology building,P1,"Current official capability navigation entry; subsystem detail, implementation guidance, or API/tool documentation.",2026-07-27,Ontology building
Customize Foundry Rules pipeline,https://www.palantir.com/docs/foundry/foundry-rules/customize-foundry-rules-pipeline/,Foundry & AIP,Ontology building,P1,"Current official capability navigation entry; subsystem detail, implementation guidance, or API/tool documentation.",2026-07-27,Ontology building
Foundry Rules — Overview,https://www.palantir.com/docs/foundry/foundry-rules/deploy-foundry-rules/,Foundry & AIP,Ontology building,P1,"Current official capability navigation entry; subsystem detail, implementation guidance, or API/tool documentation.",2026-07-27,Ontology building
Deploy time series Foundry Rules,https://www.palantir.com/docs/foundry/foundry-rules/deploy-timeseries-foundry-rules/,Foundry & AIP,Ontology building,P1,"Current official capability navigation entry; subsystem detail, implementation guidance, or API/tool documentation.",2026-07-27,Ontology building
Deploy workflow,https://www.palantir.com/docs/foundry/foundry-rules/deploy-workflow/,Foundry & AIP,Ontology building,P1,"Current official capability navigation entry; subsystem detail, implementation guidance, or API/tool documentation.",2026-07-27,Ontology building
Enable optional features,https://www.palantir.com/docs/foundry/foundry-rules/enable-optional-features/,Foundry & AIP,Ontology building,P1,"Current official capability navigation entry; subsystem detail, implementation guidance, or API/tool documentation.",2026-07-27,Ontology building
Foundry Rules workflow configuration,https://www.palantir.com/docs/foundry/foundry-rules/foundry-rules-workflow-configuration/,Foundry & AIP,Ontology building,P1,"Current official capability navigation entry; subsystem detail, implementation guidance, or API/tool documentation.",2026-07-27,Ontology building
Foundry Rules — Overview,https://www.palantir.com/docs/foundry/foundry-rules/legacy-foundry-rules-setup-taurus/,Foundry & AIP,Ontology building,P2,"Current official navigation entry retained for completeness; specialized, lifecycle-warning, or reference material.",2026-07-27,Ontology building
Add Foundry Rules to a Marketplace product,https://www.palantir.com/docs/foundry/foundry-rules/marketplace/,Foundry & AIP,Ontology building,P1,"Current official capability navigation entry; subsystem detail, implementation guidance, or API/tool documentation.",2026-07-27,Ontology building
Migrate to Foundry Rules,https://www.palantir.com/docs/foundry/foundry-rules/migrate-to-foundry-rules/,Foundry & AIP,Ontology building,P1,"Current official capability navigation entry; subsystem detail, implementation guidance, or API/tool documentation.",2026-07-27,Ontology building
Object model,https://www.palantir.com/docs/foundry/foundry-rules/object-model/,Foundry & AIP,Ontology building,P1,"Current official capability navigation entry; subsystem detail, implementation guidance, or API/tool documentation.",2026-07-27,Ontology building
Foundry Rules — Overview,https://www.palantir.com/docs/foundry/foundry-rules/overview/,Foundry & AIP,Ontology building,P1,"Current official capability navigation entry; subsystem detail, implementation guidance, or API/tool documentation.",2026-07-27,Ontology building
Permitted and default output values,https://www.palantir.com/docs/foundry/foundry-rules/permitted-and-default-output-values/,Foundry & AIP,Ontology building,P1,"Current official capability navigation entry; subsystem detail, implementation guidance, or API/tool documentation.",2026-07-27,Ontology building
Rule logic,https://www.palantir.com/docs/foundry/foundry-rules/rule-logic/,Foundry & AIP,Ontology building,P1,"Current official capability navigation entry; subsystem detail, implementation guidance, or API/tool documentation.",2026-07-27,Ontology building
Permissions for editing rules,https://www.palantir.com/docs/foundry/foundry-rules/rule-permissions/,Foundry & AIP,Ontology building,P1,"Current official capability navigation entry; subsystem detail, implementation guidance, or API/tool documentation.",2026-07-27,Ontology building
Time series rules [Sunset],https://www.palantir.com/docs/foundry/foundry-rules/timeseries-concepts/,Foundry & AIP,Ontology building,P1,"Current official capability navigation entry; subsystem detail, implementation guidance, or API/tool documentation.",2026-07-27,Ontology building
Upgrade to use rule Actions,https://www.palantir.com/docs/foundry/foundry-rules/upgrade-to-use-rule-actions/,Foundry & AIP,Ontology building,P1,"Current official capability navigation entry; subsystem detail, implementation guidance, or API/tool documentation.",2026-07-27,Ontology building
Workshop application,https://www.palantir.com/docs/foundry/foundry-rules/workshop-application/,Foundry & AIP,Ontology building,P1,"Current official capability navigation entry; subsystem detail, implementation guidance, or API/tool documentation.",2026-07-27,Ontology building
FoundryTS,https://www.palantir.com/docs/foundry/foundryts/foundryts/,Foundry & AIP,Developer toolchain,P1,"Current official capability navigation entry; subsystem detail, implementation guidance, or API/tool documentation.",2026-07-27,Developer toolchain
functions.cumulative_aggregate,https://www.palantir.com/docs/foundry/foundryts/functions-cumulative-aggregate/,Foundry & AIP,Developer toolchain,P1,"Current official capability navigation entry; subsystem detail, implementation guidance, or API/tool documentation.",2026-07-27,Developer toolchain
functions.derivative,https://www.palantir.com/docs/foundry/foundryts/functions-derivative/,Foundry & AIP,Developer toolchain,P1,"Current official capability navigation entry; subsystem detail, implementation guidance, or API/tool documentation.",2026-07-27,Developer toolchain
functions.distribution,https://www.palantir.com/docs/foundry/foundryts/functions-distribution/,Foundry & AIP,Developer toolchain,P1,"Current official capability navigation entry; subsystem detail, implementation guidance, or API/tool documentation.",2026-07-27,Developer toolchain
functions.dsl,https://www.palantir.com/docs/foundry/foundryts/functions-dsl/,Foundry & AIP,Developer toolchain,P1,"Current official capability navigation entry; subsystem detail, implementation guidance, or API/tool documentation.",2026-07-27,Developer toolchain
functions.exponential_regression,https://www.palantir.com/docs/foundry/foundryts/functions-exponential-regression/,Foundry & AIP,Developer toolchain,P1,"Current official capability navigation entry; subsystem detail, implementation guidance, or API/tool documentation.",2026-07-27,Developer toolchain
functions.first_point,https://www.palantir.com/docs/foundry/foundryts/functions-first-point/,Foundry & AIP,Developer toolchain,P1,"Current official capability navigation entry; subsystem detail, implementation guidance, or API/tool documentation.",2026-07-27,Developer toolchain
functions.integral,https://www.palantir.com/docs/foundry/foundryts/functions-integral/,Foundry & AIP,Developer toolchain,P1,"Current official capability navigation entry; subsystem detail, implementation guidance, or API/tool documentation.",2026-07-27,Developer toolchain
functions.interpolate,https://www.palantir.com/docs/foundry/foundryts/functions-interpolate/,Foundry & AIP,Developer toolchain,P1,"Current official capability navigation entry; subsystem detail, implementation guidance, or API/tool documentation.",2026-07-27,Developer toolchain
functions.last_point,https://www.palantir.com/docs/foundry/foundryts/functions-last-point/,Foundry & AIP,Developer toolchain,P1,"Current official capability navigation entry; subsystem detail, implementation guidance, or API/tool documentation.",2026-07-27,Developer toolchain
functions.linear_regression,https://www.palantir.com/docs/foundry/foundryts/functions-linear-regression/,Foundry & AIP,Developer toolchain,P1,"Current official capability navigation entry; subsystem detail, implementation guidance, or API/tool documentation.",2026-07-27,Developer toolchain
functions.mean,https://www.palantir.com/docs/foundry/foundryts/functions-mean/,Foundry & AIP,Developer toolchain,P1,"Current official capability navigation entry; subsystem detail, implementation guidance, or API/tool documentation.",2026-07-27,Developer toolchain
functions.periodic_aggregate,https://www.palantir.com/docs/foundry/foundryts/functions-periodic-aggregate/,Foundry & AIP,Developer toolchain,P1,"Current official capability navigation entry; subsystem detail, implementation guidance, or API/tool documentation.",2026-07-27,Developer toolchain
functions.points,https://www.palantir.com/docs/foundry/foundryts/functions-points/,Foundry & AIP,Developer toolchain,P1,"Current official capability navigation entry; subsystem detail, implementation guidance, or API/tool documentation.",2026-07-27,Developer toolchain
functions.polynomial_regression,https://www.palantir.com/docs/foundry/foundryts/functions-polynomial-regression/,Foundry & AIP,Developer toolchain,P1,"Current official capability navigation entry; subsystem detail, implementation guidance, or API/tool documentation.",2026-07-27,Developer toolchain
functions.rolling_aggregate,https://www.palantir.com/docs/foundry/foundryts/functions-rolling-aggregate/,Foundry & AIP,Developer toolchain,P1,"Current official capability navigation entry; subsystem detail, implementation guidance, or API/tool documentation.",2026-07-27,Developer toolchain
functions.scale,https://www.palantir.com/docs/foundry/foundryts/functions-scale/,Foundry & AIP,Developer toolchain,P1,"Current official capability navigation entry; subsystem detail, implementation guidance, or API/tool documentation.",2026-07-27,Developer toolchain
functions.scatter,https://www.palantir.com/docs/foundry/foundryts/functions-scatter/,Foundry & AIP,Developer toolchain,P1,"Current official capability navigation entry; subsystem detail, implementation guidance, or API/tool documentation.",2026-07-27,Developer toolchain
functions.series,https://www.palantir.com/docs/foundry/foundryts/functions-series/,Foundry & AIP,Developer toolchain,P1,"Current official capability navigation entry; subsystem detail, implementation guidance, or API/tool documentation.",2026-07-27,Developer toolchain
functions.skip_nonfinite,https://www.palantir.com/docs/foundry/foundryts/functions-skip-nonfinite/,Foundry & AIP,Developer toolchain,P1,"Current official capability navigation entry; subsystem detail, implementation guidance, or API/tool documentation.",2026-07-27,Developer toolchain
functions.statistics,https://www.palantir.com/docs/foundry/foundryts/functions-statistics/,Foundry & AIP,Developer toolchain,P1,"Current official capability navigation entry; subsystem detail, implementation guidance, or API/tool documentation.",2026-07-27,Developer toolchain
functions.sum,https://www.palantir.com/docs/foundry/foundryts/functions-sum/,Foundry & AIP,Developer toolchain,P1,"Current official capability navigation entry; subsystem detail, implementation guidance, or API/tool documentation.",2026-07-27,Developer toolchain
functions.time_extent,https://www.palantir.com/docs/foundry/foundryts/functions-time-extent/,Foundry & AIP,Developer toolchain,P1,"Current official capability navigation entry; subsystem detail, implementation guidance, or API/tool documentation.",2026-07-27,Developer toolchain
functions.time_range,https://www.palantir.com/docs/foundry/foundryts/functions-time-range/,Foundry & AIP,Developer toolchain,P1,"Current official capability navigation entry; subsystem detail, implementation guidance, or API/tool documentation.",2026-07-27,Developer toolchain
functions.time_series_search,https://www.palantir.com/docs/foundry/foundryts/functions-time-series-search/,Foundry & AIP,Developer toolchain,P1,"Current official capability navigation entry; subsystem detail, implementation guidance, or API/tool documentation.",2026-07-27,Developer toolchain
functions.time_shift,https://www.palantir.com/docs/foundry/foundryts/functions-time-shift/,Foundry & AIP,Developer toolchain,P1,"Current official capability navigation entry; subsystem detail, implementation guidance, or API/tool documentation.",2026-07-27,Developer toolchain
functions.time_weighted,https://www.palantir.com/docs/foundry/foundryts/functions-time-weighted/,Foundry & AIP,Developer toolchain,P1,"Current official capability navigation entry; subsystem detail, implementation guidance, or API/tool documentation.",2026-07-27,Developer toolchain
functions.timestamp_scale,https://www.palantir.com/docs/foundry/foundryts/functions-timestamp-scale/,Foundry & AIP,Developer toolchain,P1,"Current official capability navigation entry; subsystem detail, implementation guidance, or API/tool documentation.",2026-07-27,Developer toolchain
functions.udf,https://www.palantir.com/docs/foundry/foundryts/functions-udf/,Foundry & AIP,Developer toolchain,P1,"Current official capability navigation entry; subsystem detail, implementation guidance, or API/tool documentation.",2026-07-27,Developer toolchain
functions.unit_conversion,https://www.palantir.com/docs/foundry/foundryts/functions-unit-conversion/,Foundry & AIP,Developer toolchain,P1,"Current official capability navigation entry; subsystem detail, implementation guidance, or API/tool documentation.",2026-07-27,Developer toolchain
functions.value_shift,https://www.palantir.com/docs/foundry/foundryts/functions-value-shift/,Foundry & AIP,Developer toolchain,P1,"Current official capability navigation entry; subsystem detail, implementation guidance, or API/tool documentation.",2026-07-27,Developer toolchain
functions.where,https://www.palantir.com/docs/foundry/foundryts/functions-where/,Foundry & AIP,Developer toolchain,P1,"Current official capability navigation entry; subsystem detail, implementation guidance, or API/tool documentation.",2026-07-27,Developer toolchain
Interval,https://www.palantir.com/docs/foundry/foundryts/interval/,Foundry & AIP,Developer toolchain,P1,"Current official capability navigation entry; subsystem detail, implementation guidance, or API/tool documentation.",2026-07-27,Developer toolchain
NodeCollection,https://www.palantir.com/docs/foundry/foundryts/node-collection/,Foundry & AIP,Developer toolchain,P1,"Current official capability navigation entry; subsystem detail, implementation guidance, or API/tool documentation.",2026-07-27,Developer toolchain
nodes.FunctionNode,https://www.palantir.com/docs/foundry/foundryts/nodes-function-node/,Foundry & AIP,Developer toolchain,P1,"Current official capability navigation entry; subsystem detail, implementation guidance, or API/tool documentation.",2026-07-27,Developer toolchain
nodes.SummarizerNode,https://www.palantir.com/docs/foundry/foundryts/nodes-summarizer-node/,Foundry & AIP,Developer toolchain,P1,"Current official capability navigation entry; subsystem detail, implementation guidance, or API/tool documentation.",2026-07-27,Developer toolchain
objects.FoundryObject,https://www.palantir.com/docs/foundry/foundryts/objects-foundry-object/,Foundry & AIP,Developer toolchain,P1,"Current official capability navigation entry; subsystem detail, implementation guidance, or API/tool documentation.",2026-07-27,Developer toolchain
objects.Object,https://www.palantir.com/docs/foundry/foundryts/objects-object/,Foundry & AIP,Developer toolchain,P1,"Current official capability navigation entry; subsystem detail, implementation guidance, or API/tool documentation.",2026-07-27,Developer toolchain
Foundryts — Overview,https://www.palantir.com/docs/foundry/foundryts/overview/,Foundry & AIP,Developer toolchain,P1,"Current official capability navigation entry; subsystem detail, implementation guidance, or API/tool documentation.",2026-07-27,Developer toolchain
search.ontology,https://www.palantir.com/docs/foundry/foundryts/search-ontology/,Foundry & AIP,Developer toolchain,P1,"Current official capability navigation entry; subsystem detail, implementation guidance, or API/tool documentation.",2026-07-27,Developer toolchain
search.Property,https://www.palantir.com/docs/foundry/foundryts/search-property/,Foundry & AIP,Developer toolchain,P1,"Current official capability navigation entry; subsystem detail, implementation guidance, or API/tool documentation.",2026-07-27,Developer toolchain
search.Search,https://www.palantir.com/docs/foundry/foundryts/search-search/,Foundry & AIP,Developer toolchain,P1,"Current official capability navigation entry; subsystem detail, implementation guidance, or API/tool documentation.",2026-07-27,Developer toolchain
Add NPM dependencies,https://www.palantir.com/docs/foundry/functions/add-dependencies/,Foundry & AIP,Ontology building,P1,"Current official capability navigation entry; subsystem detail, implementation guidance, or API/tool documentation.",2026-07-27,Ontology building
Make API calls from functions,https://www.palantir.com/docs/foundry/functions/api-calls/,Foundry & AIP,Ontology building,P1,"Current official capability navigation entry; subsystem detail, implementation guidance, or API/tool documentation.",2026-07-27,Ontology building
Object sets,https://www.palantir.com/docs/foundry/functions/api-object-sets/,Foundry & AIP,Ontology building,P1,"Current official capability navigation entry; subsystem detail, implementation guidance, or API/tool documentation.",2026-07-27,Ontology building
Objects and links,https://www.palantir.com/docs/foundry/functions/api-objects-links/,Foundry & AIP,Ontology building,P1,"Current official capability navigation entry; subsystem detail, implementation guidance, or API/tool documentation.",2026-07-27,Ontology building
Ontology edits,https://www.palantir.com/docs/foundry/functions/api-ontology-edits/,Foundry & AIP,Ontology building,P1,"Current official capability navigation entry; subsystem detail, implementation guidance, or API/tool documentation.",2026-07-27,Ontology building
Attachments,https://www.palantir.com/docs/foundry/functions/attachments/,Foundry & AIP,Ontology building,P1,"Current official capability navigation entry; subsystem detail, implementation guidance, or API/tool documentation.",2026-07-27,Ontology building
Branching functions,https://www.palantir.com/docs/foundry/functions/branching-functions/,Foundry & AIP,Ontology building,P1,"Current official capability navigation entry; subsystem detail, implementation guidance, or API/tool documentation.",2026-07-27,Ontology building
Configure notifications,https://www.palantir.com/docs/foundry/functions/configure-notifications/,Foundry & AIP,Ontology building,P1,"Current official capability navigation entry; subsystem detail, implementation guidance, or API/tool documentation.",2026-07-27,Ontology building
Create a custom aggregation,https://www.palantir.com/docs/foundry/functions/create-custom-aggregation/,Foundry & AIP,Ontology building,P1,"Current official capability navigation entry; subsystem detail, implementation guidance, or API/tool documentation.",2026-07-27,Ontology building
Custom aliases,https://www.palantir.com/docs/foundry/functions/custom-aliases/,Foundry & AIP,Ontology building,P1,"Current official capability navigation entry; subsystem detail, implementation guidance, or API/tool documentation.",2026-07-27,Ontology building
Debug functions,https://www.palantir.com/docs/foundry/functions/debug/,Foundry & AIP,Ontology building,P1,"Current official capability navigation entry; subsystem detail, implementation guidance, or API/tool documentation.",2026-07-27,Ontology building
Decorators,https://www.palantir.com/docs/foundry/functions/decorators/,Foundry & AIP,Ontology building,P1,"Current official capability navigation entry; subsystem detail, implementation guidance, or API/tool documentation.",2026-07-27,Ontology building
Generate unique IDs for new objects,https://www.palantir.com/docs/foundry/functions/edits-generate-id/,Foundry & AIP,Ontology building,P1,"Current official capability navigation entry; subsystem detail, implementation guidance, or API/tool documentation.",2026-07-27,Ontology building
Ontology edits,https://www.palantir.com/docs/foundry/functions/edits-overview/,Foundry & AIP,Ontology building,P1,"Current official capability navigation entry; subsystem detail, implementation guidance, or API/tool documentation.",2026-07-27,Ontology building
Functions — Getting Started,https://www.palantir.com/docs/foundry/functions/foo-getting-started/,Foundry & AIP,Ontology building,P1,"Current official capability navigation entry; subsystem detail, implementation guidance, or API/tool documentation.",2026-07-27,Ontology building
Function interfaces,https://www.palantir.com/docs/foundry/functions/function-interfaces/,Foundry & AIP,Ontology building,P1,"Current official capability navigation entry; subsystem detail, implementation guidance, or API/tool documentation.",2026-07-27,Ontology building
Function metrics,https://www.palantir.com/docs/foundry/functions/function-metrics/,Foundry & AIP,Cross-capability / platform,P1,"Current official capability navigation entry; subsystem detail, implementation guidance, or API/tool documentation.",2026-07-27,Observability | Ontology building
Deploy functions,https://www.palantir.com/docs/foundry/functions/functions-deployed/,Foundry & AIP,Ontology building,P1,"Current official capability navigation entry; subsystem detail, implementation guidance, or API/tool documentation.",2026-07-27,Ontology building
integrate models with it,https://www.palantir.com/docs/foundry/functions/functions-on-models/,Foundry & AIP,Cross-capability / platform,P1,"Current official capability navigation entry; subsystem detail, implementation guidance, or API/tool documentation.",2026-07-27,Model connectivity & development | Ontology building
Functions — Overview,https://www.palantir.com/docs/foundry/functions/functions-on-objects/,Foundry & AIP,Ontology building,P1,"Current official capability navigation entry; subsystem detail, implementation guidance, or API/tool documentation.",2026-07-27,Ontology building
Function versioning,https://www.palantir.com/docs/foundry/functions/functions-versioning/,Foundry & AIP,Ontology building,P0,Official architectural spine or core ontology lifecycle page; reviewed directly in the research synthesis.,2026-07-27,Ontology building
Functions — Getting Started,https://www.palantir.com/docs/foundry/functions/getting-started/,Foundry & AIP,Ontology building,P1,"Current official capability navigation entry; subsystem detail, implementation guidance, or API/tool documentation.",2026-07-27,Ontology building
Instrumentation and telemetry,https://www.palantir.com/docs/foundry/functions/instrumentation-telemetry/,Foundry & AIP,Ontology building,P1,"Current official capability navigation entry; subsystem detail, implementation guidance, or API/tool documentation.",2026-07-27,Ontology building
Feature support by language,https://www.palantir.com/docs/foundry/functions/language-feature-support/,Foundry & AIP,Ontology building,P1,"Current official capability navigation entry; subsystem detail, implementation guidance, or API/tool documentation.",2026-07-27,Ontology building
Legacy language models in functions,https://www.palantir.com/docs/foundry/functions/language-models-legacy/,Foundry & AIP,Ontology building,P2,"Current official navigation entry retained for completeness; specialized, lifecycle-warning, or reference material.",2026-07-27,Ontology building
Language models in TypeScript v2 and Python functions,https://www.palantir.com/docs/foundry/functions/language-models-python-tsv2/,Foundry & AIP,Ontology building,P1,"Current official capability navigation entry; subsystem detail, implementation guidance, or API/tool documentation.",2026-07-27,Ontology building
Language models in TypeScript v1 functions,https://www.palantir.com/docs/foundry/functions/language-models/,Foundry & AIP,Ontology building,P1,"Current official capability navigation entry; subsystem detail, implementation guidance, or API/tool documentation.",2026-07-27,Ontology building
Manage published functions,https://www.palantir.com/docs/foundry/functions/manage-functions/,Foundry & AIP,Ontology building,P1,"Current official capability navigation entry; subsystem detail, implementation guidance, or API/tool documentation.",2026-07-27,Ontology building
Add functions to a Marketplace product,https://www.palantir.com/docs/foundry/functions/marketplace-functions/,Foundry & AIP,Ontology building,P1,"Current official capability navigation entry; subsystem detail, implementation guidance, or API/tool documentation.",2026-07-27,Ontology building
Media,https://www.palantir.com/docs/foundry/functions/media/,Foundry & AIP,Ontology building,P1,"Current official capability navigation entry; subsystem detail, implementation guidance, or API/tool documentation.",2026-07-27,Ontology building
Model aliases,https://www.palantir.com/docs/foundry/functions/model-aliases/,Foundry & AIP,Ontology building,P1,"Current official capability navigation entry; subsystem detail, implementation guidance, or API/tool documentation.",2026-07-27,Ontology building
Function monitoring,https://www.palantir.com/docs/foundry/functions/monitoring/,Foundry & AIP,Ontology building,P1,"Current official capability navigation entry; subsystem detail, implementation guidance, or API/tool documentation.",2026-07-27,Ontology building
Object identifiers,https://www.palantir.com/docs/foundry/functions/object-identifiers/,Foundry & AIP,Ontology building,P1,"Current official capability navigation entry; subsystem detail, implementation guidance, or API/tool documentation.",2026-07-27,Ontology building
"Import object, interface, and link types",https://www.palantir.com/docs/foundry/functions/ontology-imports/,Foundry & AIP,Ontology building,P1,"Current official capability navigation entry; subsystem detail, implementation guidance, or API/tool documentation.",2026-07-27,Ontology building
Optimize performance,https://www.palantir.com/docs/foundry/functions/optimize-performance/,Foundry & AIP,Ontology building,P1,"Current official capability navigation entry; subsystem detail, implementation guidance, or API/tool documentation.",2026-07-27,Ontology building
functions,https://www.palantir.com/docs/foundry/functions/overview/,Foundry & AIP,Cross-capability / platform,P0,Official architectural spine or core ontology lifecycle page; reviewed directly in the research synthesis.,2026-07-27,Ontology building | Use case development
Functions — Permissions,https://www.palantir.com/docs/foundry/functions/permissions/,Foundry & AIP,Ontology building,P1,"Current official capability navigation entry; subsystem detail, implementation guidance, or API/tool documentation.",2026-07-27,Ontology building
Use platform APIs with the Foundry platform SDK,https://www.palantir.com/docs/foundry/functions/platform-sdk/,Foundry & AIP,Ontology building,P1,"Current official capability navigation entry; subsystem detail, implementation guidance, or API/tool documentation.",2026-07-27,Ontology building
Use Python functions in Pipeline Builder,https://www.palantir.com/docs/foundry/functions/python-functions-builder/,Foundry & AIP,Ontology building,P1,"Current official capability navigation entry; subsystem detail, implementation guidance, or API/tool documentation.",2026-07-27,Ontology building
Create a custom aggregation,https://www.palantir.com/docs/foundry/functions/python-functions-create-custom-aggregation/,Foundry & AIP,Ontology building,P1,"Current official capability navigation entry; subsystem detail, implementation guidance, or API/tool documentation.",2026-07-27,Ontology building
Local development,https://www.palantir.com/docs/foundry/functions/python-functions-local-development/,Foundry & AIP,Ontology building,P1,"Current official capability navigation entry; subsystem detail, implementation guidance, or API/tool documentation.",2026-07-27,Ontology building
Functions on objects,https://www.palantir.com/docs/foundry/functions/python-functions-on-objects/,Foundry & AIP,Ontology building,P1,"Current official capability navigation entry; subsystem detail, implementation guidance, or API/tool documentation.",2026-07-27,Ontology building
Use Python functions in Workshop,https://www.palantir.com/docs/foundry/functions/python-functions-workshop/,Foundry & AIP,Ontology building,P1,"Current official capability navigation entry; subsystem detail, implementation guidance, or API/tool documentation.",2026-07-27,Ontology building
Functions — Getting Started,https://www.palantir.com/docs/foundry/functions/python-getting-started/,Foundry & AIP,Ontology building,P1,"Current official capability navigation entry; subsystem detail, implementation guidance, or API/tool documentation.",2026-07-27,Ontology building
Ontology edits,https://www.palantir.com/docs/foundry/functions/python-ontology-edits/,Foundry & AIP,Ontology building,P1,"Current official capability navigation entry; subsystem detail, implementation guidance, or API/tool documentation.",2026-07-27,Ontology building
Publish and call query functions through API gateway,https://www.palantir.com/docs/foundry/functions/query-functions/,Foundry & AIP,Ontology building,P1,"Current official capability navigation entry; subsystem detail, implementation guidance, or API/tool documentation.",2026-07-27,Ontology building
Import resources into Code Repositories,https://www.palantir.com/docs/foundry/functions/resource-imports-sidebar/,Foundry & AIP,Ontology building,P1,"Current official capability navigation entry; subsystem detail, implementation guidance, or API/tool documentation.",2026-07-27,Ontology building
Source aliases,https://www.palantir.com/docs/foundry/functions/source-aliases/,Foundry & AIP,Ontology building,P1,"Current official capability navigation entry; subsystem detail, implementation guidance, or API/tool documentation.",2026-07-27,Ontology building
Streaming functions,https://www.palantir.com/docs/foundry/functions/streaming-functions/,Foundry & AIP,Ontology building,P1,"Current official capability navigation entry; subsystem detail, implementation guidance, or API/tool documentation.",2026-07-27,Ontology building
Types reference,https://www.palantir.com/docs/foundry/functions/types-reference/,Foundry & AIP,Ontology building,P1,"Current official capability navigation entry; subsystem detail, implementation guidance, or API/tool documentation.",2026-07-27,Ontology building
Error types,https://www.palantir.com/docs/foundry/functions/typescript-error-types/,Foundry & AIP,Ontology building,P1,"Current official capability navigation entry; subsystem detail, implementation guidance, or API/tool documentation.",2026-07-27,Ontology building
Functions — Getting Started,https://www.palantir.com/docs/foundry/functions/typescript-v1-getting-started/,Foundry & AIP,Ontology building,P1,"Current official capability navigation entry; subsystem detail, implementation guidance, or API/tool documentation.",2026-07-27,Ontology building
Functions — Getting Started,https://www.palantir.com/docs/foundry/functions/typescript-v2-getting-started/,Foundry & AIP,Ontology building,P1,"Current official capability navigation entry; subsystem detail, implementation guidance, or API/tool documentation.",2026-07-27,Ontology building
Migrate from TypeScript v1 to TypeScript v2,https://www.palantir.com/docs/foundry/functions/typescript-v2-migration/,Foundry & AIP,Ontology building,P1,"Current official capability navigation entry; subsystem detail, implementation guidance, or API/tool documentation.",2026-07-27,Ontology building
Ontology edits,https://www.palantir.com/docs/foundry/functions/typescript-v2-ontology-edits/,Foundry & AIP,Ontology building,P1,"Current official capability navigation entry; subsystem detail, implementation guidance, or API/tool documentation.",2026-07-27,Ontology building
Staged writes,https://www.palantir.com/docs/foundry/functions/typescript-v2-staged-writes/,Foundry & AIP,Ontology building,P1,"Current official capability navigation entry; subsystem detail, implementation guidance, or API/tool documentation.",2026-07-27,Ontology building
Handle undefined values,https://www.palantir.com/docs/foundry/functions/undefined-values/,Foundry & AIP,Ontology building,P1,"Current official capability navigation entry; subsystem detail, implementation guidance, or API/tool documentation.",2026-07-27,Ontology building
"Mock dates, timestamps, and UUIDs",https://www.palantir.com/docs/foundry/functions/unit-test-dates-timestamps/,Foundry & AIP,Ontology building,P1,"Current official capability navigation entry; subsystem detail, implementation guidance, or API/tool documentation.",2026-07-27,Ontology building
Debug,https://www.palantir.com/docs/foundry/functions/unit-test-debugging/,Foundry & AIP,Ontology building,P1,"Current official capability navigation entry; subsystem detail, implementation guidance, or API/tool documentation.",2026-07-27,Ontology building
Functions — Getting Started,https://www.palantir.com/docs/foundry/functions/unit-test-getting-started/,Foundry & AIP,Ontology building,P1,"Current official capability navigation entry; subsystem detail, implementation guidance, or API/tool documentation.",2026-07-27,Ontology building
Stub object searches and aggregations,https://www.palantir.com/docs/foundry/functions/unit-test-object-searches/,Foundry & AIP,Ontology building,P1,"Current official capability navigation entry; subsystem detail, implementation guidance, or API/tool documentation.",2026-07-27,Ontology building
Verify Ontology edits,https://www.palantir.com/docs/foundry/functions/unit-test-ontology-edits/,Foundry & AIP,Ontology building,P1,"Current official capability navigation entry; subsystem detail, implementation guidance, or API/tool documentation.",2026-07-27,Ontology building
Create stub objects,https://www.palantir.com/docs/foundry/functions/unit-test-stub-objects/,Foundry & AIP,Ontology building,P1,"Current official capability navigation entry; subsystem detail, implementation guidance, or API/tool documentation.",2026-07-27,Ontology building
Mock users and groups,https://www.palantir.com/docs/foundry/functions/unit-test-users-groups/,Foundry & AIP,Ontology building,P1,"Current official capability navigation entry; subsystem detail, implementation guidance, or API/tool documentation.",2026-07-27,Ontology building
Use functions in the platform,https://www.palantir.com/docs/foundry/functions/use-functions/,Foundry & AIP,Ontology building,P1,"Current official capability navigation entry; subsystem detail, implementation guidance, or API/tool documentation.",2026-07-27,Ontology building
User-facing errors,https://www.palantir.com/docs/foundry/functions/user-facing-error/,Foundry & AIP,Ontology building,P1,"Current official capability navigation entry; subsystem detail, implementation guidance, or API/tool documentation.",2026-07-27,Ontology building
Version range dependencies,https://www.palantir.com/docs/foundry/functions/version-range-dependencies-for-functions/,Foundry & AIP,Ontology building,P1,"Current official capability navigation entry; subsystem detail, implementation guidance, or API/tool documentation.",2026-07-27,Ontology building
Use webhooks,https://www.palantir.com/docs/foundry/functions/webhooks/,Foundry & AIP,Ontology building,P1,"Current official capability navigation entry; subsystem detail, implementation guidance, or API/tool documentation.",2026-07-27,Ontology building
Boolean logic,https://www.palantir.com/docs/foundry/fusion/boolean-logic/,Foundry & AIP,Analytics,P1,"Current official capability navigation entry; subsystem detail, implementation guidance, or API/tool documentation.",2026-07-27,Analytics
Create templates,https://www.palantir.com/docs/foundry/fusion/create-templates/,Foundry & AIP,Analytics,P1,"Current official capability navigation entry; subsystem detail, implementation guidance, or API/tool documentation.",2026-07-27,Analytics
Create and use table regions,https://www.palantir.com/docs/foundry/fusion/create-use-table-regions/,Foundry & AIP,Analytics,P1,"Current official capability navigation entry; subsystem detail, implementation guidance, or API/tool documentation.",2026-07-27,Analytics
Data updates and edit history,https://www.palantir.com/docs/foundry/fusion/data-updates-edit-history/,Foundry & AIP,Analytics,P1,"Current official capability navigation entry; subsystem detail, implementation guidance, or API/tool documentation.",2026-07-27,Analytics
"Dropdowns, locked cells, and links",https://www.palantir.com/docs/foundry/fusion/dropdowns-locked-cells-links/,Foundry & AIP,Analytics,P1,"Current official capability navigation entry; subsystem detail, implementation guidance, or API/tool documentation.",2026-07-27,Analytics
Find and use data,https://www.palantir.com/docs/foundry/fusion/find-and-use-data/,Foundry & AIP,Analytics,P1,"Current official capability navigation entry; subsystem detail, implementation guidance, or API/tool documentation.",2026-07-27,Analytics
Format cells,https://www.palantir.com/docs/foundry/fusion/format-cells/,Foundry & AIP,Analytics,P1,"Current official capability navigation entry; subsystem detail, implementation guidance, or API/tool documentation.",2026-07-27,Analytics
Fusion — Overview,https://www.palantir.com/docs/foundry/fusion/formulas-overview/,Foundry & AIP,Analytics,P1,"Current official capability navigation entry; subsystem detail, implementation guidance, or API/tool documentation.",2026-07-27,Analytics
Function library,https://www.palantir.com/docs/foundry/fusion/function-library/,Foundry & AIP,Analytics,P1,"Current official capability navigation entry; subsystem detail, implementation guidance, or API/tool documentation.",2026-07-27,Analytics
Import XLS documents,https://www.palantir.com/docs/foundry/fusion/import-xls/,Foundry & AIP,Analytics,P1,"Current official capability navigation entry; subsystem detail, implementation guidance, or API/tool documentation.",2026-07-27,Analytics
Index datasets,https://www.palantir.com/docs/foundry/fusion/index-datasets/,Foundry & AIP,Analytics,P1,"Current official capability navigation entry; subsystem detail, implementation guidance, or API/tool documentation.",2026-07-27,Analytics
Lookup datasets,https://www.palantir.com/docs/foundry/fusion/lookup-datasets/,Foundry & AIP,Analytics,P1,"Current official capability navigation entry; subsystem detail, implementation guidance, or API/tool documentation.",2026-07-27,Analytics
Fusion,https://www.palantir.com/docs/foundry/fusion/overview/,Foundry & AIP,Analytics,P1,"Current official capability navigation entry; subsystem detail, implementation guidance, or API/tool documentation.",2026-07-27,Analytics
Perform Actions,https://www.palantir.com/docs/foundry/fusion/perform-actions/,Foundry & AIP,Analytics,P1,"Current official capability navigation entry; subsystem detail, implementation guidance, or API/tool documentation.",2026-07-27,Analytics
Presentation view,https://www.palantir.com/docs/foundry/fusion/presentation-view/,Foundry & AIP,Analytics,P1,"Current official capability navigation entry; subsystem detail, implementation guidance, or API/tool documentation.",2026-07-27,Analytics
Project scope,https://www.palantir.com/docs/foundry/fusion/project-scope/,Foundry & AIP,Analytics,P1,"Current official capability navigation entry; subsystem detail, implementation guidance, or API/tool documentation.",2026-07-27,Analytics
Resync a table to a dataset,https://www.palantir.com/docs/foundry/fusion/resync-table-dataset/,Foundry & AIP,Analytics,P1,"Current official capability navigation entry; subsystem detail, implementation guidance, or API/tool documentation.",2026-07-27,Analytics
Fusion — Overview,https://www.palantir.com/docs/foundry/fusion/sheets-overview/,Foundry & AIP,Analytics,P1,"Current official capability navigation entry; subsystem detail, implementation guidance, or API/tool documentation.",2026-07-27,Analytics
Sync a table to a dataset,https://www.palantir.com/docs/foundry/fusion/sync-table-dataset/,Foundry & AIP,Analytics,P1,"Current official capability navigation entry; subsystem detail, implementation guidance, or API/tool documentation.",2026-07-27,Analytics
Validate results,https://www.palantir.com/docs/foundry/fusion/validate-results/,Foundry & AIP,Analytics,P1,"Current official capability navigation entry; subsystem detail, implementation guidance, or API/tool documentation.",2026-07-27,Analytics
Visualize time series,https://www.palantir.com/docs/foundry/fusion/visualize-time-series/,Foundry & AIP,Analytics,P1,"Current official capability navigation entry; subsystem detail, implementation guidance, or API/tool documentation.",2026-07-27,Analytics
Add Ontology data to Gaia,https://www.palantir.com/docs/foundry/geospatial/add-ontology-data-to-gaia/,Foundry & AIP,Data connectivity & integration,P1,"Current official capability navigation entry; subsystem detail, implementation guidance, or API/tool documentation.",2026-07-27,Data connectivity & integration
Coordinate reference systems and projections,https://www.palantir.com/docs/foundry/geospatial/coordinate-reference-systems-and-projections/,Foundry & AIP,Data connectivity & integration,P1,"Current official capability navigation entry; subsystem detail, implementation guidance, or API/tool documentation.",2026-07-27,Data connectivity & integration
Data modeling,https://www.palantir.com/docs/foundry/geospatial/data-modeling/,Foundry & AIP,Data connectivity & integration,P1,"Current official capability navigation entry; subsystem detail, implementation guidance, or API/tool documentation.",2026-07-27,Data connectivity & integration
Example workflows,https://www.palantir.com/docs/foundry/geospatial/example-workflows/,Foundry & AIP,Data connectivity & integration,P1,"Current official capability navigation entry; subsystem detail, implementation guidance, or API/tool documentation.",2026-07-27,Data connectivity & integration
Geospatial — Faq,https://www.palantir.com/docs/foundry/geospatial/faq/,Foundry & AIP,Data connectivity & integration,P2,"Current official navigation entry retained for completeness; specialized, lifecycle-warning, or reference material.",2026-07-27,Data connectivity & integration
Geospatial — Overview,https://www.palantir.com/docs/foundry/geospatial/geotemporal-series-overview/,Foundry & AIP,Data connectivity & integration,P1,"Current official capability navigation entry; subsystem detail, implementation guidance, or API/tool documentation.",2026-07-27,Data connectivity & integration
Integrate geotemporal series with the Ontology,https://www.palantir.com/docs/foundry/geospatial/integrate-geotemporal-series-with-the-ontology/,Foundry & AIP,Data connectivity & integration,P1,"Current official capability navigation entry; subsystem detail, implementation guidance, or API/tool documentation.",2026-07-27,Data connectivity & integration
Use geospatial data in the Ontology,https://www.palantir.com/docs/foundry/geospatial/ontology/,Foundry & AIP,Data connectivity & integration,P1,"Current official capability navigation entry; subsystem detail, implementation guidance, or API/tool documentation.",2026-07-27,Data connectivity & integration
Geospatial — Overview,https://www.palantir.com/docs/foundry/geospatial/overview/,Foundry & AIP,Data connectivity & integration,P1,"Current official capability navigation entry; subsystem detail, implementation guidance, or API/tool documentation.",2026-07-27,Data connectivity & integration
Use raster data,https://www.palantir.com/docs/foundry/geospatial/raster-data/,Foundry & AIP,Data connectivity & integration,P1,"Current official capability navigation entry; subsystem detail, implementation guidance, or API/tool documentation.",2026-07-27,Data connectivity & integration
Types of geospatial and geotemporal data,https://www.palantir.com/docs/foundry/geospatial/types-of-geospatial-and-geotemporal-data/,Foundry & AIP,Data connectivity & integration,P1,"Current official capability navigation entry; subsystem detail, implementation guidance, or API/tool documentation.",2026-07-27,Data connectivity & integration
Use vector data in transforms [Legacy],https://www.palantir.com/docs/foundry/geospatial/vector-data-in-transforms/,Foundry & AIP,Data connectivity & integration,P1,"Current official capability navigation entry; subsystem detail, implementation guidance, or API/tool documentation.",2026-07-27,Data connectivity & integration
Workspace sidebar,https://www.palantir.com/docs/foundry/getting-started/orientation-and-nav/,Foundry & AIP,Management & enablement,P1,"Current official capability navigation entry; subsystem detail, implementation guidance, or API/tool documentation.",2026-07-27,Management & enablement
Getting Started — Getting Started,https://www.palantir.com/docs/foundry/getting-started/overview/,Foundry & AIP,Cross-capability / platform,P1,"Current official capability navigation entry; subsystem detail, implementation guidance, or API/tool documentation.",2026-07-27,AI Platform (AIP) | Analytics | Data connectivity & integration | Developer toolchain | Management & enablement | Model connectivity & development | Observability | Ontology building | Product delivery | Security & governance | Use case development
Global Branching application,https://www.palantir.com/docs/foundry/global-branching/application/,Foundry & AIP,Developer toolchain,P1,"Current official capability navigation entry; subsystem detail, implementation guidance, or API/tool documentation.",2026-07-27,Developer toolchain
Branch security,https://www.palantir.com/docs/foundry/global-branching/branch-security/,Foundry & AIP,Developer toolchain,P1,"Current official capability navigation entry; subsystem detail, implementation guidance, or API/tool documentation.",2026-07-27,Developer toolchain
Branch taskbar,https://www.palantir.com/docs/foundry/global-branching/branch-taskbar/,Foundry & AIP,Developer toolchain,P1,"Current official capability navigation entry; subsystem detail, implementation guidance, or API/tool documentation.",2026-07-27,Developer toolchain
Global Branching — Core Concepts,https://www.palantir.com/docs/foundry/global-branching/core-concepts/,Foundry & AIP,Developer toolchain,P0,Official architectural spine or core ontology lifecycle page; reviewed directly in the research synthesis.,2026-07-27,Developer toolchain
Integrations,https://www.palantir.com/docs/foundry/global-branching/integrations/,Foundry & AIP,Developer toolchain,P1,"Current official capability navigation entry; subsystem detail, implementation guidance, or API/tool documentation.",2026-07-27,Developer toolchain
Global Branching,https://www.palantir.com/docs/foundry/global-branching/overview/,Foundry & AIP,Developer toolchain,P0,Official architectural spine or core ontology lifecycle page; reviewed directly in the research synthesis.,2026-07-27,Developer toolchain
Resource protection and approval policies,https://www.palantir.com/docs/foundry/global-branching/resource-protection-and-approval-policies/,Foundry & AIP,Developer toolchain,P1,"Current official capability navigation entry; subsystem detail, implementation guidance, or API/tool documentation.",2026-07-27,Developer toolchain
Builds and checks FAQ,https://www.palantir.com/docs/foundry/health-checks/builds-checks-faq/,Foundry & AIP,Observability,P1,"Current official capability navigation entry; subsystem detail, implementation guidance, or API/tool documentation.",2026-07-27,Observability
Check evaluation,https://www.palantir.com/docs/foundry/health-checks/check-evaluation/,Foundry & AIP,Observability,P1,"Current official capability navigation entry; subsystem detail, implementation guidance, or API/tool documentation.",2026-07-27,Observability
Types of checks,https://www.palantir.com/docs/foundry/health-checks/check-types/,Foundry & AIP,Observability,P1,"Current official capability navigation entry; subsystem detail, implementation guidance, or API/tool documentation.",2026-07-27,Observability
Checks reference,https://www.palantir.com/docs/foundry/health-checks/checks-reference/,Foundry & AIP,Observability,P1,"Current official capability navigation entry; subsystem detail, implementation guidance, or API/tool documentation.",2026-07-27,Observability
Add health checks to a Marketplace product,https://www.palantir.com/docs/foundry/health-checks/marketplace-data-health/,Foundry & AIP,Observability,P1,"Current official capability navigation entry; subsystem detail, implementation guidance, or API/tool documentation.",2026-07-27,Observability
Notifications and issues,https://www.palantir.com/docs/foundry/health-checks/notifications/,Foundry & AIP,Observability,P1,"Current official capability navigation entry; subsystem detail, implementation guidance, or API/tool documentation.",2026-07-27,Observability
Health checks,https://www.palantir.com/docs/foundry/health-checks/overview/,Foundry & AIP,Observability,P1,"Current official capability navigation entry; subsystem detail, implementation guidance, or API/tool documentation.",2026-07-27,Observability
Watching checks,https://www.palantir.com/docs/foundry/health-checks/watching-checks/,Foundry & AIP,Observability,P1,"Current official capability navigation entry; subsystem detail, implementation guidance, or API/tool documentation.",2026-07-27,Observability
AIP features,https://www.palantir.com/docs/foundry/hyperauto/aip/,Foundry & AIP,Data connectivity & integration,P1,"Current official capability navigation entry; subsystem detail, implementation guidance, or API/tool documentation.",2026-07-27,Data connectivity & integration
Architecture,https://www.palantir.com/docs/foundry/hyperauto/architecture/,Foundry & AIP,Data connectivity & integration,P1,"Current official capability navigation entry; subsystem detail, implementation guidance, or API/tool documentation.",2026-07-27,Data connectivity & integration
Configuration options,https://www.palantir.com/docs/foundry/hyperauto/configuration-options/,Foundry & AIP,Data connectivity & integration,P1,"Current official capability navigation entry; subsystem detail, implementation guidance, or API/tool documentation.",2026-07-27,Data connectivity & integration
Folder-based SAP pipelines,https://www.palantir.com/docs/foundry/hyperauto/folder-based-sap/,Foundry & AIP,Data connectivity & integration,P1,"Current official capability navigation entry; subsystem detail, implementation guidance, or API/tool documentation.",2026-07-27,Data connectivity & integration
Hyperauto — Getting Started,https://www.palantir.com/docs/foundry/hyperauto/getting-started/,Foundry & AIP,Data connectivity & integration,P1,"Current official capability navigation entry; subsystem detail, implementation guidance, or API/tool documentation.",2026-07-27,Data connectivity & integration
Hyperauto — Overview,https://www.palantir.com/docs/foundry/hyperauto/overview/,Foundry & AIP,Data connectivity & integration,P1,"Current official capability navigation entry; subsystem detail, implementation guidance, or API/tool documentation.",2026-07-27,Data connectivity & integration
Making edits via proposals,https://www.palantir.com/docs/foundry/hyperauto/proposals/,Foundry & AIP,Data connectivity & integration,P1,"Current official capability navigation entry; subsystem detail, implementation guidance, or API/tool documentation.",2026-07-27,Data connectivity & integration
Supported sources,https://www.palantir.com/docs/foundry/hyperauto/supported-sources/,Foundry & AIP,Data connectivity & integration,P1,"Current official capability navigation entry; subsystem detail, implementation guidance, or API/tool documentation.",2026-07-27,Data connectivity & integration
Cockpit,https://www.palantir.com/docs/foundry/hyperauto/v1-cockpit/,Foundry & AIP,Data connectivity & integration,P1,"Current official capability navigation entry; subsystem detail, implementation guidance, or API/tool documentation.",2026-07-27,Data connectivity & integration
Configuration reference,https://www.palantir.com/docs/foundry/hyperauto/v1-configuration-reference/,Foundry & AIP,Data connectivity & integration,P1,"Current official capability navigation entry; subsystem detail, implementation guidance, or API/tool documentation.",2026-07-27,Data connectivity & integration
Hyperauto — Faq,https://www.palantir.com/docs/foundry/hyperauto/v1-faq/,Foundry & AIP,Data connectivity & integration,P1,"Current official capability navigation entry; subsystem detail, implementation guidance, or API/tool documentation.",2026-07-27,Data connectivity & integration
Hyperauto — Getting Started,https://www.palantir.com/docs/foundry/hyperauto/v1-getting-started/,Foundry & AIP,Data connectivity & integration,P1,"Current official capability navigation entry; subsystem detail, implementation guidance, or API/tool documentation.",2026-07-27,Data connectivity & integration
Hyperauto — Overview,https://www.palantir.com/docs/foundry/hyperauto/v1-overview/,Foundry & AIP,Data connectivity & integration,P1,"Current official capability navigation entry; subsystem detail, implementation guidance, or API/tool documentation.",2026-07-27,Data connectivity & integration
Source exploration,https://www.palantir.com/docs/foundry/hyperauto/v1-source-exploration/,Foundry & AIP,Data connectivity & integration,P1,"Current official capability navigation entry; subsystem detail, implementation guidance, or API/tool documentation.",2026-07-27,Data connectivity & integration
Migrating from HyperAuto V1 to V2,https://www.palantir.com/docs/foundry/hyperauto/v1-to-v2-differences/,Foundry & AIP,Data connectivity & integration,P1,"Current official capability navigation entry; subsystem detail, implementation guidance, or API/tool documentation.",2026-07-27,Data connectivity & integration
Authenticating Iceberg clients,https://www.palantir.com/docs/foundry/iceberg/authentication/,Foundry & AIP,Data connectivity & integration,P1,"Current official capability navigation entry; subsystem detail, implementation guidance, or API/tool documentation.",2026-07-27,Data connectivity & integration
Branching,https://www.palantir.com/docs/foundry/iceberg/branching/,Foundry & AIP,Data connectivity & integration,P1,"Current official capability navigation entry; subsystem detail, implementation guidance, or API/tool documentation.",2026-07-27,Data connectivity & integration
Code examples,https://www.palantir.com/docs/foundry/iceberg/changelog-code-examples/,Foundry & AIP,Data connectivity & integration,P1,"Current official capability navigation entry; subsystem detail, implementation guidance, or API/tool documentation.",2026-07-27,Data connectivity & integration
Technical primer,https://www.palantir.com/docs/foundry/iceberg/changelog-primer/,Foundry & AIP,Data connectivity & integration,P1,"Current official capability navigation entry; subsystem detail, implementation guidance, or API/tool documentation.",2026-07-27,Data connectivity & integration
Iceberg — Overview,https://www.palantir.com/docs/foundry/iceberg/changelogs/,Foundry & AIP,Data connectivity & integration,P1,"Current official capability navigation entry; subsystem detail, implementation guidance, or API/tool documentation.",2026-07-27,Data connectivity & integration
Configuring network access,https://www.palantir.com/docs/foundry/iceberg/external-client-ingress/,Foundry & AIP,Data connectivity & integration,P1,"Current official capability navigation entry; subsystem detail, implementation guidance, or API/tool documentation.",2026-07-27,Data connectivity & integration
BYOB storage setup,https://www.palantir.com/docs/foundry/iceberg/iceberg-byob/,Foundry & AIP,Data connectivity & integration,P1,"Current official capability navigation entry; subsystem detail, implementation guidance, or API/tool documentation.",2026-07-27,Data connectivity & integration
Configuring Iceberg settings in Control Panel,https://www.palantir.com/docs/foundry/iceberg/iceberg-settings/,Foundry & AIP,Data connectivity & integration,P1,"Current official capability navigation entry; subsystem detail, implementation guidance, or API/tool documentation.",2026-07-27,Data connectivity & integration
Jupyter® in Code Workspaces,https://www.palantir.com/docs/foundry/iceberg/jupyter/,Foundry & AIP,Data connectivity & integration,P1,"Current official capability navigation entry; subsystem detail, implementation guidance, or API/tool documentation.",2026-07-27,Data connectivity & integration
Jupyter® in local notebooks,https://www.palantir.com/docs/foundry/iceberg/local-jupyter/,Foundry & AIP,Data connectivity & integration,P1,"Current official capability navigation entry; subsystem detail, implementation guidance, or API/tool documentation.",2026-07-27,Data connectivity & integration
Maintenance procedures,https://www.palantir.com/docs/foundry/iceberg/maintenance-page/,Foundry & AIP,Data connectivity & integration,P1,"Current official capability navigation entry; subsystem detail, implementation guidance, or API/tool documentation.",2026-07-27,Data connectivity & integration
Iceberg — Overview,https://www.palantir.com/docs/foundry/iceberg/overview/,Foundry & AIP,Data connectivity & integration,P1,"Current official capability navigation entry; subsystem detail, implementation guidance, or API/tool documentation.",2026-07-27,Data connectivity & integration
Python transform basics,https://www.palantir.com/docs/foundry/iceberg/python-transform-basics/,Foundry & AIP,Data connectivity & integration,P1,"Current official capability navigation entry; subsystem detail, implementation guidance, or API/tool documentation.",2026-07-27,Data connectivity & integration
Connect Foundry's Iceberg catalog to Snowflake,https://www.palantir.com/docs/foundry/iceberg/snowflake-iceberg-integration/,Foundry & AIP,Data connectivity & integration,P1,"Current official capability navigation entry; subsystem detail, implementation guidance, or API/tool documentation.",2026-07-27,Data connectivity & integration
Storage architecture overview,https://www.palantir.com/docs/foundry/iceberg/storage/,Foundry & AIP,Data connectivity & integration,P1,"Current official capability navigation entry; subsystem detail, implementation guidance, or API/tool documentation.",2026-07-27,Data connectivity & integration
Data Connection syncs,https://www.palantir.com/docs/foundry/iceberg/syncs/,Foundry & AIP,Data connectivity & integration,P1,"Current official capability navigation entry; subsystem detail, implementation guidance, or API/tool documentation.",2026-07-27,Data connectivity & integration
Transactions,https://www.palantir.com/docs/foundry/iceberg/transactions/,Foundry & AIP,Data connectivity & integration,P1,"Current official capability navigation entry; subsystem detail, implementation guidance, or API/tool documentation.",2026-07-27,Data connectivity & integration
Format versions,https://www.palantir.com/docs/foundry/iceberg/versions/,Foundry & AIP,Data connectivity & integration,P1,"Current official capability navigation entry; subsystem detail, implementation guidance, or API/tool documentation.",2026-07-27,Data connectivity & integration
Analysis panel,https://www.palantir.com/docs/foundry/insight/analysis-panel/,Foundry & AIP,Analytics,P1,"Current official capability navigation entry; subsystem detail, implementation guidance, or API/tool documentation.",2026-07-27,Analytics
Branching in Insight,https://www.palantir.com/docs/foundry/insight/branching-insight/,Foundry & AIP,Analytics,P1,"Current official capability navigation entry; subsystem detail, implementation guidance, or API/tool documentation.",2026-07-27,Analytics
Charts,https://www.palantir.com/docs/foundry/insight/charts-insight/,Foundry & AIP,Analytics,P1,"Current official capability navigation entry; subsystem detail, implementation guidance, or API/tool documentation.",2026-07-27,Analytics
Insight — Core Concepts,https://www.palantir.com/docs/foundry/insight/core-concepts/,Foundry & AIP,Analytics,P1,"Current official capability navigation entry; subsystem detail, implementation guidance, or API/tool documentation.",2026-07-27,Analytics
Create and save a layout,https://www.palantir.com/docs/foundry/insight/create-and-save-layouts/,Foundry & AIP,Analytics,P1,"Current official capability navigation entry; subsystem detail, implementation guidance, or API/tool documentation.",2026-07-27,Analytics
FAQ and troubleshooting,https://www.palantir.com/docs/foundry/insight/faq/,Foundry & AIP,Analytics,P2,"Current official navigation entry retained for completeness; specialized, lifecycle-warning, or reference material.",2026-07-27,Analytics
Filter card,https://www.palantir.com/docs/foundry/insight/filter-card/,Foundry & AIP,Analytics,P1,"Current official capability navigation entry; subsystem detail, implementation guidance, or API/tool documentation.",2026-07-27,Analytics
Insight — Getting Started,https://www.palantir.com/docs/foundry/insight/getting-started/,Foundry & AIP,Analytics,P1,"Current official capability navigation entry; subsystem detail, implementation guidance, or API/tool documentation.",2026-07-27,Analytics
Link card,https://www.palantir.com/docs/foundry/insight/link-card/,Foundry & AIP,Analytics,P1,"Current official capability navigation entry; subsystem detail, implementation guidance, or API/tool documentation.",2026-07-27,Analytics
Maps,https://www.palantir.com/docs/foundry/insight/map-insight/,Foundry & AIP,Analytics,P1,"Current official capability navigation entry; subsystem detail, implementation guidance, or API/tool documentation.",2026-07-27,Analytics
Insight — Overview,https://www.palantir.com/docs/foundry/insight/overview/,Foundry & AIP,Analytics,P1,"Current official capability navigation entry; subsystem detail, implementation guidance, or API/tool documentation.",2026-07-27,Analytics
Save and share a workbook,https://www.palantir.com/docs/foundry/insight/save-and-share/,Foundry & AIP,Analytics,P1,"Current official capability navigation entry; subsystem detail, implementation guidance, or API/tool documentation.",2026-07-27,Analytics
Tables,https://www.palantir.com/docs/foundry/insight/table-insight/,Foundry & AIP,Analytics,P1,"Current official capability navigation entry; subsystem detail, implementation guidance, or API/tool documentation.",2026-07-27,Analytics
Transform card,https://www.palantir.com/docs/foundry/insight/transform-card/,Foundry & AIP,Analytics,P1,"Current official capability navigation entry; subsystem detail, implementation guidance, or API/tool documentation.",2026-07-27,Analytics
API: Model save and load,https://www.palantir.com/docs/foundry/integrate-models/auto-serialization-reference/,Foundry & AIP,Model connectivity & development,P1,"Current official capability navigation entry; subsystem detail, implementation guidance, or API/tool documentation.",2026-07-27,Model connectivity & development
Example: Implement a container model adapter,https://www.palantir.com/docs/foundry/integrate-models/container-model-adapter-example/,Foundry & AIP,Model connectivity & development,P1,"Current official capability navigation entry; subsystem detail, implementation guidance, or API/tool documentation.",2026-07-27,Model connectivity & development
Integrate Models — Faq,https://www.palantir.com/docs/foundry/integrate-models/container-models-faq/,Foundry & AIP,Model connectivity & development,P1,"Current official capability navigation entry; subsystem detail, implementation guidance, or API/tool documentation.",2026-07-27,Model connectivity & development
Integrate Models — Overview,https://www.palantir.com/docs/foundry/integrate-models/container-overview/,Foundry & AIP,Model connectivity & development,P1,"Current official capability navigation entry; subsystem detail, implementation guidance, or API/tool documentation.",2026-07-27,Model connectivity & development
API: Model evaluations,https://www.palantir.com/docs/foundry/integrate-models/evaluation-reference/,Foundry & AIP,Model connectivity & development,P1,"Current official capability navigation entry; subsystem detail, implementation guidance, or API/tool documentation.",2026-07-27,Model connectivity & development
Built-in evaluators,https://www.palantir.com/docs/foundry/integrate-models/evaluations-builtin/,Foundry & AIP,Model connectivity & development,P1,"Current official capability navigation entry; subsystem detail, implementation guidance, or API/tool documentation.",2026-07-27,Model connectivity & development
Integrate Models — Faq,https://www.palantir.com/docs/foundry/integrate-models/evaluations-faq/,Foundry & AIP,Model connectivity & development,P1,"Current official capability navigation entry; subsystem detail, implementation guidance, or API/tool documentation.",2026-07-27,Model connectivity & development
Integrate Models — Overview,https://www.palantir.com/docs/foundry/integrate-models/evaluations-overview/,Foundry & AIP,Model connectivity & development,P1,"Current official capability navigation entry; subsystem detail, implementation guidance, or API/tool documentation.",2026-07-27,Model connectivity & development
Visualize evaluations,https://www.palantir.com/docs/foundry/integrate-models/evaluations-visualize/,Foundry & AIP,Model connectivity & development,P1,"Current official capability navigation entry; subsystem detail, implementation guidance, or API/tool documentation.",2026-07-27,Model connectivity & development
Author and run evaluations,https://www.palantir.com/docs/foundry/integrate-models/evaluations-writing/,Foundry & AIP,Model connectivity & development,P1,"Current official capability navigation entry; subsystem detail, implementation guidance, or API/tool documentation.",2026-07-27,Model connectivity & development
API: Model experiments,https://www.palantir.com/docs/foundry/integrate-models/experiment-reference/,Foundry & AIP,Model connectivity & development,P1,"Current official capability navigation entry; subsystem detail, implementation guidance, or API/tool documentation.",2026-07-27,Model connectivity & development
Integrate Models — Overview,https://www.palantir.com/docs/foundry/integrate-models/experiments-overview/,Foundry & AIP,Model connectivity & development,P1,"Current official capability navigation entry; subsystem detail, implementation guidance, or API/tool documentation.",2026-07-27,Model connectivity & development
Visualize experiments,https://www.palantir.com/docs/foundry/integrate-models/experiments-visualize/,Foundry & AIP,Model connectivity & development,P1,"Current official capability navigation entry; subsystem detail, implementation guidance, or API/tool documentation.",2026-07-27,Model connectivity & development
Example: Integrate a Databricks model,https://www.palantir.com/docs/foundry/integrate-models/external-model-connection-databricks/,Foundry & AIP,Model connectivity & development,P1,"Current official capability navigation entry; subsystem detail, implementation guidance, or API/tool documentation.",2026-07-27,Model connectivity & development
Example: Integrate an Open AI model,https://www.palantir.com/docs/foundry/integrate-models/external-model-connection-open-ai/,Foundry & AIP,Model connectivity & development,P1,"Current official capability navigation entry; subsystem detail, implementation guidance, or API/tool documentation.",2026-07-27,Model connectivity & development
Example: Integrate a SageMaker model,https://www.palantir.com/docs/foundry/integrate-models/external-model-connection-sagemaker/,Foundry & AIP,Model connectivity & development,P1,"Current official capability navigation entry; subsystem detail, implementation guidance, or API/tool documentation.",2026-07-27,Model connectivity & development
Example: Integrate a Vertex AI model,https://www.palantir.com/docs/foundry/integrate-models/external-model-connection-vertex-ai/,Foundry & AIP,Model connectivity & development,P1,"Current official capability navigation entry; subsystem detail, implementation guidance, or API/tool documentation.",2026-07-27,Model connectivity & development
Integrate an externally hosted model,https://www.palantir.com/docs/foundry/integrate-models/external-model-connection/,Foundry & AIP,Model connectivity & development,P1,"Current official capability navigation entry; subsystem detail, implementation guidance, or API/tool documentation.",2026-07-27,Model connectivity & development
Import a Hugging Face model,https://www.palantir.com/docs/foundry/integrate-models/import-huggingface-models/,Foundry & AIP,Model connectivity & development,P1,"Current official capability navigation entry; subsystem detail, implementation guidance, or API/tool documentation.",2026-07-27,Model connectivity & development
Instrumentation and telemetry,https://www.palantir.com/docs/foundry/integrate-models/instrumentation-telemetry/,Foundry & AIP,Model connectivity & development,P1,"Current official capability navigation entry; subsystem detail, implementation guidance, or API/tool documentation.",2026-07-27,Model connectivity & development
models,https://www.palantir.com/docs/foundry/integrate-models/integrate-overview/,Foundry & AIP,Cross-capability / platform,P1,"Current official capability navigation entry; subsystem detail, implementation guidance, or API/tool documentation.",2026-07-27,Model connectivity & development | Ontology building
API: Language model adapters,https://www.palantir.com/docs/foundry/integrate-models/language-models-adapters/,Foundry & AIP,Model connectivity & development,P1,"Current official capability navigation entry; subsystem detail, implementation guidance, or API/tool documentation.",2026-07-27,Model connectivity & development
API: Language model transform inputs,https://www.palantir.com/docs/foundry/integrate-models/language-models-transforms-inputs/,Foundry & AIP,Model connectivity & development,P1,"Current official capability navigation entry; subsystem detail, implementation guidance, or API/tool documentation.",2026-07-27,Model connectivity & development
Model API definition,https://www.palantir.com/docs/foundry/integrate-models/model-adapter-api/,Foundry & AIP,Model connectivity & development,P1,"Current official capability navigation entry; subsystem detail, implementation guidance, or API/tool documentation.",2026-07-27,Model connectivity & development
Creating model adapters,https://www.palantir.com/docs/foundry/integrate-models/model-adapter-creation/,Foundry & AIP,Model connectivity & development,P1,"Current official capability navigation entry; subsystem detail, implementation guidance, or API/tool documentation.",2026-07-27,Model connectivity & development
model development within the platform,https://www.palantir.com/docs/foundry/integrate-models/model-adapter-overview/,Foundry & AIP,Model connectivity & development,P1,"Current official capability navigation entry; subsystem detail, implementation guidance, or API/tool documentation.",2026-07-27,Model connectivity & development
API: ModelAdapter reference,https://www.palantir.com/docs/foundry/integrate-models/model-adapter-reference/,Foundry & AIP,Model connectivity & development,P1,"Current official capability navigation entry; subsystem detail, implementation guidance, or API/tool documentation.",2026-07-27,Model connectivity & development
Example: Binary classification with scikit-learn,https://www.palantir.com/docs/foundry/integrate-models/model-asset-code-repositories-sklearn/,Foundry & AIP,Model connectivity & development,P1,"Current official capability navigation entry; subsystem detail, implementation guidance, or API/tool documentation.",2026-07-27,Model connectivity & development
Train in Code Repositories,https://www.palantir.com/docs/foundry/integrate-models/model-asset-code-repositories/,Foundry & AIP,Model connectivity & development,P1,"Current official capability navigation entry; subsystem detail, implementation guidance, or API/tool documentation.",2026-07-27,Model connectivity & development
Train in a Jupyter® notebook,https://www.palantir.com/docs/foundry/integrate-models/model-asset-code-workspaces/,Foundry & AIP,Model connectivity & development,P1,"Current official capability navigation entry; subsystem detail, implementation guidance, or API/tool documentation.",2026-07-27,Model connectivity & development
Example: Upload a scikit-learn model,https://www.palantir.com/docs/foundry/integrate-models/model-asset-files-iris/,Foundry & AIP,Model connectivity & development,P1,"Current official capability navigation entry; subsystem detail, implementation guidance, or API/tool documentation.",2026-07-27,Model connectivity & development
Upload a model from pre-trained files,https://www.palantir.com/docs/foundry/integrate-models/model-asset-files/,Foundry & AIP,Model connectivity & development,P1,"Current official capability navigation entry; subsystem detail, implementation guidance, or API/tool documentation.",2026-07-27,Model connectivity & development
Model adapters in the Ontology,https://www.palantir.com/docs/foundry/integrate-models/model-asset-osdk/,Foundry & AIP,Model connectivity & development,P1,"Current official capability navigation entry; subsystem detail, implementation guidance, or API/tool documentation.",2026-07-27,Model connectivity & development
Model serialization,https://www.palantir.com/docs/foundry/integrate-models/serialization/,Foundry & AIP,Model connectivity & development,P1,"Current official capability navigation entry; subsystem detail, implementation guidance, or API/tool documentation.",2026-07-27,Model connectivity & development
Spark distributed model training,https://www.palantir.com/docs/foundry/integrate-models/spark-distributed-model-training/,Foundry & AIP,Model connectivity & development,P1,"Current official capability navigation entry; subsystem detail, implementation guidance, or API/tool documentation.",2026-07-27,Model connectivity & development
Spark ML models,https://www.palantir.com/docs/foundry/integrate-models/spark-models/,Foundry & AIP,Model connectivity & development,P1,"Current official capability navigation entry; subsystem detail, implementation guidance, or API/tool documentation.",2026-07-27,Model connectivity & development
API: ModelInput in transforms,https://www.palantir.com/docs/foundry/integrate-models/transform-model-input/,Foundry & AIP,Model connectivity & development,P1,"Current official capability navigation entry; subsystem detail, implementation guidance, or API/tool documentation.",2026-07-27,Model connectivity & development
Upgrade Model Adapter Without Retraining,https://www.palantir.com/docs/foundry/integrate-models/upgrade-model-adapter/,Foundry & AIP,Model connectivity & development,P1,"Current official capability navigation entry; subsystem detail, implementation guidance, or API/tool documentation.",2026-07-27,Model connectivity & development
Upload images with a container model,https://www.palantir.com/docs/foundry/integrate-models/upload-image-container-model/,Foundry & AIP,Model connectivity & development,P1,"Current official capability navigation entry; subsystem detail, implementation guidance, or API/tool documentation.",2026-07-27,Model connectivity & development
Create an interface,https://www.palantir.com/docs/foundry/interfaces/create-interface/,Foundry & AIP,Ontology building,P1,"Current official capability navigation entry; subsystem detail, implementation guidance, or API/tool documentation.",2026-07-27,Ontology building
Edit an interface definition,https://www.palantir.com/docs/foundry/interfaces/edit-interface-definition/,Foundry & AIP,Ontology building,P1,"Current official capability navigation entry; subsystem detail, implementation guidance, or API/tool documentation.",2026-07-27,Ontology building
Edit an interface implementation,https://www.palantir.com/docs/foundry/interfaces/edit-interface-implementation/,Foundry & AIP,Ontology building,P1,"Current official capability navigation entry; subsystem detail, implementation guidance, or API/tool documentation.",2026-07-27,Ontology building
Extend an interface,https://www.palantir.com/docs/foundry/interfaces/extend-interface/,Foundry & AIP,Ontology building,P1,"Current official capability navigation entry; subsystem detail, implementation guidance, or API/tool documentation.",2026-07-27,Ontology building
Implement an interface,https://www.palantir.com/docs/foundry/interfaces/implement-interface/,Foundry & AIP,Ontology building,P1,"Current official capability navigation entry; subsystem detail, implementation guidance, or API/tool documentation.",2026-07-27,Ontology building
Interface action type constraints,https://www.palantir.com/docs/foundry/interfaces/interface-action-type-constraints/,Foundry & AIP,Ontology building,P1,"Current official capability navigation entry; subsystem detail, implementation guidance, or API/tool documentation.",2026-07-27,Ontology building
Interface link types,https://www.palantir.com/docs/foundry/interfaces/interface-link-types-overview/,Foundry & AIP,Ontology building,P1,"Current official capability navigation entry; subsystem detail, implementation guidance, or API/tool documentation.",2026-07-27,Ontology building
Metadata reference,https://www.palantir.com/docs/foundry/interfaces/interface-metadata/,Foundry & AIP,Ontology building,P1,"Current official capability navigation entry; subsystem detail, implementation guidance, or API/tool documentation.",2026-07-27,Ontology building
interfaces,https://www.palantir.com/docs/foundry/interfaces/interface-overview/,Foundry & AIP,Ontology building,P0,Official architectural spine or core ontology lifecycle page; reviewed directly in the research synthesis.,2026-07-27,Ontology building
Impact tracking,https://www.palantir.com/docs/foundry/linter/impact-tracking/,Foundry & AIP,Data connectivity & integration,P1,"Current official capability navigation entry; subsystem detail, implementation guidance, or API/tool documentation.",2026-07-27,Data connectivity & integration
Modes,https://www.palantir.com/docs/foundry/linter/modes/,Foundry & AIP,Data connectivity & integration,P1,"Current official capability navigation entry; subsystem detail, implementation guidance, or API/tool documentation.",2026-07-27,Data connectivity & integration
Linter — Overview,https://www.palantir.com/docs/foundry/linter/overview/,Foundry & AIP,Data connectivity & integration,P1,"Current official capability navigation entry; subsystem detail, implementation guidance, or API/tool documentation.",2026-07-27,Data connectivity & integration
Recommendations,https://www.palantir.com/docs/foundry/linter/recommendations/,Foundry & AIP,Data connectivity & integration,P1,"Current official capability navigation entry; subsystem detail, implementation guidance, or API/tool documentation.",2026-07-27,Data connectivity & integration
Rules,https://www.palantir.com/docs/foundry/linter/rules/,Foundry & AIP,Data connectivity & integration,P1,"Current official capability navigation entry; subsystem detail, implementation guidance, or API/tool documentation.",2026-07-27,Data connectivity & integration
Sweep schedules,https://www.palantir.com/docs/foundry/linter/sweep-schedules/,Foundry & AIP,Data connectivity & integration,P1,"Current official capability navigation entry; subsystem detail, implementation guidance, or API/tool documentation.",2026-07-27,Data connectivity & integration
Automate AIP Logic,https://www.palantir.com/docs/foundry/logic/aip-logic-integration-automate/,Foundry & AIP,AI Platform (AIP),P1,"Current official capability navigation entry; subsystem detail, implementation guidance, or API/tool documentation.",2026-07-27,AI Platform (AIP)
Blocks,https://www.palantir.com/docs/foundry/logic/blocks/,Foundry & AIP,AI Platform (AIP),P1,"Current official capability navigation entry; subsystem detail, implementation guidance, or API/tool documentation.",2026-07-27,AI Platform (AIP)
Branching AIP Logic,https://www.palantir.com/docs/foundry/logic/branching-logic/,Foundry & AIP,AI Platform (AIP),P1,"Current official capability navigation entry; subsystem detail, implementation guidance, or API/tool documentation.",2026-07-27,AI Platform (AIP)
Compute usage,https://www.palantir.com/docs/foundry/logic/compute-usage/,Foundry & AIP,AI Platform (AIP),P1,"Current official capability navigation entry; subsystem detail, implementation guidance, or API/tool documentation.",2026-07-27,AI Platform (AIP)
Logic — Core Concepts,https://www.palantir.com/docs/foundry/logic/core-concepts/,Foundry & AIP,AI Platform (AIP),P1,"Current official capability navigation entry; subsystem detail, implementation guidance, or API/tool documentation.",2026-07-27,AI Platform (AIP)
Execution mode settings,https://www.palantir.com/docs/foundry/logic/execution-mode-settings/,Foundry & AIP,AI Platform (AIP),P1,"Current official capability navigation entry; subsystem detail, implementation guidance, or API/tool documentation.",2026-07-27,AI Platform (AIP)
Logic — Faq,https://www.palantir.com/docs/foundry/logic/faq/,Foundry & AIP,AI Platform (AIP),P2,"Current official navigation entry retained for completeness; specialized, lifecycle-warning, or reference material.",2026-07-27,AI Platform (AIP)
Logic — Getting Started,https://www.palantir.com/docs/foundry/logic/getting-started/,Foundry & AIP,AI Platform (AIP),P1,"Current official capability navigation entry; subsystem detail, implementation guidance, or API/tool documentation.",2026-07-27,AI Platform (AIP)
AIP Logic metrics,https://www.palantir.com/docs/foundry/logic/logic-metrics/,Foundry & AIP,Cross-capability / platform,P1,"Current official capability navigation entry; subsystem detail, implementation guidance, or API/tool documentation.",2026-07-27,AI Platform (AIP) | Observability
Logic — Overview,https://www.palantir.com/docs/foundry/logic/overview/,Foundry & AIP,AI Platform (AIP),P0,Official architectural spine or core ontology lifecycle page; reviewed directly in the research synthesis.,2026-07-27,AI Platform (AIP)
Analyze and monitor a process,https://www.palantir.com/docs/foundry/machinery/analyze-and-monitor/,Foundry & AIP,Ontology building,P1,"Current official capability navigation entry; subsystem detail, implementation guidance, or API/tool documentation.",2026-07-27,Ontology building
Connect data to Machinery,https://www.palantir.com/docs/foundry/machinery/connect-data/,Foundry & AIP,Ontology building,P1,"Current official capability navigation entry; subsystem detail, implementation guidance, or API/tool documentation.",2026-07-27,Ontology building
Machinery — Core Concepts,https://www.palantir.com/docs/foundry/machinery/core-concepts/,Foundry & AIP,Ontology building,P1,"Current official capability navigation entry; subsystem detail, implementation guidance, or API/tool documentation.",2026-07-27,Ontology building
Draw a graph,https://www.palantir.com/docs/foundry/machinery/draw-a-graph/,Foundry & AIP,Ontology building,P1,"Current official capability navigation entry; subsystem detail, implementation guidance, or API/tool documentation.",2026-07-27,Ontology building
Machinery — Overview,https://www.palantir.com/docs/foundry/machinery/overview/,Foundry & AIP,Ontology building,P1,"Current official capability navigation entry; subsystem detail, implementation guidance, or API/tool documentation.",2026-07-27,Ontology building
Process mining,https://www.palantir.com/docs/foundry/machinery/process-mining/,Foundry & AIP,Ontology building,P1,"Current official capability navigation entry; subsystem detail, implementation guidance, or API/tool documentation.",2026-07-27,Ontology building
Define data expectations,https://www.palantir.com/docs/foundry/maintaining-pipelines/define-data-expectations/,Foundry & AIP,Data connectivity & integration,P1,"Current official capability navigation entry; subsystem detail, implementation guidance, or API/tool documentation.",2026-07-27,Data connectivity & integration
Learn more about maintaining and managing pipelines in Foundry.,https://www.palantir.com/docs/foundry/maintaining-pipelines/overview/,Foundry & AIP,Data connectivity & integration,P1,"Current official capability navigation entry; subsystem detail, implementation guidance, or API/tool documentation.",2026-07-27,Data connectivity & integration
Recommended health checks,https://www.palantir.com/docs/foundry/maintaining-pipelines/recommended-health-checks/,Foundry & AIP,Data connectivity & integration,P1,"Current official capability navigation entry; subsystem detail, implementation guidance, or API/tool documentation.",2026-07-27,Data connectivity & integration
Stability recommendations,https://www.palantir.com/docs/foundry/maintaining-pipelines/stability-recommendations/,Foundry & AIP,Data connectivity & integration,P1,"Current official capability navigation entry; subsystem detail, implementation guidance, or API/tool documentation.",2026-07-27,Data connectivity & integration
Recommended support processes,https://www.palantir.com/docs/foundry/maintaining-pipelines/support-processes/,Foundry & AIP,Data connectivity & integration,P1,"Current official capability navigation entry; subsystem detail, implementation guidance, or API/tool documentation.",2026-07-27,Data connectivity & integration
Archive models in an objective,https://www.palantir.com/docs/foundry/manage-models/archive-model/,Foundry & AIP,Model connectivity & development,P1,"Current official capability navigation entry; subsystem detail, implementation guidance, or API/tool documentation.",2026-07-27,Model connectivity & development
Live deployment compute usage,https://www.palantir.com/docs/foundry/manage-models/compute-usage/,Foundry & AIP,Model connectivity & development,P1,"Current official capability navigation entry; subsystem detail, implementation guidance, or API/tool documentation.",2026-07-27,Model connectivity & development
Configure objective metadata,https://www.palantir.com/docs/foundry/manage-models/configure-objective-metadata/,Foundry & AIP,Model connectivity & development,P1,"Current official capability navigation entry; subsystem detail, implementation guidance, or API/tool documentation.",2026-07-27,Model connectivity & development
Create a direct model deployment,https://www.palantir.com/docs/foundry/manage-models/create-a-model-deployment/,Foundry & AIP,Model connectivity & development,P1,"Current official capability navigation entry; subsystem detail, implementation guidance, or API/tool documentation.",2026-07-27,Model connectivity & development
Create a modeling objective,https://www.palantir.com/docs/foundry/manage-models/create-a-modeling-objective/,Foundry & AIP,Model connectivity & development,P1,"Current official capability navigation entry; subsystem detail, implementation guidance, or API/tool documentation.",2026-07-27,Model connectivity & development
API: Query a live deployment,https://www.palantir.com/docs/foundry/manage-models/live-deployment-reference/,Foundry & AIP,Model connectivity & development,P1,"Current official capability navigation entry; subsystem detail, implementation guidance, or API/tool documentation.",2026-07-27,Model connectivity & development
Modeling Objective live deployment FAQ,https://www.palantir.com/docs/foundry/manage-models/live-faq/,Foundry & AIP,Model connectivity & development,P1,"Current official capability navigation entry; subsystem detail, implementation guidance, or API/tool documentation.",2026-07-27,Model connectivity & development
Model inference history,https://www.palantir.com/docs/foundry/manage-models/model-inference-history/,Foundry & AIP,Model connectivity & development,P1,"Current official capability navigation entry; subsystem detail, implementation guidance, or API/tool documentation.",2026-07-27,Model connectivity & development
Modeling objective settings,https://www.palantir.com/docs/foundry/manage-models/modeling-objective-settings/,Foundry & AIP,Model connectivity & development,P1,"Current official capability navigation entry; subsystem detail, implementation guidance, or API/tool documentation.",2026-07-27,Model connectivity & development
Models in the Ontology,https://www.palantir.com/docs/foundry/manage-models/models-in-the-ontology/,Foundry & AIP,Model connectivity & development,P1,"Current official capability navigation entry; subsystem detail, implementation guidance, or API/tool documentation.",2026-07-27,Model connectivity & development
Release a model,https://www.palantir.com/docs/foundry/manage-models/release-model/,Foundry & AIP,Model connectivity & development,P1,"Current official capability navigation entry; subsystem detail, implementation guidance, or API/tool documentation.",2026-07-27,Model connectivity & development
Review a model submission,https://www.palantir.com/docs/foundry/manage-models/review-model/,Foundry & AIP,Model connectivity & development,P1,"Current official capability navigation entry; subsystem detail, implementation guidance, or API/tool documentation.",2026-07-27,Model connectivity & development
Set up a batch deployment,https://www.palantir.com/docs/foundry/manage-models/set-up-batch/,Foundry & AIP,Model connectivity & development,P1,"Current official capability navigation entry; subsystem detail, implementation guidance, or API/tool documentation.",2026-07-27,Model connectivity & development
Set up checks for all submissions,https://www.palantir.com/docs/foundry/manage-models/set-up-checks/,Foundry & AIP,Model connectivity & development,P1,"Current official capability navigation entry; subsystem detail, implementation guidance, or API/tool documentation.",2026-07-27,Model connectivity & development
Set up and use a Modeling Objective live deployment,https://www.palantir.com/docs/foundry/manage-models/set-up-live/,Foundry & AIP,Model connectivity & development,P1,"Current official capability navigation entry; subsystem detail, implementation guidance, or API/tool documentation.",2026-07-27,Model connectivity & development
Submit a model to an objective,https://www.palantir.com/docs/foundry/manage-models/submit-model/,Foundry & AIP,Model connectivity & development,P1,"Current official capability navigation entry; subsystem detail, implementation guidance, or API/tool documentation.",2026-07-27,Model connectivity & development
Actions,https://www.palantir.com/docs/foundry/map/actions/,Foundry & AIP,Ontology building,P1,"Current official capability navigation entry; subsystem detail, implementation guidance, or API/tool documentation.",2026-07-27,Ontology building
Add data to a map,https://www.palantir.com/docs/foundry/map/add-to-map/,Foundry & AIP,Ontology building,P1,"Current official capability navigation entry; subsystem detail, implementation guidance, or API/tool documentation.",2026-07-27,Ontology building
Annotations,https://www.palantir.com/docs/foundry/map/annotations/,Foundry & AIP,Ontology building,P1,"Current official capability navigation entry; subsystem detail, implementation guidance, or API/tool documentation.",2026-07-27,Ontology building
Control Panel,https://www.palantir.com/docs/foundry/map/control-panel/,Foundry & AIP,Ontology building,P1,"Current official capability navigation entry; subsystem detail, implementation guidance, or API/tool documentation.",2026-07-27,Ontology building
Map — Core Concepts,https://www.palantir.com/docs/foundry/map/core-concepts/,Foundry & AIP,Ontology building,P1,"Current official capability navigation entry; subsystem detail, implementation guidance, or API/tool documentation.",2026-07-27,Ontology building
Create and save maps,https://www.palantir.com/docs/foundry/map/create-save-maps/,Foundry & AIP,Ontology building,P1,"Current official capability navigation entry; subsystem detail, implementation guidance, or API/tool documentation.",2026-07-27,Ontology building
Events,https://www.palantir.com/docs/foundry/map/events/,Foundry & AIP,Ontology building,P1,"Current official capability navigation entry; subsystem detail, implementation guidance, or API/tool documentation.",2026-07-27,Ontology building
Map — Getting Started,https://www.palantir.com/docs/foundry/map/getting-started/,Foundry & AIP,Ontology building,P1,"Current official capability navigation entry; subsystem detail, implementation guidance, or API/tool documentation.",2026-07-27,Ontology building
Histogram and filtering,https://www.palantir.com/docs/foundry/map/histogram/,Foundry & AIP,Ontology building,P1,"Current official capability navigation entry; subsystem detail, implementation guidance, or API/tool documentation.",2026-07-27,Ontology building
Ontology Actions for the map,https://www.palantir.com/docs/foundry/map/integrate-actions/,Foundry & AIP,Ontology building,P1,"Current official capability navigation entry; subsystem detail, implementation guidance, or API/tool documentation.",2026-07-27,Ontology building
Functions for the map,https://www.palantir.com/docs/foundry/map/integrate-functions/,Foundry & AIP,Ontology building,P1,"Current official capability navigation entry; subsystem detail, implementation guidance, or API/tool documentation.",2026-07-27,Ontology building
Ontology objects for the map,https://www.palantir.com/docs/foundry/map/integrate-objects/,Foundry & AIP,Ontology building,P1,"Current official capability navigation entry; subsystem detail, implementation guidance, or API/tool documentation.",2026-07-27,Ontology building
Search Arounds for the map,https://www.palantir.com/docs/foundry/map/integrate-searcharounds/,Foundry & AIP,Ontology building,P1,"Current official capability navigation entry; subsystem detail, implementation guidance, or API/tool documentation.",2026-07-27,Ontology building
Map Layer Editor,https://www.palantir.com/docs/foundry/map/layer-editor/,Foundry & AIP,Ontology building,P1,"Current official capability navigation entry; subsystem detail, implementation guidance, or API/tool documentation.",2026-07-27,Ontology building
Layer management,https://www.palantir.com/docs/foundry/map/layer-management/,Foundry & AIP,Ontology building,P1,"Current official capability navigation entry; subsystem detail, implementation guidance, or API/tool documentation.",2026-07-27,Ontology building
Map interface overview,https://www.palantir.com/docs/foundry/map/map-overview/,Foundry & AIP,Ontology building,P1,"Current official capability navigation entry; subsystem detail, implementation guidance, or API/tool documentation.",2026-07-27,Ontology building
Add Map templates to a Marketplace product,https://www.palantir.com/docs/foundry/map/marketplace-map-templates/,Foundry & AIP,Ontology building,P1,"Current official capability navigation entry; subsystem detail, implementation guidance, or API/tool documentation.",2026-07-27,Ontology building
Map — Navigation,https://www.palantir.com/docs/foundry/map/navigation/,Foundry & AIP,Ontology building,P1,"Current official capability navigation entry; subsystem detail, implementation guidance, or API/tool documentation.",2026-07-27,Ontology building
Loading methods,https://www.palantir.com/docs/foundry/map/objects-loading-methods/,Foundry & AIP,Ontology building,P1,"Current official capability navigation entry; subsystem detail, implementation guidance, or API/tool documentation.",2026-07-27,Ontology building
Map — Overview,https://www.palantir.com/docs/foundry/map/overview/,Foundry & AIP,Ontology building,P1,"Current official capability navigation entry; subsystem detail, implementation guidance, or API/tool documentation.",2026-07-27,Ontology building
Selection,https://www.palantir.com/docs/foundry/map/selection/,Foundry & AIP,Ontology building,P1,"Current official capability navigation entry; subsystem detail, implementation guidance, or API/tool documentation.",2026-07-27,Ontology building
Series panel [Planned deprecation],https://www.palantir.com/docs/foundry/map/series-panel/,Foundry & AIP,Ontology building,P1,"Current official capability navigation entry; subsystem detail, implementation guidance, or API/tool documentation.",2026-07-27,Ontology building
Map — Settings,https://www.palantir.com/docs/foundry/map/settings/,Foundry & AIP,Ontology building,P1,"Current official capability navigation entry; subsystem detail, implementation guidance, or API/tool documentation.",2026-07-27,Ontology building
Shapes,https://www.palantir.com/docs/foundry/map/shapes/,Foundry & AIP,Ontology building,P1,"Current official capability navigation entry; subsystem detail, implementation guidance, or API/tool documentation.",2026-07-27,Ontology building
Map templates,https://www.palantir.com/docs/foundry/map/templates/,Foundry & AIP,Ontology building,P1,"Current official capability navigation entry; subsystem detail, implementation guidance, or API/tool documentation.",2026-07-27,Ontology building
Map — Overview,https://www.palantir.com/docs/foundry/map/time-overview/,Foundry & AIP,Ontology building,P1,"Current official capability navigation entry; subsystem detail, implementation guidance, or API/tool documentation.",2026-07-27,Ontology building
Time selection,https://www.palantir.com/docs/foundry/map/time-selection/,Foundry & AIP,Ontology building,P1,"Current official capability navigation entry; subsystem detail, implementation guidance, or API/tool documentation.",2026-07-27,Ontology building
Time series,https://www.palantir.com/docs/foundry/map/time-series/,Foundry & AIP,Ontology building,P1,"Current official capability navigation entry; subsystem detail, implementation guidance, or API/tool documentation.",2026-07-27,Ontology building
Timeline,https://www.palantir.com/docs/foundry/map/timeline/,Foundry & AIP,Ontology building,P1,"Current official capability navigation entry; subsystem detail, implementation guidance, or API/tool documentation.",2026-07-27,Ontology building
Choropleths,https://www.palantir.com/docs/foundry/map/visualize-choropleths/,Foundry & AIP,Ontology building,P1,"Current official capability navigation entry; subsystem detail, implementation guidance, or API/tool documentation.",2026-07-27,Ontology building
Clusters,https://www.palantir.com/docs/foundry/map/visualize-clusters/,Foundry & AIP,Ontology building,P1,"Current official capability navigation entry; subsystem detail, implementation guidance, or API/tool documentation.",2026-07-27,Ontology building
Map — Overview,https://www.palantir.com/docs/foundry/map/visualize-objects/,Foundry & AIP,Ontology building,P1,"Current official capability navigation entry; subsystem detail, implementation guidance, or API/tool documentation.",2026-07-27,Ontology building
Points (icons and circles),https://www.palantir.com/docs/foundry/map/visualize-points/,Foundry & AIP,Ontology building,P1,"Current official capability navigation entry; subsystem detail, implementation guidance, or API/tool documentation.",2026-07-27,Ontology building
Lines and polygons,https://www.palantir.com/docs/foundry/map/visualize-polygons-lines/,Foundry & AIP,Ontology building,P1,"Current official capability navigation entry; subsystem detail, implementation guidance, or API/tool documentation.",2026-07-27,Ontology building
Timeline events,https://www.palantir.com/docs/foundry/map/visualize-timeline/,Foundry & AIP,Ontology building,P1,"Current official capability navigation entry; subsystem detail, implementation guidance, or API/tool documentation.",2026-07-27,Ontology building
Tracks (moving objects),https://www.palantir.com/docs/foundry/map/visualize-tracks/,Foundry & AIP,Ontology building,P1,"Current official capability navigation entry; subsystem detail, implementation guidance, or API/tool documentation.",2026-07-27,Ontology building
Embed a Map template in a Workshop module,https://www.palantir.com/docs/foundry/map/widget/,Foundry & AIP,Ontology building,P1,"Current official capability navigation entry; subsystem detail, implementation guidance, or API/tool documentation.",2026-07-27,Ontology building
Browse products,https://www.palantir.com/docs/foundry/marketplace/browse-products/,Foundry & AIP,Product delivery,P1,"Current official capability navigation entry; subsystem detail, implementation guidance, or API/tool documentation.",2026-07-27,Product delivery
Foundry products,https://www.palantir.com/docs/foundry/marketplace/foundry-products/,Foundry & AIP,Product delivery,P1,"Current official capability navigation entry; subsystem detail, implementation guidance, or API/tool documentation.",2026-07-27,Product delivery
Marketplace — Getting Started,https://www.palantir.com/docs/foundry/marketplace/getting-started/,Foundry & AIP,Product delivery,P1,"Current official capability navigation entry; subsystem detail, implementation guidance, or API/tool documentation.",2026-07-27,Product delivery
Install a product,https://www.palantir.com/docs/foundry/marketplace/install-product/,Foundry & AIP,Product delivery,P1,"Current official capability navigation entry; subsystem detail, implementation guidance, or API/tool documentation.",2026-07-27,Product delivery
Installations,https://www.palantir.com/docs/foundry/marketplace/installations/,Foundry & AIP,Product delivery,P1,"Current official capability navigation entry; subsystem detail, implementation guidance, or API/tool documentation.",2026-07-27,Product delivery
Linked products,https://www.palantir.com/docs/foundry/marketplace/linked-products/,Foundry & AIP,Product delivery,P1,"Current official capability navigation entry; subsystem detail, implementation guidance, or API/tool documentation.",2026-07-27,Product delivery
Marketplace — Overview,https://www.palantir.com/docs/foundry/marketplace/overview/,Foundry & AIP,Product delivery,P1,"Current official capability navigation entry; subsystem detail, implementation guidance, or API/tool documentation.",2026-07-27,Product delivery
Upgrades,https://www.palantir.com/docs/foundry/marketplace/upgrades/,Foundry & AIP,Product delivery,P1,"Current official capability navigation entry; subsystem detail, implementation guidance, or API/tool documentation.",2026-07-27,Product delivery
Transcribe an audio media set,https://www.palantir.com/docs/foundry/media-sets-advanced-formats/add-audio-transcription/,Foundry & AIP,Data connectivity & integration,P1,"Current official capability navigation entry; subsystem detail, implementation guidance, or API/tool documentation.",2026-07-27,Data connectivity & integration
Add a DICOM media set,https://www.palantir.com/docs/foundry/media-sets-advanced-formats/add-dicom-media-set/,Foundry & AIP,Data connectivity & integration,P1,"Current official capability navigation entry; subsystem detail, implementation guidance, or API/tool documentation.",2026-07-27,Data connectivity & integration
Configure granular policies for media items,https://www.palantir.com/docs/foundry/media-sets-advanced-formats/configure-granular-policies-media/,Foundry & AIP,Data connectivity & integration,P1,"Current official capability navigation entry; subsystem detail, implementation guidance, or API/tool documentation.",2026-07-27,Data connectivity & integration
Importing media,https://www.palantir.com/docs/foundry/media-sets-advanced-formats/importing-media/,Foundry & AIP,Data connectivity & integration,P1,"Current official capability navigation entry; subsystem detail, implementation guidance, or API/tool documentation.",2026-07-27,Data connectivity & integration
Using media in the Ontology,https://www.palantir.com/docs/foundry/media-sets-advanced-formats/media-in-ontology/,Foundry & AIP,Data connectivity & integration,P1,"Current official capability navigation entry; subsystem detail, implementation guidance, or API/tool documentation.",2026-07-27,Data connectivity & integration
Using media in Workshop,https://www.palantir.com/docs/foundry/media-sets-advanced-formats/media-in-workshop/,Foundry & AIP,Data connectivity & integration,P1,"Current official capability navigation entry; subsystem detail, implementation guidance, or API/tool documentation.",2026-07-27,Data connectivity & integration
Media Sets Advanced Formats — Overview,https://www.palantir.com/docs/foundry/media-sets-advanced-formats/media-overview/,Foundry & AIP,Data connectivity & integration,P0,Official architectural spine or core ontology lifecycle page; reviewed directly in the research synthesis.,2026-07-27,Data connectivity & integration
Advanced media set settings,https://www.palantir.com/docs/foundry/media-sets-advanced-formats/media-set-settings/,Foundry & AIP,Data connectivity & integration,P1,"Current official capability navigation entry; subsystem detail, implementation guidance, or API/tool documentation.",2026-07-27,Data connectivity & integration
Media usage costs and limits,https://www.palantir.com/docs/foundry/media-sets-advanced-formats/media-usage-limits/,Foundry & AIP,Data connectivity & integration,P1,"Current official capability navigation entry; subsystem detail, implementation guidance, or API/tool documentation.",2026-07-27,Data connectivity & integration
Media Sets Advanced Formats — Overview,https://www.palantir.com/docs/foundry/media-sets-advanced-formats/media-workflows-overview/,Foundry & AIP,Data connectivity & integration,P1,"Current official capability navigation entry; subsystem detail, implementation guidance, or API/tool documentation.",2026-07-27,Data connectivity & integration
Transforming media,https://www.palantir.com/docs/foundry/media-sets-advanced-formats/transforming-media/,Foundry & AIP,Data connectivity & integration,P1,"Current official capability navigation entry; subsystem detail, implementation guidance, or API/tool documentation.",2026-07-27,Data connectivity & integration
Upload media,https://www.palantir.com/docs/foundry/media-sets-advanced-formats/upload-media/,Foundry & AIP,Data connectivity & integration,P1,"Current official capability navigation entry; subsystem detail, implementation guidance, or API/tool documentation.",2026-07-27,Data connectivity & integration
Use media in OSDK applications,https://www.palantir.com/docs/foundry/media-sets-advanced-formats/use-media-in-osdk/,Foundry & AIP,Data connectivity & integration,P1,"Current official capability navigation entry; subsystem detail, implementation guidance, or API/tool documentation.",2026-07-27,Data connectivity & integration
Virtual media sets,https://www.palantir.com/docs/foundry/media-sets-advanced-formats/virtual-media-sets/,Foundry & AIP,Data connectivity & integration,P1,"Current official capability navigation entry; subsystem detail, implementation guidance, or API/tool documentation.",2026-07-27,Data connectivity & integration
Transforms Excel Parser,https://www.palantir.com/docs/foundry/microsoft-excel/transforms-excel-parser/,Foundry & AIP,Data connectivity & integration,P1,"Current official capability navigation entry; subsystem detail, implementation guidance, or API/tool documentation.",2026-07-27,Data connectivity & integration
Migration instructions: foundry_ml [planned deprecation] to palantir_models,https://www.palantir.com/docs/foundry/migrate-models/how-to/,Foundry & AIP,Model connectivity & development,P1,"Current official capability navigation entry; subsystem detail, implementation guidance, or API/tool documentation.",2026-07-27,Model connectivity & development
Palantir models migration FAQ,https://www.palantir.com/docs/foundry/migrate-models/migration-reference-faq/,Foundry & AIP,Model connectivity & development,P1,"Current official capability navigation entry; subsystem detail, implementation guidance, or API/tool documentation.",2026-07-27,Model connectivity & development
Migrate to foundry_ml [planned deprecation] to palantir_models,https://www.palantir.com/docs/foundry/migrate-models/overview/,Foundry & AIP,Model connectivity & development,P1,"Current official capability navigation entry; subsystem detail, implementation guidance, or API/tool documentation.",2026-07-27,Model connectivity & development
Model deprecation,https://www.palantir.com/docs/foundry/model-catalog/model-deprecation/,Foundry & AIP,AI Platform (AIP),P1,"Current official capability navigation entry; subsystem detail, implementation guidance, or API/tool documentation.",2026-07-27,AI Platform (AIP)
Model Catalog — Overview,https://www.palantir.com/docs/foundry/model-catalog/overview/,Foundry & AIP,AI Platform (AIP),P1,"Current official capability navigation entry; subsystem detail, implementation guidance, or API/tool documentation.",2026-07-27,AI Platform (AIP)
Evaluations,https://www.palantir.com/docs/foundry/model-integration/evaluations/,Foundry & AIP,Model connectivity & development,P1,"Current official capability navigation entry; subsystem detail, implementation guidance, or API/tool documentation.",2026-07-27,Model connectivity & development
Experiments,https://www.palantir.com/docs/foundry/model-integration/experiments/,Foundry & AIP,Model connectivity & development,P1,"Current official capability navigation entry; subsystem detail, implementation guidance, or API/tool documentation.",2026-07-27,Model connectivity & development
Functions on models,https://www.palantir.com/docs/foundry/model-integration/functions-on-models/,Foundry & AIP,Model connectivity & development,P1,"Current official capability navigation entry; subsystem detail, implementation guidance, or API/tool documentation.",2026-07-27,Model connectivity & development
Model Integration — Getting Started,https://www.palantir.com/docs/foundry/model-integration/getting-started/,Foundry & AIP,Model connectivity & development,P1,"Current official capability navigation entry; subsystem detail, implementation guidance, or API/tool documentation.",2026-07-27,Model connectivity & development
Train models with GPUs,https://www.palantir.com/docs/foundry/model-integration/gpu-training/,Foundry & AIP,Model connectivity & development,P1,"Current official capability navigation entry; subsystem detail, implementation guidance, or API/tool documentation.",2026-07-27,Model connectivity & development
Deploy models with DevOps and Marketplace,https://www.palantir.com/docs/foundry/model-integration/marketplace-models/,Foundry & AIP,Model connectivity & development,P1,"Current official capability navigation entry; subsystem detail, implementation guidance, or API/tool documentation.",2026-07-27,Model connectivity & development
Model functions,https://www.palantir.com/docs/foundry/model-integration/model-functions-guide/,Foundry & AIP,Model connectivity & development,P1,"Current official capability navigation entry; subsystem detail, implementation guidance, or API/tool documentation.",2026-07-27,Model connectivity & development
Model Studio,https://www.palantir.com/docs/foundry/model-integration/model-studio/,Foundry & AIP,Model connectivity & development,P1,"Current official capability navigation entry; subsystem detail, implementation guidance, or API/tool documentation.",2026-07-27,Model connectivity & development
Models,https://www.palantir.com/docs/foundry/model-integration/models/,Foundry & AIP,Model connectivity & development,P1,"Current official capability navigation entry; subsystem detail, implementation guidance, or API/tool documentation.",2026-07-27,Model connectivity & development
Modeling Objectives,https://www.palantir.com/docs/foundry/model-integration/objectives/,Foundry & AIP,Model connectivity & development,P1,"Current official capability navigation entry; subsystem detail, implementation guidance, or API/tool documentation.",2026-07-27,Model connectivity & development
Model connectivity & development,https://www.palantir.com/docs/foundry/model-integration/overview/,Foundry & AIP,Model connectivity & development,P0,"Official model lifecycle overview: artifacts, objectives, evaluation, review, release, and deployment.",2026-07-27,AI Platform (AIP) | Analytics | Data connectivity & integration | Developer toolchain | Management & enablement | Model connectivity & development | Observability | Ontology building | Product delivery | Security & governance | Use case development
Conclusion and next steps,https://www.palantir.com/docs/foundry/model-integration/tutorial-conclusion/,Foundry & AIP,Model connectivity & development,P1,"Current official capability navigation entry; subsystem detail, implementation guidance, or API/tool documentation.",2026-07-27,Model connectivity & development
Evaluate a model in the Modeling Objectives application,https://www.palantir.com/docs/foundry/model-integration/tutorial-evaluate-manage-models/,Foundry & AIP,Model connectivity & development,P1,"Current official capability navigation entry; subsystem detail, implementation guidance, or API/tool documentation.",2026-07-27,Model connectivity & development
Model Integration — Overview,https://www.palantir.com/docs/foundry/model-integration/tutorial-intro/,Foundry & AIP,Model connectivity & development,P1,"Current official capability navigation entry; subsystem detail, implementation guidance, or API/tool documentation.",2026-07-27,Model connectivity & development
Productionize a model,https://www.palantir.com/docs/foundry/model-integration/tutorial-productionize/,Foundry & AIP,Model connectivity & development,P1,"Current official capability navigation entry; subsystem detail, implementation guidance, or API/tool documentation.",2026-07-27,Model connectivity & development
Set up a machine learning project in Foundry,https://www.palantir.com/docs/foundry/model-integration/tutorial-set-up-project/,Foundry & AIP,Model connectivity & development,P1,"Current official capability navigation entry; subsystem detail, implementation guidance, or API/tool documentation.",2026-07-27,Model connectivity & development
Train a model in Code Repositories,https://www.palantir.com/docs/foundry/model-integration/tutorial-train-code-repositories/,Foundry & AIP,Model connectivity & development,P1,"Current official capability navigation entry; subsystem detail, implementation guidance, or API/tool documentation.",2026-07-27,Model connectivity & development
Train a model in Jupyter® notebooks,https://www.palantir.com/docs/foundry/model-integration/tutorial-train-jupyter-notebook/,Foundry & AIP,Model connectivity & development,P1,"Current official capability navigation entry; subsystem detail, implementation guidance, or API/tool documentation.",2026-07-27,Model connectivity & development
Train a model in Model Studio,https://www.palantir.com/docs/foundry/model-integration/tutorial-train-model-studio/,Foundry & AIP,Model connectivity & development,P1,"Current official capability navigation entry; subsystem detail, implementation guidance, or API/tool documentation.",2026-07-27,Model connectivity & development
Selecting the right modeling tool,https://www.palantir.com/docs/foundry/model-integration/what-to-use/,Foundry & AIP,Model connectivity & development,P1,"Current official capability navigation entry; subsystem detail, implementation guidance, or API/tool documentation.",2026-07-27,Model connectivity & development
Compute resources,https://www.palantir.com/docs/foundry/model-studio/configuration-compute-resources/,Foundry & AIP,Model connectivity & development,P1,"Current official capability navigation entry; subsystem detail, implementation guidance, or API/tool documentation.",2026-07-27,Model connectivity & development
Inputs,https://www.palantir.com/docs/foundry/model-studio/configuration-inputs/,Foundry & AIP,Model connectivity & development,P1,"Current official capability navigation entry; subsystem detail, implementation guidance, or API/tool documentation.",2026-07-27,Model connectivity & development
Model Studio — Core Concepts,https://www.palantir.com/docs/foundry/model-studio/core-concepts/,Foundry & AIP,Model connectivity & development,P1,"Current official capability navigation entry; subsystem detail, implementation guidance, or API/tool documentation.",2026-07-27,Model connectivity & development
Model Studio — Faq,https://www.palantir.com/docs/foundry/model-studio/faq/,Foundry & AIP,Model connectivity & development,P2,"Current official navigation entry retained for completeness; specialized, lifecycle-warning, or reference material.",2026-07-27,Model connectivity & development
Model Studio — Navigation,https://www.palantir.com/docs/foundry/model-studio/navigation/,Foundry & AIP,Model connectivity & development,P1,"Current official capability navigation entry; subsystem detail, implementation guidance, or API/tool documentation.",2026-07-27,Model connectivity & development
Model Studio — Overview,https://www.palantir.com/docs/foundry/model-studio/overview/,Foundry & AIP,Model connectivity & development,P1,"Current official capability navigation entry; subsystem detail, implementation guidance, or API/tool documentation.",2026-07-27,Model connectivity & development
Classification,https://www.palantir.com/docs/foundry/model-studio/trainers-classification/,Foundry & AIP,Model connectivity & development,P1,"Current official capability navigation entry; subsystem detail, implementation guidance, or API/tool documentation.",2026-07-27,Model connectivity & development
Regression,https://www.palantir.com/docs/foundry/model-studio/trainers-regression/,Foundry & AIP,Model connectivity & development,P1,"Current official capability navigation entry; subsystem detail, implementation guidance, or API/tool documentation.",2026-07-27,Model connectivity & development
Time series forecasting,https://www.palantir.com/docs/foundry/model-studio/trainers-timeseries-forecasting/,Foundry & AIP,Model connectivity & development,P1,"Current official capability navigation entry; subsystem detail, implementation guidance, or API/tool documentation.",2026-07-27,Model connectivity & development
Troubleshooting,https://www.palantir.com/docs/foundry/model-studio/troubleshooting/,Foundry & AIP,Model connectivity & development,P2,"Current official navigation entry retained for completeness; specialized, lifecycle-warning, or reference material.",2026-07-27,Model connectivity & development
Alert debug page,https://www.palantir.com/docs/foundry/monitoring-views/alert-debug-page/,Foundry & AIP,Observability,P1,"Current official capability navigation entry; subsystem detail, implementation guidance, or API/tool documentation.",2026-07-27,Observability
Check groups [Sunset],https://www.palantir.com/docs/foundry/monitoring-views/check-groups/,Foundry & AIP,Observability,P1,"Current official capability navigation entry; subsystem detail, implementation guidance, or API/tool documentation.",2026-07-27,Observability
Monitoring Views — Core Concepts,https://www.palantir.com/docs/foundry/monitoring-views/core-concepts/,Foundry & AIP,Observability,P1,"Current official capability navigation entry; subsystem detail, implementation guidance, or API/tool documentation.",2026-07-27,Observability
Sending alerts to external systems,https://www.palantir.com/docs/foundry/monitoring-views/external-systems/,Foundry & AIP,Observability,P1,"Current official capability navigation entry; subsystem detail, implementation guidance, or API/tool documentation.",2026-07-27,Observability
Monitoring FAQ,https://www.palantir.com/docs/foundry/monitoring-views/monitoring-faq/,Foundry & AIP,Observability,P1,"Current official capability navigation entry; subsystem detail, implementation guidance, or API/tool documentation.",2026-07-27,Observability
Monitoring views,https://www.palantir.com/docs/foundry/monitoring-views/overview/,Foundry & AIP,Observability,P1,"Current official capability navigation entry; subsystem detail, implementation guidance, or API/tool documentation.",2026-07-27,Observability
Monitoring rules reference,https://www.palantir.com/docs/foundry/monitoring-views/rules-reference/,Foundry & AIP,Observability,P1,"Current official capability navigation entry; subsystem detail, implementation guidance, or API/tool documentation.",2026-07-27,Observability
AIP features,https://www.palantir.com/docs/foundry/notepad/aip-features/,Foundry & AIP,Analytics,P1,"Current official capability navigation entry; subsystem detail, implementation guidance, or API/tool documentation.",2026-07-27,Analytics
Custom functions,https://www.palantir.com/docs/foundry/notepad/custom-functions/,Foundry & AIP,Analytics,P1,"Current official capability navigation entry; subsystem detail, implementation guidance, or API/tool documentation.",2026-07-27,Analytics
Document outline,https://www.palantir.com/docs/foundry/notepad/document-outline/,Foundry & AIP,Analytics,P1,"Current official capability navigation entry; subsystem detail, implementation guidance, or API/tool documentation.",2026-07-27,Analytics
Embed widgets,https://www.palantir.com/docs/foundry/notepad/embed-widgets/,Foundry & AIP,Analytics,P1,"Current official capability navigation entry; subsystem detail, implementation guidance, or API/tool documentation.",2026-07-27,Analytics
Envelope security,https://www.palantir.com/docs/foundry/notepad/envelope-security/,Foundry & AIP,Analytics,P1,"Current official capability navigation entry; subsystem detail, implementation guidance, or API/tool documentation.",2026-07-27,Analytics
Export,https://www.palantir.com/docs/foundry/notepad/export/,Foundry & AIP,Analytics,P1,"Current official capability navigation entry; subsystem detail, implementation guidance, or API/tool documentation.",2026-07-27,Analytics
Notepad — Getting Started,https://www.palantir.com/docs/foundry/notepad/getting-started/,Foundry & AIP,Analytics,P1,"Current official capability navigation entry; subsystem detail, implementation guidance, or API/tool documentation.",2026-07-27,Analytics
Markdown features,https://www.palantir.com/docs/foundry/notepad/markdown-features/,Foundry & AIP,Analytics,P1,"Current official capability navigation entry; subsystem detail, implementation guidance, or API/tool documentation.",2026-07-27,Analytics
Add documents and templates to a Marketplace product,https://www.palantir.com/docs/foundry/notepad/marketplace-notepad/,Foundry & AIP,Analytics,P1,"Current official capability navigation entry; subsystem detail, implementation guidance, or API/tool documentation.",2026-07-27,Analytics
Notepad,https://www.palantir.com/docs/foundry/notepad/overview/,Foundry & AIP,Analytics,P1,"Current official capability navigation entry; subsystem detail, implementation guidance, or API/tool documentation.",2026-07-27,Analytics
Lock widget data,https://www.palantir.com/docs/foundry/notepad/snapshot-widgets/,Foundry & AIP,Analytics,P1,"Current official capability navigation entry; subsystem detail, implementation guidance, or API/tool documentation.",2026-07-27,Analytics
Configure space template generation limits,https://www.palantir.com/docs/foundry/notepad/templates-configuration/,Foundry & AIP,Analytics,P1,"Current official capability navigation entry; subsystem detail, implementation guidance, or API/tool documentation.",2026-07-27,Analytics
Connect inputs to widget,https://www.palantir.com/docs/foundry/notepad/templates-connect-inputs/,Foundry & AIP,Analytics,P1,"Current official capability navigation entry; subsystem detail, implementation guidance, or API/tool documentation.",2026-07-27,Analytics
Create a template,https://www.palantir.com/docs/foundry/notepad/templates-create/,Foundry & AIP,Analytics,P1,"Current official capability navigation entry; subsystem detail, implementation guidance, or API/tool documentation.",2026-07-27,Analytics
Add template inputs,https://www.palantir.com/docs/foundry/notepad/templates-inputs/,Foundry & AIP,Analytics,P1,"Current official capability navigation entry; subsystem detail, implementation guidance, or API/tool documentation.",2026-07-27,Analytics
Notepad templates,https://www.palantir.com/docs/foundry/notepad/templates-overview/,Foundry & AIP,Analytics,P1,"Current official capability navigation entry; subsystem detail, implementation guidance, or API/tool documentation.",2026-07-27,Analytics
Publish a template,https://www.palantir.com/docs/foundry/notepad/templates-publish/,Foundry & AIP,Analytics,P1,"Current official capability navigation entry; subsystem detail, implementation guidance, or API/tool documentation.",2026-07-27,Analytics
Version history,https://www.palantir.com/docs/foundry/notepad/version-history/,Foundry & AIP,Analytics,P1,"Current official capability navigation entry; subsystem detail, implementation guidance, or API/tool documentation.",2026-07-27,Analytics
Anchor link,https://www.palantir.com/docs/foundry/notepad/widgets-anchor-link/,Foundry & AIP,Analytics,P1,"Current official capability navigation entry; subsystem detail, implementation guidance, or API/tool documentation.",2026-07-27,Analytics
Code Workbook chart,https://www.palantir.com/docs/foundry/notepad/widgets-code-workbook-chart/,Foundry & AIP,Analytics,P1,"Current official capability navigation entry; subsystem detail, implementation guidance, or API/tool documentation.",2026-07-27,Analytics
Command,https://www.palantir.com/docs/foundry/notepad/widgets-command/,Foundry & AIP,Analytics,P1,"Current official capability navigation entry; subsystem detail, implementation guidance, or API/tool documentation.",2026-07-27,Analytics
Conditional section,https://www.palantir.com/docs/foundry/notepad/widgets-conditional-section/,Foundry & AIP,Analytics,P1,"Current official capability navigation entry; subsystem detail, implementation guidance, or API/tool documentation.",2026-07-27,Analytics
Contour chart,https://www.palantir.com/docs/foundry/notepad/widgets-contour-chart/,Foundry & AIP,Analytics,P1,"Current official capability navigation entry; subsystem detail, implementation guidance, or API/tool documentation.",2026-07-27,Analytics
Current date,https://www.palantir.com/docs/foundry/notepad/widgets-current-date/,Foundry & AIP,Analytics,P1,"Current official capability navigation entry; subsystem detail, implementation guidance, or API/tool documentation.",2026-07-27,Analytics
Functions,https://www.palantir.com/docs/foundry/notepad/widgets-functions/,Foundry & AIP,Analytics,P1,"Current official capability navigation entry; subsystem detail, implementation guidance, or API/tool documentation.",2026-07-27,Analytics
Horizontal rule,https://www.palantir.com/docs/foundry/notepad/widgets-horizontal-rule/,Foundry & AIP,Analytics,P1,"Current official capability navigation entry; subsystem detail, implementation guidance, or API/tool documentation.",2026-07-27,Analytics
Image,https://www.palantir.com/docs/foundry/notepad/widgets-image/,Foundry & AIP,Analytics,P1,"Current official capability navigation entry; subsystem detail, implementation guidance, or API/tool documentation.",2026-07-27,Analytics
LaTeX,https://www.palantir.com/docs/foundry/notepad/widgets-latex/,Foundry & AIP,Analytics,P1,"Current official capability navigation entry; subsystem detail, implementation guidance, or API/tool documentation.",2026-07-27,Analytics
Map,https://www.palantir.com/docs/foundry/notepad/widgets-map/,Foundry & AIP,Analytics,P1,"Current official capability navigation entry; subsystem detail, implementation guidance, or API/tool documentation.",2026-07-27,Analytics
Object card,https://www.palantir.com/docs/foundry/notepad/widgets-object-card/,Foundry & AIP,Analytics,P1,"Current official capability navigation entry; subsystem detail, implementation guidance, or API/tool documentation.",2026-07-27,Analytics
Object media preview,https://www.palantir.com/docs/foundry/notepad/widgets-object-image/,Foundry & AIP,Analytics,P1,"Current official capability navigation entry; subsystem detail, implementation guidance, or API/tool documentation.",2026-07-27,Analytics
Object property Markdown editor,https://www.palantir.com/docs/foundry/notepad/widgets-object-property-markdown-editor/,Foundry & AIP,Analytics,P1,"Current official capability navigation entry; subsystem detail, implementation guidance, or API/tool documentation.",2026-07-27,Analytics
Object property,https://www.palantir.com/docs/foundry/notepad/widgets-object-property/,Foundry & AIP,Analytics,P1,"Current official capability navigation entry; subsystem detail, implementation guidance, or API/tool documentation.",2026-07-27,Analytics
Page break,https://www.palantir.com/docs/foundry/notepad/widgets-page-break/,Foundry & AIP,Analytics,P1,"Current official capability navigation entry; subsystem detail, implementation guidance, or API/tool documentation.",2026-07-27,Analytics
Quiver chart,https://www.palantir.com/docs/foundry/notepad/widgets-quiver-chart/,Foundry & AIP,Analytics,P1,"Current official capability navigation entry; subsystem detail, implementation guidance, or API/tool documentation.",2026-07-27,Analytics
Quiver dashboard,https://www.palantir.com/docs/foundry/notepad/widgets-quiver-dashboard/,Foundry & AIP,Analytics,P1,"Current official capability navigation entry; subsystem detail, implementation guidance, or API/tool documentation.",2026-07-27,Analytics
Resource link,https://www.palantir.com/docs/foundry/notepad/widgets-resource-link/,Foundry & AIP,Analytics,P1,"Current official capability navigation entry; subsystem detail, implementation guidance, or API/tool documentation.",2026-07-27,Analytics
Section generator,https://www.palantir.com/docs/foundry/notepad/widgets-section-generator/,Foundry & AIP,Analytics,P1,"Current official capability navigation entry; subsystem detail, implementation guidance, or API/tool documentation.",2026-07-27,Analytics
Solution Designer Diagram,https://www.palantir.com/docs/foundry/notepad/widgets-solution-designer-diagram/,Foundry & AIP,Analytics,P1,"Current official capability navigation entry; subsystem detail, implementation guidance, or API/tool documentation.",2026-07-27,Analytics
Table row generator,https://www.palantir.com/docs/foundry/notepad/widgets-table-row-generator/,Foundry & AIP,Analytics,P1,"Current official capability navigation entry; subsystem detail, implementation guidance, or API/tool documentation.",2026-07-27,Analytics
Table,https://www.palantir.com/docs/foundry/notepad/widgets-table/,Foundry & AIP,Analytics,P1,"Current official capability navigation entry; subsystem detail, implementation guidance, or API/tool documentation.",2026-07-27,Analytics
User mention,https://www.palantir.com/docs/foundry/notepad/widgets-user-mention/,Foundry & AIP,Analytics,P1,"Current official capability navigation entry; subsystem detail, implementation guidance, or API/tool documentation.",2026-07-27,Analytics
Value embed,https://www.palantir.com/docs/foundry/notepad/widgets-value-embed/,Foundry & AIP,Analytics,P1,"Current official capability navigation entry; subsystem detail, implementation guidance, or API/tool documentation.",2026-07-27,Analytics
Vertex graph,https://www.palantir.com/docs/foundry/notepad/widgets-vertex-graph/,Foundry & AIP,Analytics,P1,"Current official capability navigation entry; subsystem detail, implementation guidance, or API/tool documentation.",2026-07-27,Analytics
Embed a document,https://www.palantir.com/docs/foundry/notepad/workshop-embed/,Foundry & AIP,Analytics,P1,"Current official capability navigation entry; subsystem detail, implementation guidance, or API/tool documentation.",2026-07-27,Analytics
Export existing Notepad documents,https://www.palantir.com/docs/foundry/notepad/workshop-export/,Foundry & AIP,Analytics,P1,"Current official capability navigation entry; subsystem detail, implementation guidance, or API/tool documentation.",2026-07-27,Analytics
Show documents linked to objects,https://www.palantir.com/docs/foundry/notepad/workshop-objects/,Foundry & AIP,Analytics,P1,"Current official capability navigation entry; subsystem detail, implementation guidance, or API/tool documentation.",2026-07-27,Analytics
Generate and export documents,https://www.palantir.com/docs/foundry/notepad/workshop-templates/,Foundry & AIP,Analytics,P1,"Current official capability navigation entry; subsystem detail, implementation guidance, or API/tool documentation.",2026-07-27,Analytics
Aggregation considerations,https://www.palantir.com/docs/foundry/object-backend/aggregation-considerations/,Foundry & AIP,Ontology building,P1,"Current official capability navigation entry; subsystem detail, implementation guidance, or API/tool documentation.",2026-07-27,Ontology building
Breaking changes between OSv1 and OSv2,https://www.palantir.com/docs/foundry/object-backend/object-storage-v2-breaking-changes/,Foundry & AIP,Ontology building,P1,"Current official capability navigation entry; subsystem detail, implementation guidance, or API/tool documentation.",2026-07-27,Ontology building
Migrate from OSv1 to OSv2,https://www.palantir.com/docs/foundry/object-backend/osv1-osv2-migration/,Foundry & AIP,Ontology building,P1,"Current official capability navigation entry; subsystem detail, implementation guidance, or API/tool documentation.",2026-07-27,Ontology building
Object Backend — Overview,https://www.palantir.com/docs/foundry/object-backend/overview/,Foundry & AIP,Ontology building,P1,"Current official capability navigation entry; subsystem detail, implementation guidance, or API/tool documentation.",2026-07-27,Ontology building
Object Storage v1 (Phonograph) [Planned deprecation],https://www.palantir.com/docs/foundry/object-databases/object-storage-v1/,Foundry & AIP,Ontology building,P1,"Current official capability navigation entry; subsystem detail, implementation guidance, or API/tool documentation.",2026-07-27,Ontology building
How user edits are applied,https://www.palantir.com/docs/foundry/object-edits/how-edits-applied/,Foundry & AIP,Ontology building,P0,Official architectural spine or core ontology lifecycle page; reviewed directly in the research synthesis.,2026-07-27,Ontology building
Materializations,https://www.palantir.com/docs/foundry/object-edits/materializations/,Foundry & AIP,Ontology building,P0,Official architectural spine or core ontology lifecycle page; reviewed directly in the research synthesis.,2026-07-27,Ontology building
Object Edits — Overview,https://www.palantir.com/docs/foundry/object-edits/overview/,Foundry & AIP,Ontology building,P0,Official architectural spine or core ontology lifecycle page; reviewed directly in the research synthesis.,2026-07-27,Ontology building
Permission checks for Actions,https://www.palantir.com/docs/foundry/object-edits/permission-checks/,Foundry & AIP,Ontology building,P1,"Current official capability navigation entry; subsystem detail, implementation guidance, or API/tool documentation.",2026-07-27,Ontology building
Manage schema changes,https://www.palantir.com/docs/foundry/object-edits/schema-migrations/,Foundry & AIP,Ontology building,P0,Official architectural spine or core ontology lifecycle page; reviewed directly in the research synthesis.,2026-07-27,Ontology building
Enable user edit history,https://www.palantir.com/docs/foundry/object-edits/user-edit-history/,Foundry & AIP,Ontology building,P1,"Current official capability navigation entry; subsystem detail, implementation guidance, or API/tool documentation.",2026-07-27,Ontology building
Analyze using SQL,https://www.palantir.com/docs/foundry/object-explorer/analyze-sql/,Foundry & AIP,Ontology building,P1,"Current official capability navigation entry; subsystem detail, implementation guidance, or API/tool documentation.",2026-07-27,Ontology building
Apply Actions,https://www.palantir.com/docs/foundry/object-explorer/apply-actions/,Foundry & AIP,Ontology building,P1,"Current official capability navigation entry; subsystem detail, implementation guidance, or API/tool documentation.",2026-07-27,Ontology building
Compare object sets,https://www.palantir.com/docs/foundry/object-explorer/compare-object-sets/,Foundry & AIP,Ontology building,P1,"Current official capability navigation entry; subsystem detail, implementation guidance, or API/tool documentation.",2026-07-27,Ontology building
Configure Object Explorer,https://www.palantir.com/docs/foundry/object-explorer/configure/,Foundry & AIP,Ontology building,P1,"Current official capability navigation entry; subsystem detail, implementation guidance, or API/tool documentation.",2026-07-27,Ontology building
Explore with charts,https://www.palantir.com/docs/foundry/object-explorer/explore-charts/,Foundry & AIP,Ontology building,P1,"Current official capability navigation entry; subsystem detail, implementation guidance, or API/tool documentation.",2026-07-27,Ontology building
Filter results,https://www.palantir.com/docs/foundry/object-explorer/filter-results/,Foundry & AIP,Ontology building,P1,"Current official capability navigation entry; subsystem detail, implementation guidance, or API/tool documentation.",2026-07-27,Ontology building
Generate Object Explorer URLs,https://www.palantir.com/docs/foundry/object-explorer/generate-urls/,Foundry & AIP,Ontology building,P1,"Current official capability navigation entry; subsystem detail, implementation guidance, or API/tool documentation.",2026-07-27,Ontology building
Object Explorer — Getting Started,https://www.palantir.com/docs/foundry/object-explorer/getting-started/,Foundry & AIP,Ontology building,P1,"Current official capability navigation entry; subsystem detail, implementation guidance, or API/tool documentation.",2026-07-27,Ontology building
Object Explorer — Overview,https://www.palantir.com/docs/foundry/object-explorer/overview/,Foundry & AIP,Ontology building,P1,"Current official capability navigation entry; subsystem detail, implementation guidance, or API/tool documentation.",2026-07-27,Ontology building
Pivot to explore linked objects,https://www.palantir.com/docs/foundry/object-explorer/pivot-linked/,Foundry & AIP,Ontology building,P1,"Current official capability navigation entry; subsystem detail, implementation guidance, or API/tool documentation.",2026-07-27,Ontology building
Save explorations,https://www.palantir.com/docs/foundry/object-explorer/save-explorations/,Foundry & AIP,Ontology building,P1,"Current official capability navigation entry; subsystem detail, implementation guidance, or API/tool documentation.",2026-07-27,Ontology building
Save lists,https://www.palantir.com/docs/foundry/object-explorer/save-lists/,Foundry & AIP,Ontology building,P1,"Current official capability navigation entry; subsystem detail, implementation guidance, or API/tool documentation.",2026-07-27,Ontology building
Search for objects,https://www.palantir.com/docs/foundry/object-explorer/search-objects/,Foundry & AIP,Ontology building,P1,"Current official capability navigation entry; subsystem detail, implementation guidance, or API/tool documentation.",2026-07-27,Ontology building
Search syntax,https://www.palantir.com/docs/foundry/object-explorer/search-syntax/,Foundry & AIP,Ontology building,P1,"Current official capability navigation entry; subsystem detail, implementation guidance, or API/tool documentation.",2026-07-27,Ontology building
Understanding text search,https://www.palantir.com/docs/foundry/object-explorer/understanding-text-search/,Foundry & AIP,Ontology building,P1,"Current official capability navigation entry; subsystem detail, implementation guidance, or API/tool documentation.",2026-07-27,Ontology building
View results,https://www.palantir.com/docs/foundry/object-explorer/view-results/,Foundry & AIP,Ontology building,P1,"Current official capability navigation entry; subsystem detail, implementation guidance, or API/tool documentation.",2026-07-27,Ontology building
Data restrictions,https://www.palantir.com/docs/foundry/object-indexing/data-restrictions/,Foundry & AIP,Ontology building,P1,"Current official capability navigation entry; subsystem detail, implementation guidance, or API/tool documentation.",2026-07-27,Ontology building
Direct datasources,https://www.palantir.com/docs/foundry/object-indexing/direct-datasources/,Foundry & AIP,Ontology building,P1,"Current official capability navigation entry; subsystem detail, implementation guidance, or API/tool documentation.",2026-07-27,Ontology building
Object Indexing — Faq,https://www.palantir.com/docs/foundry/object-indexing/faq/,Foundry & AIP,Ontology building,P2,"Current official navigation entry retained for completeness; specialized, lifecycle-warning, or reference material.",2026-07-27,Ontology building
Funnel batch pipelines,https://www.palantir.com/docs/foundry/object-indexing/funnel-batch-pipelines/,Foundry & AIP,Ontology building,P1,"Current official capability navigation entry; subsystem detail, implementation guidance, or API/tool documentation.",2026-07-27,Ontology building
Funnel streaming pipelines,https://www.palantir.com/docs/foundry/object-indexing/funnel-streaming-pipelines/,Foundry & AIP,Ontology building,P1,"Current official capability navigation entry; subsystem detail, implementation guidance, or API/tool documentation.",2026-07-27,Ontology building
Object Indexing — Overview,https://www.palantir.com/docs/foundry/object-indexing/overview/,Foundry & AIP,Ontology building,P1,"Current official capability navigation entry; subsystem detail, implementation guidance, or API/tool documentation.",2026-07-27,Ontology building
Allow users to edit objects and links,https://www.palantir.com/docs/foundry/object-link-types/allow-editing/,Foundry & AIP,Ontology building,P1,"Current official capability navigation entry; subsystem detail, implementation guidance, or API/tool documentation.",2026-07-27,Ontology building
Base types,https://www.palantir.com/docs/foundry/object-link-types/base-types/,Foundry & AIP,Ontology building,P1,"Current official capability navigation entry; subsystem detail, implementation guidance, or API/tool documentation.",2026-07-27,Ontology building
Add conditional formatting,https://www.palantir.com/docs/foundry/object-link-types/conditional-formatting/,Foundry & AIP,Ontology building,P1,"Current official capability navigation entry; subsystem detail, implementation guidance, or API/tool documentation.",2026-07-27,Ontology building
Create a link type,https://www.palantir.com/docs/foundry/object-link-types/create-link-type/,Foundry & AIP,Ontology building,P1,"Current official capability navigation entry; subsystem detail, implementation guidance, or API/tool documentation.",2026-07-27,Ontology building
Create an object type,https://www.palantir.com/docs/foundry/object-link-types/create-object-type/,Foundry & AIP,Ontology building,P1,"Current official capability navigation entry; subsystem detail, implementation guidance, or API/tool documentation.",2026-07-27,Ontology building
Create Ontology objects from Gaia,https://www.palantir.com/docs/foundry/object-link-types/create-ontology-objects-from-gaia/,Foundry & AIP,Ontology building,P1,"Current official capability navigation entry; subsystem detail, implementation guidance, or API/tool documentation.",2026-07-27,Ontology building
Create shared properties,https://www.palantir.com/docs/foundry/object-link-types/create-shared-property/,Foundry & AIP,Ontology building,P1,"Current official capability navigation entry; subsystem detail, implementation guidance, or API/tool documentation.",2026-07-27,Ontology building
Create a struct type,https://www.palantir.com/docs/foundry/object-link-types/create-struct-type/,Foundry & AIP,Ontology building,P1,"Current official capability navigation entry; subsystem detail, implementation guidance, or API/tool documentation.",2026-07-27,Ontology building
Create a value type,https://www.palantir.com/docs/foundry/object-link-types/create-value-type/,Foundry & AIP,Ontology building,P1,"Current official capability navigation entry; subsystem detail, implementation guidance, or API/tool documentation.",2026-07-27,Ontology building
Derived properties,https://www.palantir.com/docs/foundry/object-link-types/derived-properties/,Foundry & AIP,Ontology building,P0,Official architectural spine or core ontology lifecycle page; reviewed directly in the research synthesis.,2026-07-27,Ontology building
Edit link types,https://www.palantir.com/docs/foundry/object-link-types/edit-link-types/,Foundry & AIP,Ontology building,P1,"Current official capability navigation entry; subsystem detail, implementation guidance, or API/tool documentation.",2026-07-27,Ontology building
Edit object types,https://www.palantir.com/docs/foundry/object-link-types/edit-object-type/,Foundry & AIP,Ontology building,P1,"Current official capability navigation entry; subsystem detail, implementation guidance, or API/tool documentation.",2026-07-27,Ontology building
Edit-only properties,https://www.palantir.com/docs/foundry/object-link-types/edit-only-properties/,Foundry & AIP,Ontology building,P1,"Current official capability navigation entry; subsystem detail, implementation guidance, or API/tool documentation.",2026-07-27,Ontology building
Edit object type properties,https://www.palantir.com/docs/foundry/object-link-types/edit-properties/,Foundry & AIP,Ontology building,P1,"Current official capability navigation entry; subsystem detail, implementation guidance, or API/tool documentation.",2026-07-27,Ontology building
Edit shared properties,https://www.palantir.com/docs/foundry/object-link-types/edit-shared-property/,Foundry & AIP,Ontology building,P1,"Current official capability navigation entry; subsystem detail, implementation guidance, or API/tool documentation.",2026-07-27,Ontology building
Edit struct types,https://www.palantir.com/docs/foundry/object-link-types/edit-struct-type/,Foundry & AIP,Ontology building,P1,"Current official capability navigation entry; subsystem detail, implementation guidance, or API/tool documentation.",2026-07-27,Ontology building
Enable Gotham integration,https://www.palantir.com/docs/foundry/object-link-types/enable-gotham-integration/,Foundry & AIP,Ontology building,P1,"Current official capability navigation entry; subsystem detail, implementation guidance, or API/tool documentation.",2026-07-27,Ontology building
Metadata reference,https://www.palantir.com/docs/foundry/object-link-types/link-type-metadata/,Foundry & AIP,Ontology building,P1,"Current official capability navigation entry; subsystem detail, implementation guidance, or API/tool documentation.",2026-07-27,Ontology building
link types,https://www.palantir.com/docs/foundry/object-link-types/link-types-overview/,Foundry & AIP,Ontology building,P0,Official architectural spine or core ontology lifecycle page; reviewed directly in the research synthesis.,2026-07-27,Ontology building
Mandatory control properties,https://www.palantir.com/docs/foundry/object-link-types/mandatory-control-properties/,Foundry & AIP,Ontology building,P1,"Current official capability navigation entry; subsystem detail, implementation guidance, or API/tool documentation.",2026-07-27,Ontology building
Add Ontology types to a Marketplace product,https://www.palantir.com/docs/foundry/object-link-types/marketplace-ontology-types/,Foundry & AIP,Ontology building,P1,"Current official capability navigation entry; subsystem detail, implementation guidance, or API/tool documentation.",2026-07-27,Ontology building
Render hints,https://www.palantir.com/docs/foundry/object-link-types/metadata-render-hints/,Foundry & AIP,Ontology building,P1,"Current official capability navigation entry; subsystem detail, implementation guidance, or API/tool documentation.",2026-07-27,Ontology building
Statuses,https://www.palantir.com/docs/foundry/object-link-types/metadata-statuses/,Foundry & AIP,Ontology building,P1,"Current official capability navigation entry; subsystem detail, implementation guidance, or API/tool documentation.",2026-07-27,Ontology building
Type classes,https://www.palantir.com/docs/foundry/object-link-types/metadata-typeclasses/,Foundry & AIP,Ontology building,P1,"Current official capability navigation entry; subsystem detail, implementation guidance, or API/tool documentation.",2026-07-27,Ontology building
Metadata reference,https://www.palantir.com/docs/foundry/object-link-types/object-type-metadata/,Foundry & AIP,Ontology building,P1,"Current official capability navigation entry; subsystem detail, implementation guidance, or API/tool documentation.",2026-07-27,Ontology building
object types,https://www.palantir.com/docs/foundry/object-link-types/object-types-overview/,Foundry & AIP,Ontology building,P0,Official architectural spine or core ontology lifecycle page; reviewed directly in the research synthesis.,2026-07-27,Ontology building
Object Link Types — Overview,https://www.palantir.com/docs/foundry/object-link-types/properties-overview/,Foundry & AIP,Ontology building,P0,Official architectural spine or core ontology lifecycle page; reviewed directly in the research synthesis.,2026-07-27,Ontology building
Metadata reference,https://www.palantir.com/docs/foundry/object-link-types/property-metadata/,Foundry & AIP,Ontology building,P1,"Current official capability navigation entry; subsystem detail, implementation guidance, or API/tool documentation.",2026-07-27,Ontology building
Property reducers,https://www.palantir.com/docs/foundry/object-link-types/property-reducers/,Foundry & AIP,Ontology building,P1,"Current official capability navigation entry; subsystem detail, implementation guidance, or API/tool documentation.",2026-07-27,Ontology building
Required properties,https://www.palantir.com/docs/foundry/object-link-types/required-properties/,Foundry & AIP,Ontology building,P1,"Current official capability navigation entry; subsystem detail, implementation guidance, or API/tool documentation.",2026-07-27,Ontology building
Metadata reference,https://www.palantir.com/docs/foundry/object-link-types/shared-property-metadata/,Foundry & AIP,Ontology building,P1,"Current official capability navigation entry; subsystem detail, implementation guidance, or API/tool documentation.",2026-07-27,Ontology building
Object Link Types — Overview,https://www.palantir.com/docs/foundry/object-link-types/shared-property-overview/,Foundry & AIP,Ontology building,P0,Official architectural spine or core ontology lifecycle page; reviewed directly in the research synthesis.,2026-07-27,Ontology building
Automapping struct types,https://www.palantir.com/docs/foundry/object-link-types/struct-automapping/,Foundry & AIP,Ontology building,P1,"Current official capability navigation entry; subsystem detail, implementation guidance, or API/tool documentation.",2026-07-27,Ontology building
Designate struct main fields,https://www.palantir.com/docs/foundry/object-link-types/struct-main-fields/,Foundry & AIP,Ontology building,P1,"Current official capability navigation entry; subsystem detail, implementation guidance, or API/tool documentation.",2026-07-27,Ontology building
Structs and shared properties,https://www.palantir.com/docs/foundry/object-link-types/struct-shared-properties/,Foundry & AIP,Ontology building,P1,"Current official capability navigation entry; subsystem detail, implementation guidance, or API/tool documentation.",2026-07-27,Ontology building
Object Link Types — Overview,https://www.palantir.com/docs/foundry/object-link-types/structs-overview/,Foundry & AIP,Ontology building,P1,"Current official capability navigation entry; subsystem detail, implementation guidance, or API/tool documentation.",2026-07-27,Ontology building
Object type groups,https://www.palantir.com/docs/foundry/object-link-types/type-groups/,Foundry & AIP,Ontology building,P0,Official architectural spine or core ontology lifecycle page; reviewed directly in the research synthesis.,2026-07-27,Ontology building
Types reference,https://www.palantir.com/docs/foundry/object-link-types/type-reference/,Foundry & AIP,Ontology building,P1,"Current official capability navigation entry; subsystem detail, implementation guidance, or API/tool documentation.",2026-07-27,Ontology building
Use shared properties on object types,https://www.palantir.com/docs/foundry/object-link-types/use-shared-property/,Foundry & AIP,Ontology building,P1,"Current official capability navigation entry; subsystem detail, implementation guidance, or API/tool documentation.",2026-07-27,Ontology building
Use value types,https://www.palantir.com/docs/foundry/object-link-types/use-value-type/,Foundry & AIP,Ontology building,P1,"Current official capability navigation entry; subsystem detail, implementation guidance, or API/tool documentation.",2026-07-27,Ontology building
Add value formatting,https://www.palantir.com/docs/foundry/object-link-types/value-formatting/,Foundry & AIP,Ontology building,P1,"Current official capability navigation entry; subsystem detail, implementation guidance, or API/tool documentation.",2026-07-27,Ontology building
Value type constraints,https://www.palantir.com/docs/foundry/object-link-types/value-type-constraints/,Foundry & AIP,Ontology building,P1,"Current official capability navigation entry; subsystem detail, implementation guidance, or API/tool documentation.",2026-07-27,Ontology building
Object Link Types — Overview,https://www.palantir.com/docs/foundry/object-link-types/value-types-overview/,Foundry & AIP,Ontology building,P0,Official architectural spine or core ontology lifecycle page; reviewed directly in the research synthesis.,2026-07-27,Ontology building
Value type permissions,https://www.palantir.com/docs/foundry/object-link-types/value-types-permissions/,Foundry & AIP,Ontology building,P1,"Current official capability navigation entry; subsystem detail, implementation guidance, or API/tool documentation.",2026-07-27,Ontology building
Value type versions,https://www.palantir.com/docs/foundry/object-link-types/value-types-versions/,Foundry & AIP,Ontology building,P1,"Current official capability navigation entry; subsystem detail, implementation guidance, or API/tool documentation.",2026-07-27,Ontology building
Actions,https://www.palantir.com/docs/foundry/object-monitors/actions/,Foundry & AIP,Ontology building,P1,"Current official capability navigation entry; subsystem detail, implementation guidance, or API/tool documentation.",2026-07-27,Ontology building
Activity,https://www.palantir.com/docs/foundry/object-monitors/activity/,Foundry & AIP,Ontology building,P1,"Current official capability navigation entry; subsystem detail, implementation guidance, or API/tool documentation.",2026-07-27,Ontology building
Conditions,https://www.palantir.com/docs/foundry/object-monitors/condition/,Foundry & AIP,Ontology building,P1,"Current official capability navigation entry; subsystem detail, implementation guidance, or API/tool documentation.",2026-07-27,Ontology building
Create a new object monitor,https://www.palantir.com/docs/foundry/object-monitors/create_new_object_monitor/,Foundry & AIP,Ontology building,P1,"Current official capability navigation entry; subsystem detail, implementation guidance, or API/tool documentation.",2026-07-27,Ontology building
Error reference,https://www.palantir.com/docs/foundry/object-monitors/errors/,Foundry & AIP,Ontology building,P1,"Current official capability navigation entry; subsystem detail, implementation guidance, or API/tool documentation.",2026-07-27,Ontology building
Evaluation,https://www.palantir.com/docs/foundry/object-monitors/evaluation/,Foundry & AIP,Ontology building,P1,"Current official capability navigation entry; subsystem detail, implementation guidance, or API/tool documentation.",2026-07-27,Ontology building
Inputs,https://www.palantir.com/docs/foundry/object-monitors/input/,Foundry & AIP,Ontology building,P1,"Current official capability navigation entry; subsystem detail, implementation guidance, or API/tool documentation.",2026-07-27,Ontology building
Monitoring limits,https://www.palantir.com/docs/foundry/object-monitors/limits/,Foundry & AIP,Ontology building,P1,"Current official capability navigation entry; subsystem detail, implementation guidance, or API/tool documentation.",2026-07-27,Ontology building
Monitors,https://www.palantir.com/docs/foundry/object-monitors/monitor/,Foundry & AIP,Ontology building,P1,"Current official capability navigation entry; subsystem detail, implementation guidance, or API/tool documentation.",2026-07-27,Ontology building
Notifications,https://www.palantir.com/docs/foundry/object-monitors/notifications/,Foundry & AIP,Ontology building,P1,"Current official capability navigation entry; subsystem detail, implementation guidance, or API/tool documentation.",2026-07-27,Ontology building
Object Monitors — Overview,https://www.palantir.com/docs/foundry/object-monitors/overview/,Foundry & AIP,Ontology building,P1,"Current official capability navigation entry; subsystem detail, implementation guidance, or API/tool documentation.",2026-07-27,Ontology building
Configuring restricted-view-backed object types,https://www.palantir.com/docs/foundry/object-permissioning/configuring-rv-access-controls/,Foundry & AIP,Ontology building,P1,"Current official capability navigation entry; subsystem detail, implementation guidance, or API/tool documentation.",2026-07-27,Ontology building
Managing object security,https://www.palantir.com/docs/foundry/object-permissioning/managing-object-security/,Foundry & AIP,Ontology building,P0,Official architectural spine or core ontology lifecycle page; reviewed directly in the research synthesis.,2026-07-27,Ontology building
Multi-datasource object types (MDOs),https://www.palantir.com/docs/foundry/object-permissioning/multi-datasource-objects/,Foundry & AIP,Ontology building,P1,"Current official capability navigation entry; subsystem detail, implementation guidance, or API/tool documentation.",2026-07-27,Ontology building
Object security policies,https://www.palantir.com/docs/foundry/object-permissioning/object-security-policies/,Foundry & AIP,Ontology building,P0,Official architectural spine or core ontology lifecycle page; reviewed directly in the research synthesis.,2026-07-27,Ontology building
Legacy ontology permissions,https://www.palantir.com/docs/foundry/object-permissioning/ontology-permissions-legacy/,Foundry & AIP,Ontology building,P2,"Current official navigation entry retained for completeness; specialized, lifecycle-warning, or reference material.",2026-07-27,Ontology building
Ontology permissions,https://www.palantir.com/docs/foundry/object-permissioning/ontology-permissions/,Foundry & AIP,Ontology building,P1,"Current official capability navigation entry; subsystem detail, implementation guidance, or API/tool documentation.",2026-07-27,Ontology building
Object Permissioning — Overview,https://www.palantir.com/docs/foundry/object-permissioning/overview/,Foundry & AIP,Ontology building,P0,Official architectural spine or core ontology lifecycle page; reviewed directly in the research synthesis.,2026-07-27,Ontology building
Branching object views,https://www.palantir.com/docs/foundry/object-views/branching-object-views/,Foundry & AIP,Ontology building,P1,"Current official capability navigation entry; subsystem detail, implementation guidance, or API/tool documentation.",2026-07-27,Ontology building
Comment on objects,https://www.palantir.com/docs/foundry/object-views/comment-on-objects/,Foundry & AIP,Ontology building,P1,"Current official capability navigation entry; subsystem detail, implementation guidance, or API/tool documentation.",2026-07-27,Ontology building
Configure the applications sidebar,https://www.palantir.com/docs/foundry/object-views/config-app-sidebar/,Foundry & AIP,Ontology building,P1,"Current official capability navigation entry; subsystem detail, implementation guidance, or API/tool documentation.",2026-07-27,Ontology building
Configure legacy Object Views,https://www.palantir.com/docs/foundry/object-views/config-legacy-object-views/,Foundry & AIP,Ontology building,P2,"Current official navigation entry retained for completeness; specialized, lifecycle-warning, or reference material.",2026-07-27,Ontology building
Configure full Object Views,https://www.palantir.com/docs/foundry/object-views/config-object-views/,Foundry & AIP,Ontology building,P1,"Current official capability navigation entry; subsystem detail, implementation guidance, or API/tool documentation.",2026-07-27,Ontology building
Configured Object View overview,https://www.palantir.com/docs/foundry/object-views/config-overview/,Foundry & AIP,Ontology building,P1,"Current official capability navigation entry; subsystem detail, implementation guidance, or API/tool documentation.",2026-07-27,Ontology building
Configure panel Object Views,https://www.palantir.com/docs/foundry/object-views/config-panel-views/,Foundry & AIP,Ontology building,P1,"Current official capability navigation entry; subsystem detail, implementation guidance, or API/tool documentation.",2026-07-27,Ontology building
Configure profiles,https://www.palantir.com/docs/foundry/object-views/config-profiles/,Foundry & AIP,Ontology building,P1,"Current official capability navigation entry; subsystem detail, implementation guidance, or API/tool documentation.",2026-07-27,Ontology building
Configure tabs,https://www.palantir.com/docs/foundry/object-views/config-tabs/,Foundry & AIP,Ontology building,P1,"Current official capability navigation entry; subsystem detail, implementation guidance, or API/tool documentation.",2026-07-27,Ontology building
Generate Object View URLs,https://www.palantir.com/docs/foundry/object-views/generate-urls/,Foundry & AIP,Ontology building,P1,"Current official capability navigation entry; subsystem detail, implementation guidance, or API/tool documentation.",2026-07-27,Ontology building
Manage configured Object View versions,https://www.palantir.com/docs/foundry/object-views/manage-versions/,Foundry & AIP,Ontology building,P1,"Current official capability navigation entry; subsystem detail, implementation guidance, or API/tool documentation.",2026-07-27,Ontology building
Add Object Views to a Marketplace product,https://www.palantir.com/docs/foundry/object-views/marketplace-object-views/,Foundry & AIP,Ontology building,P1,"Current official capability navigation entry; subsystem detail, implementation guidance, or API/tool documentation.",2026-07-27,Ontology building
Object Views — Overview,https://www.palantir.com/docs/foundry/object-views/overview/,Foundry & AIP,Ontology building,P1,"Current official capability navigation entry; subsystem detail, implementation guidance, or API/tool documentation.",2026-07-27,Ontology building
Standard Object Views,https://www.palantir.com/docs/foundry/object-views/standard-object-views/,Foundry & AIP,Ontology building,P1,"Current official capability navigation entry; subsystem detail, implementation guidance, or API/tool documentation.",2026-07-27,Ontology building
Use full Object Views in the platform,https://www.palantir.com/docs/foundry/object-views/use-full-views-in-platform/,Foundry & AIP,Ontology building,P1,"Current official capability navigation entry; subsystem detail, implementation guidance, or API/tool documentation.",2026-07-27,Ontology building
Use panel Object Views in the platform,https://www.palantir.com/docs/foundry/object-views/use-panel-views-in-platform/,Foundry & AIP,Ontology building,P1,"Current official capability navigation entry; subsystem detail, implementation guidance, or API/tool documentation.",2026-07-27,Ontology building
Apps and Files,https://www.palantir.com/docs/foundry/object-views/widgets-apps-files/,Foundry & AIP,Ontology building,P1,"Current official capability navigation entry; subsystem detail, implementation guidance, or API/tool documentation.",2026-07-27,Ontology building
Filtering,https://www.palantir.com/docs/foundry/object-views/widgets-filtering/,Foundry & AIP,Ontology building,P1,"Current official capability navigation entry; subsystem detail, implementation guidance, or API/tool documentation.",2026-07-27,Ontology building
Layout,https://www.palantir.com/docs/foundry/object-views/widgets-layout/,Foundry & AIP,Ontology building,P1,"Current official capability navigation entry; subsystem detail, implementation guidance, or API/tool documentation.",2026-07-27,Ontology building
Properties and Links,https://www.palantir.com/docs/foundry/object-views/widgets-properties-links/,Foundry & AIP,Ontology building,P1,"Current official capability navigation entry; subsystem detail, implementation guidance, or API/tool documentation.",2026-07-27,Ontology building
Visualization,https://www.palantir.com/docs/foundry/object-views/widgets-visualization/,Foundry & AIP,Ontology building,P1,"Current official capability navigation entry; subsystem detail, implementation guidance, or API/tool documentation.",2026-07-27,Ontology building
Dashboards,https://www.palantir.com/docs/foundry/observability/dashboards/,Foundry & AIP,Observability,P1,"Current official capability navigation entry; subsystem detail, implementation guidance, or API/tool documentation.",2026-07-27,Observability
Data Health,https://www.palantir.com/docs/foundry/observability/data-health/,Foundry & AIP,Observability,P1,"Current official capability navigation entry; subsystem detail, implementation guidance, or API/tool documentation.",2026-07-27,Observability
Observability,https://www.palantir.com/docs/foundry/observability/overview/,Foundry & AIP,Observability,P0,Official architectural spine or core ontology lifecycle page; reviewed directly in the research synthesis.,2026-07-27,AI Platform (AIP) | Analytics | Data connectivity & integration | Developer toolchain | Management & enablement | Model connectivity & development | Observability | Ontology building | Product delivery | Security & governance | Use case development
Ontologies — Overview,https://www.palantir.com/docs/foundry/ontologies/branching-ontology/,Foundry & AIP,Ontology building,P0,Official architectural spine or core ontology lifecycle page; reviewed directly in the research synthesis.,2026-07-27,Ontology building
Ontology indexing compute,https://www.palantir.com/docs/foundry/ontologies/compute-usage/,Foundry & AIP,Ontology building,P1,"Current official capability navigation entry; subsystem detail, implementation guidance, or API/tool documentation.",2026-07-27,Ontology building
Ontologies — Overview,https://www.palantir.com/docs/foundry/ontologies/ontologies-overview/,Foundry & AIP,Ontology building,P1,"Current official capability navigation entry; subsystem detail, implementation guidance, or API/tool documentation.",2026-07-27,Ontology building
Ontology branches [Legacy],https://www.palantir.com/docs/foundry/ontologies/ontology-branches-legacy/,Foundry & AIP,Ontology building,P2,"Current official navigation entry retained for completeness; specialized, lifecycle-warning, or reference material.",2026-07-27,Ontology building
Migrating between ontologies,https://www.palantir.com/docs/foundry/ontologies/ontology-migration/,Foundry & AIP,Ontology building,P0,Official architectural spine or core ontology lifecycle page; reviewed directly in the research synthesis.,2026-07-27,Ontology building
Object Set Service limitations,https://www.palantir.com/docs/foundry/ontologies/oss-limitations/,Foundry & AIP,Ontology building,P2,"Current official navigation entry retained for completeness; specialized, lifecycle-warning, or reference material.",2026-07-27,Ontology building
Ontology query compute,https://www.palantir.com/docs/foundry/ontologies/query-compute-usage/,Foundry & AIP,Ontology building,P1,"Current official capability navigation entry; subsystem detail, implementation guidance, or API/tool documentation.",2026-07-27,Ontology building
Review ontology proposals,https://www.palantir.com/docs/foundry/ontologies/review-ontology-proposals/,Foundry & AIP,Ontology building,P0,Official architectural spine or core ontology lifecycle page; reviewed directly in the research synthesis.,2026-07-27,Ontology building
Shared ontologies,https://www.palantir.com/docs/foundry/ontologies/shared-ontologies/,Foundry & AIP,Ontology building,P1,"Current official capability navigation entry; subsystem detail, implementation guidance, or API/tool documentation.",2026-07-27,Ontology building
Ontology volume,https://www.palantir.com/docs/foundry/ontologies/volume-usage/,Foundry & AIP,Ontology building,P1,"Current official capability navigation entry; subsystem detail, implementation guidance, or API/tool documentation.",2026-07-27,Ontology building
Ontology cleanup,https://www.palantir.com/docs/foundry/ontology-manager/cleanup/,Foundry & AIP,Ontology building,P1,"Current official capability navigation entry; subsystem detail, implementation guidance, or API/tool documentation.",2026-07-27,Ontology building
"Export, edit, and import an Ontology",https://www.palantir.com/docs/foundry/ontology-manager/export-import/,Foundry & AIP,Ontology building,P1,"Current official capability navigation entry; subsystem detail, implementation guidance, or API/tool documentation.",2026-07-27,Ontology building
Migrate to project-based permissions,https://www.palantir.com/docs/foundry/ontology-manager/migrate-to-project-based-permissions/,Foundry & AIP,Ontology building,P1,"Current official capability navigation entry; subsystem detail, implementation guidance, or API/tool documentation.",2026-07-27,Ontology building
Ontology Manager — Navigation,https://www.palantir.com/docs/foundry/ontology-manager/navigation/,Foundry & AIP,Ontology building,P1,"Current official capability navigation entry; subsystem detail, implementation guidance, or API/tool documentation.",2026-07-27,Ontology building
Ontology roles migration [Legacy],https://www.palantir.com/docs/foundry/ontology-manager/ontology-roles-migration/,Foundry & AIP,Ontology building,P1,"Current official capability navigation entry; subsystem detail, implementation guidance, or API/tool documentation.",2026-07-27,Ontology building
Ontology Manager,https://www.palantir.com/docs/foundry/ontology-manager/overview/,Foundry & AIP,Cross-capability / platform,P1,"Current official capability navigation entry; subsystem detail, implementation guidance, or API/tool documentation.",2026-07-27,Observability | Ontology building
Review and restore changes,https://www.palantir.com/docs/foundry/ontology-manager/restore-changes/,Foundry & AIP,Ontology building,P1,"Current official capability navigation entry; subsystem detail, implementation guidance, or API/tool documentation.",2026-07-27,Ontology building
Save changes to the Ontology,https://www.palantir.com/docs/foundry/ontology-manager/save-changes/,Foundry & AIP,Ontology building,P1,"Current official capability navigation entry; subsystem detail, implementation guidance, or API/tool documentation.",2026-07-27,Ontology building
Viewing usage,https://www.palantir.com/docs/foundry/ontology-manager/view-usage/,Foundry & AIP,Ontology building,P1,"Current official capability navigation entry; subsystem detail, implementation guidance, or API/tool documentation.",2026-07-27,Ontology building
Authentication and authorization,https://www.palantir.com/docs/foundry/ontology-mcp/authentication-and-authorization/,Foundry & AIP,Developer toolchain,P1,"Current official capability navigation entry; subsystem detail, implementation guidance, or API/tool documentation.",2026-07-27,Developer toolchain
Debugging with MCP Inspector,https://www.palantir.com/docs/foundry/ontology-mcp/debugging-with-mcp-inspector/,Foundry & AIP,Developer toolchain,P1,"Current official capability navigation entry; subsystem detail, implementation guidance, or API/tool documentation.",2026-07-27,Developer toolchain
Example MCP workflows,https://www.palantir.com/docs/foundry/ontology-mcp/example-mcp-workflows/,Foundry & AIP,Developer toolchain,P1,"Current official capability navigation entry; subsystem detail, implementation guidance, or API/tool documentation.",2026-07-27,Developer toolchain
Ontology MCP — Getting Started,https://www.palantir.com/docs/foundry/ontology-mcp/getting-started/,Foundry & AIP,Developer toolchain,P1,"Current official capability navigation entry; subsystem detail, implementation guidance, or API/tool documentation.",2026-07-27,Developer toolchain
MCP tools and agent configuration,https://www.palantir.com/docs/foundry/ontology-mcp/mcp-tools-and-agent-configuration/,Foundry & AIP,Developer toolchain,P1,"Current official capability navigation entry; subsystem detail, implementation guidance, or API/tool documentation.",2026-07-27,Developer toolchain
Ontology MCP (OMCP),https://www.palantir.com/docs/foundry/ontology-mcp/overview/,Foundry & AIP,Developer toolchain,P1,"Current official capability navigation entry; subsystem detail, implementation guidance, or API/tool documentation.",2026-07-27,Developer toolchain
Sample architecture,https://www.palantir.com/docs/foundry/ontology-mcp/sample-architecture/,Foundry & AIP,Developer toolchain,P1,"Current official capability navigation entry; subsystem detail, implementation guidance, or API/tool documentation.",2026-07-27,Developer toolchain
Architecture and configuration,https://www.palantir.com/docs/foundry/ontology-sdk-react-applications/advanced-todo-application-architecture/,Foundry & AIP,Use case development,P1,"Current official capability navigation entry; subsystem detail, implementation guidance, or API/tool documentation.",2026-07-27,Use case development
Build an advanced to-do application with OSDK,https://www.palantir.com/docs/foundry/ontology-sdk-react-applications/advanced-todo-application-overview/,Foundry & AIP,Use case development,P1,"Current official capability navigation entry; subsystem detail, implementation guidance, or API/tool documentation.",2026-07-27,Use case development
Development environment,https://www.palantir.com/docs/foundry/ontology-sdk-react-applications/development/,Foundry & AIP,Use case development,P1,"Current official capability navigation entry; subsystem detail, implementation guidance, or API/tool documentation.",2026-07-27,Use case development
build React applications,https://www.palantir.com/docs/foundry/ontology-sdk-react-applications/overview/,Foundry & AIP,Cross-capability / platform,P1,"Current official capability navigation entry; subsystem detail, implementation guidance, or API/tool documentation.",2026-07-27,Developer toolchain | Use case development
Troubleshooting,https://www.palantir.com/docs/foundry/ontology-sdk-react-applications/troubleshooting/,Foundry & AIP,Use case development,P2,"Current official navigation entry retained for completeness; specialized, lifecycle-warning, or reference material.",2026-07-27,Use case development
UseAdmin hook,https://www.palantir.com/docs/foundry/ontology-sdk-react-applications/useadmin-hook/,Foundry & AIP,Use case development,P1,"Current official capability navigation entry; subsystem detail, implementation guidance, or API/tool documentation.",2026-07-27,Use case development
UseAdmin reference,https://www.palantir.com/docs/foundry/ontology-sdk-react-applications/useadmin-tsx/,Foundry & AIP,Use case development,P1,"Current official capability navigation entry; subsystem detail, implementation guidance, or API/tool documentation.",2026-07-27,Use case development
UseCodingTask hook,https://www.palantir.com/docs/foundry/ontology-sdk-react-applications/usecodingtask-hook/,Foundry & AIP,Use case development,P1,"Current official capability navigation entry; subsystem detail, implementation guidance, or API/tool documentation.",2026-07-27,Use case development
UseCodingTask reference,https://www.palantir.com/docs/foundry/ontology-sdk-react-applications/usecodingtask-tsx/,Foundry & AIP,Use case development,P1,"Current official capability navigation entry; subsystem detail, implementation guidance, or API/tool documentation.",2026-07-27,Use case development
UseLearningTask hook,https://www.palantir.com/docs/foundry/ontology-sdk-react-applications/uselearningtask-hook/,Foundry & AIP,Use case development,P1,"Current official capability navigation entry; subsystem detail, implementation guidance, or API/tool documentation.",2026-07-27,Use case development
UseLearningTask reference,https://www.palantir.com/docs/foundry/ontology-sdk-react-applications/uselearningtask-tsx/,Foundry & AIP,Use case development,P1,"Current official capability navigation entry; subsystem detail, implementation guidance, or API/tool documentation.",2026-07-27,Use case development
UseProjects hook,https://www.palantir.com/docs/foundry/ontology-sdk-react-applications/useprojects-hook/,Foundry & AIP,Use case development,P1,"Current official capability navigation entry; subsystem detail, implementation guidance, or API/tool documentation.",2026-07-27,Use case development
UseProjects reference,https://www.palantir.com/docs/foundry/ontology-sdk-react-applications/useprojects-tsx/,Foundry & AIP,Use case development,P1,"Current official capability navigation entry; subsystem detail, implementation guidance, or API/tool documentation.",2026-07-27,Use case development
UseTasks hook,https://www.palantir.com/docs/foundry/ontology-sdk-react-applications/usetasks-hook/,Foundry & AIP,Use case development,P1,"Current official capability navigation entry; subsystem detail, implementation guidance, or API/tool documentation.",2026-07-27,Use case development
UseTasks reference,https://www.palantir.com/docs/foundry/ontology-sdk-react-applications/usetasks-tsx/,Foundry & AIP,Use case development,P1,"Current official capability navigation entry; subsystem detail, implementation guidance, or API/tool documentation.",2026-07-27,Use case development
Add an OSDK to a bootstrapped repository,https://www.palantir.com/docs/foundry/ontology-sdk/add-osdk-to-bootstrapped-repository/,Foundry & AIP,Developer toolchain,P1,"Current official capability navigation entry; subsystem detail, implementation guidance, or API/tool documentation.",2026-07-27,Developer toolchain
Generate OSDK for other languages,https://www.palantir.com/docs/foundry/ontology-sdk/generate-osdk-for-other-languages/,Foundry & AIP,Developer toolchain,P1,"Current official capability navigation entry; subsystem detail, implementation guidance, or API/tool documentation.",2026-07-27,Developer toolchain
Java OSDK,https://www.palantir.com/docs/foundry/ontology-sdk/java-osdk/,Foundry & AIP,Developer toolchain,P1,"Current official capability navigation entry; subsystem detail, implementation guidance, or API/tool documentation.",2026-07-27,Developer toolchain
Learn more about Ontology SDK.,https://www.palantir.com/docs/foundry/ontology-sdk/overview/,Foundry & AIP,Cross-capability / platform,P0,Official architectural spine or core ontology lifecycle page; reviewed directly in the research synthesis.,2026-07-27,Developer toolchain | Use case development
Python OSDK migration guide,https://www.palantir.com/docs/foundry/ontology-sdk/python-osdk-migration/,Foundry & AIP,Developer toolchain,P1,"Current official capability navigation entry; subsystem detail, implementation guidance, or API/tool documentation.",2026-07-27,Developer toolchain
Python OSDK,https://www.palantir.com/docs/foundry/ontology-sdk/python-osdk/,Foundry & AIP,Developer toolchain,P1,"Current official capability navigation entry; subsystem detail, implementation guidance, or API/tool documentation.",2026-07-27,Developer toolchain
TypeScript OSDK migration guide,https://www.palantir.com/docs/foundry/ontology-sdk/typescript-osdk-migration/,Foundry & AIP,Developer toolchain,P1,"Current official capability navigation entry; subsystem detail, implementation guidance, or API/tool documentation.",2026-07-27,Developer toolchain
Unit testing TypeScript OSDK code,https://www.palantir.com/docs/foundry/ontology-sdk/typescript-osdk-testing/,Foundry & AIP,Developer toolchain,P1,"Current official capability navigation entry; subsystem detail, implementation guidance, or API/tool documentation.",2026-07-27,Developer toolchain
TypeScript OSDK,https://www.palantir.com/docs/foundry/ontology-sdk/typescript-osdk/,Foundry & AIP,Developer toolchain,P1,"Current official capability navigation entry; subsystem detail, implementation guidance, or API/tool documentation.",2026-07-27,Developer toolchain
Subscribe to Ontology changes with the TypeScript OSDK,https://www.palantir.com/docs/foundry/ontology-sdk/typescript-subscriptions/,Foundry & AIP,Developer toolchain,P1,"Current official capability navigation entry; subsystem detail, implementation guidance, or API/tool documentation.",2026-07-27,Developer toolchain
Unsupported types for OSDK,https://www.palantir.com/docs/foundry/ontology-sdk/unsupported-types/,Foundry & AIP,Developer toolchain,P1,"Current official capability navigation entry; subsystem detail, implementation guidance, or API/tool documentation.",2026-07-27,Developer toolchain
Subscribe to Ontology changes via WebSocket,https://www.palantir.com/docs/foundry/ontology-sdk/websocket-subscriptions/,Foundry & AIP,Developer toolchain,P1,"Current official capability navigation entry; subsystem detail, implementation guidance, or API/tool documentation.",2026-07-27,Developer toolchain
Process multimodal and embedding models,https://www.palantir.com/docs/foundry/ontology/aip-multimodal-and-embedding-models/,Foundry & AIP,Ontology building,P1,"Current official capability navigation entry; subsystem detail, implementation guidance, or API/tool documentation.",2026-07-27,Ontology building
Learn more about how to leverage the Ontology in user-facing applications.,https://www.palantir.com/docs/foundry/ontology/applications/,Foundry & AIP,Ontology building,P1,"Current official capability navigation entry; subsystem detail, implementation guidance, or API/tool documentation.",2026-07-27,Ontology building
Ontology — Core Concepts,https://www.palantir.com/docs/foundry/ontology/core-concepts/,Foundry & AIP,Ontology building,P0,"Official definitions for objects, properties, links, actions, functions, interfaces, shared properties, and roles.",2026-07-27,Ontology building
Derived properties,https://www.palantir.com/docs/foundry/ontology/derived-properties/,Foundry & AIP,Ontology building,P1,"Current official capability navigation entry; subsystem detail, implementation guidance, or API/tool documentation.",2026-07-27,Ontology building
Document processing,https://www.palantir.com/docs/foundry/ontology/document-processing/,Foundry & AIP,Ontology building,P1,"Current official capability navigation entry; subsystem detail, implementation guidance, or API/tool documentation.",2026-07-27,Ontology building
Merge scenarios,https://www.palantir.com/docs/foundry/ontology/merge-scenario/,Foundry & AIP,Ontology building,P1,"Current official capability navigation entry; subsystem detail, implementation guidance, or API/tool documentation.",2026-07-27,Ontology building
Models in the Ontology,https://www.palantir.com/docs/foundry/ontology/models/,Foundry & AIP,Ontology building,P1,"Current official capability navigation entry; subsystem detail, implementation guidance, or API/tool documentation.",2026-07-27,Ontology building
Ontology design: Anti-patterns,https://www.palantir.com/docs/foundry/ontology/ontology-anti-patterns/,Foundry & AIP,Ontology building,P0,Official architectural spine or core ontology lifecycle page; reviewed directly in the research synthesis.,2026-07-27,Ontology building
Ontology augmented generation,https://www.palantir.com/docs/foundry/ontology/ontology-augmented-generation/,Foundry & AIP,Ontology building,P1,"Current official capability navigation entry; subsystem detail, implementation guidance, or API/tool documentation.",2026-07-27,Ontology building
Ontology design: Best practices,https://www.palantir.com/docs/foundry/ontology/ontology-best-practices/,Foundry & AIP,Ontology building,P0,Official architectural spine or core ontology lifecycle page; reviewed directly in the research synthesis.,2026-07-27,Ontology building
Ontology design: Structural guidance,https://www.palantir.com/docs/foundry/ontology/ontology-structural-guidance/,Foundry & AIP,Ontology building,P0,Official architectural spine or core ontology lifecycle page; reviewed directly in the research synthesis.,2026-07-27,Ontology building
Use scenarios with OSDK,https://www.palantir.com/docs/foundry/ontology/osdk-scenario/,Foundry & AIP,Ontology building,P1,"Current official capability navigation entry; subsystem detail, implementation guidance, or API/tool documentation.",2026-07-27,Ontology building
Ontology — Overview,https://www.palantir.com/docs/foundry/ontology/overview-ontology-scenario/,Foundry & AIP,Ontology building,P1,"Current official capability navigation entry; subsystem detail, implementation guidance, or API/tool documentation.",2026-07-27,Ontology building
Ontology — Overview,https://www.palantir.com/docs/foundry/ontology/overview-semantic-search/,Foundry & AIP,Ontology building,P1,"Current official capability navigation entry; subsystem detail, implementation guidance, or API/tool documentation.",2026-07-27,Ontology building
Learn more about the Ontology,https://www.palantir.com/docs/foundry/ontology/overview/,Foundry & AIP,Ontology building,P0,"Official Ontology overview: operational layer and digital twin spanning data, logic, actions, and applications.",2026-07-27,AI Platform (AIP) | Analytics | Data connectivity & integration | Developer toolchain | Management & enablement | Model connectivity & development | Observability | Ontology building | Product delivery | Security & governance | Use case development
Store scenario metadata as objects,https://www.palantir.com/docs/foundry/ontology/persisted-scenario/,Foundry & AIP,Ontology building,P1,"Current official capability navigation entry; subsystem detail, implementation guidance, or API/tool documentation.",2026-07-27,Ontology building
Search syntax,https://www.palantir.com/docs/foundry/ontology/search-syntax/,Foundry & AIP,Ontology building,P1,"Current official capability navigation entry; subsystem detail, implementation guidance, or API/tool documentation.",2026-07-27,Ontology building
Temporary scenarios,https://www.palantir.com/docs/foundry/ontology/temporary-scenario/,Foundry & AIP,Ontology building,P1,"Current official capability navigation entry; subsystem detail, implementation guidance, or API/tool documentation.",2026-07-27,Ontology building
Use custom models to create a semantic search workflow,https://www.palantir.com/docs/foundry/ontology/using-custom-models-to-create-a-semantic-search-workflow/,Foundry & AIP,Ontology building,P1,"Current official capability navigation entry; subsystem detail, implementation guidance, or API/tool documentation.",2026-07-27,Ontology building
Use Palantir-provided models to create a semantic search workflow,https://www.palantir.com/docs/foundry/ontology/using-palantir-provided-models-to-create-a-semantic-search-workflow/,Foundry & AIP,Ontology building,P1,"Current official capability navigation entry; subsystem detail, implementation guidance, or API/tool documentation.",2026-07-27,Ontology building
Why create an Ontology?,https://www.palantir.com/docs/foundry/ontology/why-ontology/,Foundry & AIP,Ontology building,P1,"Current official capability navigation entry; subsystem detail, implementation guidance, or API/tool documentation.",2026-07-27,Ontology building
Apply Spark profiles,https://www.palantir.com/docs/foundry/optimizing-pipelines/apply-spark-profiles/,Foundry & AIP,Data connectivity & integration,P1,"Current official capability navigation entry; subsystem detail, implementation guidance, or API/tool documentation.",2026-07-27,Data connectivity & integration
Debug a failing job,https://www.palantir.com/docs/foundry/optimizing-pipelines/debug-job/,Foundry & AIP,Data connectivity & integration,P1,"Current official capability navigation entry; subsystem detail, implementation guidance, or API/tool documentation.",2026-07-27,Data connectivity & integration
Debug a failing pipeline,https://www.palantir.com/docs/foundry/optimizing-pipelines/debug-pipeline/,Foundry & AIP,Data connectivity & integration,P1,"Current official capability navigation entry; subsystem detail, implementation guidance, or API/tool documentation.",2026-07-27,Data connectivity & integration
Debug a failing stream,https://www.palantir.com/docs/foundry/optimizing-pipelines/debug-stream/,Foundry & AIP,Data connectivity & integration,P1,"Current official capability navigation entry; subsystem detail, implementation guidance, or API/tool documentation.",2026-07-27,Data connectivity & integration
Optimizing Pipelines — Overview,https://www.palantir.com/docs/foundry/optimizing-pipelines/hive-style-partitioning/,Foundry & AIP,Data connectivity & integration,P1,"Current official capability navigation entry; subsystem detail, implementation guidance, or API/tool documentation.",2026-07-27,Data connectivity & integration
Managed profiles,https://www.palantir.com/docs/foundry/optimizing-pipelines/managed-profiles/,Foundry & AIP,Data connectivity & integration,P1,"Current official capability navigation entry; subsystem detail, implementation guidance, or API/tool documentation.",2026-07-27,Data connectivity & integration
Native acceleration,https://www.palantir.com/docs/foundry/optimizing-pipelines/native-acceleration/,Foundry & AIP,Data connectivity & integration,P1,"Current official capability navigation entry; subsystem detail, implementation guidance, or API/tool documentation.",2026-07-27,Data connectivity & integration
Optimizing Pipelines — Overview,https://www.palantir.com/docs/foundry/optimizing-pipelines/overview/,Foundry & AIP,Data connectivity & integration,P1,"Current official capability navigation entry; subsystem detail, implementation guidance, or API/tool documentation.",2026-07-27,Data connectivity & integration
Advanced details,https://www.palantir.com/docs/foundry/optimizing-pipelines/projections-advanced/,Foundry & AIP,Data connectivity & integration,P1,"Current official capability navigation entry; subsystem detail, implementation guidance, or API/tool documentation.",2026-07-27,Data connectivity & integration
Optimizing Pipelines — Overview,https://www.palantir.com/docs/foundry/optimizing-pipelines/projections-overview/,Foundry & AIP,Data connectivity & integration,P1,"Current official capability navigation entry; subsystem detail, implementation guidance, or API/tool documentation.",2026-07-27,Data connectivity & integration
Set up a projection,https://www.palantir.com/docs/foundry/optimizing-pipelines/projections-setup/,Foundry & AIP,Data connectivity & integration,P1,"Current official capability navigation entry; subsystem detail, implementation guidance, or API/tool documentation.",2026-07-27,Data connectivity & integration
Comparison with hive-style partitioning,https://www.palantir.com/docs/foundry/optimizing-pipelines/projections-vs-hive-style-partitioning/,Foundry & AIP,Data connectivity & integration,P1,"Current official capability navigation entry; subsystem detail, implementation guidance, or API/tool documentation.",2026-07-27,Data connectivity & integration
Optimizing Pipelines — Core Concepts,https://www.palantir.com/docs/foundry/optimizing-pipelines/spark-concepts/,Foundry & AIP,Data connectivity & integration,P1,"Current official capability navigation entry; subsystem detail, implementation guidance, or API/tool documentation.",2026-07-27,Data connectivity & integration
Spark optimization,https://www.palantir.com/docs/foundry/optimizing-pipelines/spark-optimization/,Foundry & AIP,Data connectivity & integration,P1,"Current official capability navigation entry; subsystem detail, implementation guidance, or API/tool documentation.",2026-07-27,Data connectivity & integration
Spark profiles reference,https://www.palantir.com/docs/foundry/optimizing-pipelines/spark-profiles-reference/,Foundry & AIP,Data connectivity & integration,P1,"Current official capability navigation entry; subsystem detail, implementation guidance, or API/tool documentation.",2026-07-27,Data connectivity & integration
Spark UI,https://www.palantir.com/docs/foundry/optimizing-pipelines/spark-ui/,Foundry & AIP,Data connectivity & integration,P1,"Current official capability navigation entry; subsystem detail, implementation guidance, or API/tool documentation.",2026-07-27,Data connectivity & integration
Troubleshoot out-of-memory errors,https://www.palantir.com/docs/foundry/optimizing-pipelines/troubleshoot-ooms/,Foundry & AIP,Data connectivity & integration,P1,"Current official capability navigation entry; subsystem detail, implementation guidance, or API/tool documentation.",2026-07-27,Data connectivity & integration
Troubleshooting schedules,https://www.palantir.com/docs/foundry/optimizing-pipelines/troubleshoot-schedules/,Foundry & AIP,Data connectivity & integration,P1,"Current official capability navigation entry; subsystem detail, implementation guidance, or API/tool documentation.",2026-07-27,Data connectivity & integration
Understand compute usage,https://www.palantir.com/docs/foundry/optimizing-pipelines/understand-compute/,Foundry & AIP,Data connectivity & integration,P1,"Current official capability navigation entry; subsystem detail, implementation guidance, or API/tool documentation.",2026-07-27,Data connectivity & integration
Understand Spark details,https://www.palantir.com/docs/foundry/optimizing-pipelines/understand-spark-details/,Foundry & AIP,Data connectivity & integration,P1,"Current official capability navigation entry; subsystem detail, implementation guidance, or API/tool documentation.",2026-07-27,Data connectivity & integration
Usage optimization,https://www.palantir.com/docs/foundry/optimizing-pipelines/usage-optimization/,Foundry & AIP,Data connectivity & integration,P1,"Current official capability navigation entry; subsystem detail, implementation guidance, or API/tool documentation.",2026-07-27,Data connectivity & integration
Active Preview,https://www.palantir.com/docs/foundry/palantir-extension-for-visual-studio-code/active-preview/,Foundry & AIP,Developer toolchain,P1,"Current official capability navigation entry; subsystem detail, implementation guidance, or API/tool documentation.",2026-07-27,Developer toolchain
Code-defined input filtering,https://www.palantir.com/docs/foundry/palantir-extension-for-visual-studio-code/code-defined-filtering/,Foundry & AIP,Developer toolchain,P1,"Current official capability navigation entry; subsystem detail, implementation guidance, or API/tool documentation.",2026-07-27,Developer toolchain
Debug transforms,https://www.palantir.com/docs/foundry/palantir-extension-for-visual-studio-code/debug-transforms/,Foundry & AIP,Developer toolchain,P1,"Current official capability navigation entry; subsystem detail, implementation guidance, or API/tool documentation.",2026-07-27,Developer toolchain
Environment debugger,https://www.palantir.com/docs/foundry/palantir-extension-for-visual-studio-code/environment-debugger/,Foundry & AIP,Developer toolchain,P1,"Current official capability navigation entry; subsystem detail, implementation guidance, or API/tool documentation.",2026-07-27,Developer toolchain
Feature list,https://www.palantir.com/docs/foundry/palantir-extension-for-visual-studio-code/extension-features/,Foundry & AIP,Developer toolchain,P1,"Current official capability navigation entry; subsystem detail, implementation guidance, or API/tool documentation.",2026-07-27,Developer toolchain
Palantir Extension For Visual Studio Code — Overview,https://www.palantir.com/docs/foundry/palantir-extension-for-visual-studio-code/overview/,Foundry & AIP,Developer toolchain,P1,"Current official capability navigation entry; subsystem detail, implementation guidance, or API/tool documentation.",2026-07-27,Developer toolchain
Python libraries,https://www.palantir.com/docs/foundry/palantir-extension-for-visual-studio-code/python-libraries/,Foundry & AIP,Developer toolchain,P1,"Current official capability navigation entry; subsystem detail, implementation guidance, or API/tool documentation.",2026-07-27,Developer toolchain
Security considerations for local development,https://www.palantir.com/docs/foundry/palantir-extension-for-visual-studio-code/security-considerations/,Foundry & AIP,Developer toolchain,P1,"Current official capability navigation entry; subsystem detail, implementation guidance, or API/tool documentation.",2026-07-27,Developer toolchain
Build transforms,https://www.palantir.com/docs/foundry/palantir-extension-for-visual-studio-code/transforms-build/,Foundry & AIP,Developer toolchain,P1,"Current official capability navigation entry; subsystem detail, implementation guidance, or API/tool documentation.",2026-07-27,Developer toolchain
Preview transforms,https://www.palantir.com/docs/foundry/palantir-extension-for-visual-studio-code/transforms-preview/,Foundry & AIP,Developer toolchain,P1,"Current official capability navigation entry; subsystem detail, implementation guidance, or API/tool documentation.",2026-07-27,Developer toolchain
Transforms type hints,https://www.palantir.com/docs/foundry/palantir-extension-for-visual-studio-code/transforms-type-hints/,Foundry & AIP,Developer toolchain,P1,"Current official capability navigation entry; subsystem detail, implementation guidance, or API/tool documentation.",2026-07-27,Developer toolchain
Available tools,https://www.palantir.com/docs/foundry/palantir-mcp/available-tools/,Foundry & AIP,Developer toolchain,P1,"Current official capability navigation entry; subsystem detail, implementation guidance, or API/tool documentation.",2026-07-27,Developer toolchain
Example MCP workflows,https://www.palantir.com/docs/foundry/palantir-mcp/example-mcp-workflows/,Foundry & AIP,Developer toolchain,P1,"Current official capability navigation entry; subsystem detail, implementation guidance, or API/tool documentation.",2026-07-27,Developer toolchain
Palantir MCP — Getting Started,https://www.palantir.com/docs/foundry/palantir-mcp/getting-started/,Foundry & AIP,Developer toolchain,P1,"Current official capability navigation entry; subsystem detail, implementation guidance, or API/tool documentation.",2026-07-27,Developer toolchain
Installation,https://www.palantir.com/docs/foundry/palantir-mcp/installation/,Foundry & AIP,Developer toolchain,P1,"Current official capability navigation entry; subsystem detail, implementation guidance, or API/tool documentation.",2026-07-27,Developer toolchain
Palantir MCP,https://www.palantir.com/docs/foundry/palantir-mcp/overview/,Foundry & AIP,Developer toolchain,P1,"Current official capability navigation entry; subsystem detail, implementation guidance, or API/tool documentation.",2026-07-27,Developer toolchain
Security,https://www.palantir.com/docs/foundry/palantir-mcp/security/,Foundry & AIP,Developer toolchain,P1,"Current official capability navigation entry; subsystem detail, implementation guidance, or API/tool documentation.",2026-07-27,Developer toolchain
Tool search,https://www.palantir.com/docs/foundry/palantir-mcp/tool-search/,Foundry & AIP,Developer toolchain,P1,"Current official capability navigation entry; subsystem detail, implementation guidance, or API/tool documentation.",2026-07-27,Developer toolchain
Convert geocentric coordinates to WGS 84 geodesic coordinates,https://www.palantir.com/docs/foundry/pb-functions-expression/GeocentricToGeodesicV1/,Foundry & AIP,Data connectivity & integration,P1,"Current official capability navigation entry; subsystem detail, implementation guidance, or API/tool documentation.",2026-07-27,Data connectivity & integration
Convert to hexadecimal,https://www.palantir.com/docs/foundry/pb-functions-expression/HexV1/,Foundry & AIP,Data connectivity & integration,P1,"Current official capability navigation entry; subsystem detail, implementation guidance, or API/tool documentation.",2026-07-27,Data connectivity & integration
Convert from hexadecimal to string,https://www.palantir.com/docs/foundry/pb-functions-expression/UnhexToStringV1/,Foundry & AIP,Data connectivity & integration,P1,"Current official capability navigation entry; subsystem detail, implementation guidance, or API/tool documentation.",2026-07-27,Data connectivity & integration
Convert from hexadecimal,https://www.palantir.com/docs/foundry/pb-functions-expression/UnhexV1/,Foundry & AIP,Data connectivity & integration,P1,"Current official capability navigation entry; subsystem detail, implementation guidance, or API/tool documentation.",2026-07-27,Data connectivity & integration
Absolute value,https://www.palantir.com/docs/foundry/pb-functions-expression/absV1/,Foundry & AIP,Data connectivity & integration,P1,"Current official capability navigation entry; subsystem detail, implementation guidance, or API/tool documentation.",2026-07-27,Data connectivity & integration
Add or update map,https://www.palantir.com/docs/foundry/pb-functions-expression/addOrUpdateMapEntryV1/,Foundry & AIP,Data connectivity & integration,P1,"Current official capability navigation entry; subsystem detail, implementation guidance, or API/tool documentation.",2026-07-27,Data connectivity & integration
Add or update struct field,https://www.palantir.com/docs/foundry/pb-functions-expression/addOrUpdateStructFieldV1/,Foundry & AIP,Data connectivity & integration,P1,"Current official capability navigation entry; subsystem detail, implementation guidance, or API/tool documentation.",2026-07-27,Data connectivity & integration
Add numbers,https://www.palantir.com/docs/foundry/pb-functions-expression/addV2/,Foundry & AIP,Data connectivity & integration,P1,"Current official capability navigation entry; subsystem detail, implementation guidance, or API/tool documentation.",2026-07-27,Data connectivity & integration
All array elements satisfy,https://www.palantir.com/docs/foundry/pb-functions-expression/allArrayElementsSatisfyV1/,Foundry & AIP,Data connectivity & integration,P1,"Current official capability navigation entry; subsystem detail, implementation guidance, or API/tool documentation.",2026-07-27,Data connectivity & integration
All of,https://www.palantir.com/docs/foundry/pb-functions-expression/allOfV2/,Foundry & AIP,Data connectivity & integration,P1,"Current official capability navigation entry; subsystem detail, implementation guidance, or API/tool documentation.",2026-07-27,Data connectivity & integration
And,https://www.palantir.com/docs/foundry/pb-functions-expression/andV1/,Foundry & AIP,Data connectivity & integration,P1,"Current official capability navigation entry; subsystem detail, implementation guidance, or API/tool documentation.",2026-07-27,Data connectivity & integration
Any array element satisfy,https://www.palantir.com/docs/foundry/pb-functions-expression/anyArrayElementSatisfyV1/,Foundry & AIP,Data connectivity & integration,P1,"Current official capability navigation entry; subsystem detail, implementation guidance, or API/tool documentation.",2026-07-27,Data connectivity & integration
Any of,https://www.palantir.com/docs/foundry/pb-functions-expression/anyOfV1/,Foundry & AIP,Data connectivity & integration,P1,"Current official capability navigation entry; subsystem detail, implementation guidance, or API/tool documentation.",2026-07-27,Data connectivity & integration
Approximate median,https://www.palantir.com/docs/foundry/pb-functions-expression/approxMedianV1/,Foundry & AIP,Data connectivity & integration,P1,"Current official capability navigation entry; subsystem detail, implementation guidance, or API/tool documentation.",2026-07-27,Data connectivity & integration
Approximate percentile,https://www.palantir.com/docs/foundry/pb-functions-expression/approximatePercentileV1/,Foundry & AIP,Data connectivity & integration,P1,"Current official capability navigation entry; subsystem detail, implementation guidance, or API/tool documentation.",2026-07-27,Data connectivity & integration
Arccos,https://www.palantir.com/docs/foundry/pb-functions-expression/arccosV1/,Foundry & AIP,Data connectivity & integration,P1,"Current official capability navigation entry; subsystem detail, implementation guidance, or API/tool documentation.",2026-07-27,Data connectivity & integration
Arcsin,https://www.palantir.com/docs/foundry/pb-functions-expression/arcsinV1/,Foundry & AIP,Data connectivity & integration,P1,"Current official capability navigation entry; subsystem detail, implementation guidance, or API/tool documentation.",2026-07-27,Data connectivity & integration
Arctan2,https://www.palantir.com/docs/foundry/pb-functions-expression/arctan2V1/,Foundry & AIP,Data connectivity & integration,P1,"Current official capability navigation entry; subsystem detail, implementation guidance, or API/tool documentation.",2026-07-27,Data connectivity & integration
Arctan,https://www.palantir.com/docs/foundry/pb-functions-expression/arctanV1/,Foundry & AIP,Data connectivity & integration,P1,"Current official capability navigation entry; subsystem detail, implementation guidance, or API/tool documentation.",2026-07-27,Data connectivity & integration
Area,https://www.palantir.com/docs/foundry/pb-functions-expression/areaV1/,Foundry & AIP,Data connectivity & integration,P1,"Current official capability navigation entry; subsystem detail, implementation guidance, or API/tool documentation.",2026-07-27,Data connectivity & integration
Array add,https://www.palantir.com/docs/foundry/pb-functions-expression/arrayAddV1/,Foundry & AIP,Data connectivity & integration,P1,"Current official capability navigation entry; subsystem detail, implementation guidance, or API/tool documentation.",2026-07-27,Data connectivity & integration
Array concat,https://www.palantir.com/docs/foundry/pb-functions-expression/arrayConcatV1/,Foundry & AIP,Data connectivity & integration,P1,"Current official capability navigation entry; subsystem detail, implementation guidance, or API/tool documentation.",2026-07-27,Data connectivity & integration
Array contains null,https://www.palantir.com/docs/foundry/pb-functions-expression/arrayContainsNullV1/,Foundry & AIP,Data connectivity & integration,P1,"Current official capability navigation entry; subsystem detail, implementation guidance, or API/tool documentation.",2026-07-27,Data connectivity & integration
Array contains,https://www.palantir.com/docs/foundry/pb-functions-expression/arrayContainsV1/,Foundry & AIP,Data connectivity & integration,P1,"Current official capability navigation entry; subsystem detail, implementation guidance, or API/tool documentation.",2026-07-27,Data connectivity & integration
Array difference,https://www.palantir.com/docs/foundry/pb-functions-expression/arrayDifferenceV1/,Foundry & AIP,Data connectivity & integration,P1,"Current official capability navigation entry; subsystem detail, implementation guidance, or API/tool documentation.",2026-07-27,Data connectivity & integration
Array distinct,https://www.palantir.com/docs/foundry/pb-functions-expression/arrayDistinctV1/,Foundry & AIP,Data connectivity & integration,P1,"Current official capability navigation entry; subsystem detail, implementation guidance, or API/tool documentation.",2026-07-27,Data connectivity & integration
Array element,https://www.palantir.com/docs/foundry/pb-functions-expression/arrayElementV1/,Foundry & AIP,Data connectivity & integration,P1,"Current official capability navigation entry; subsystem detail, implementation guidance, or API/tool documentation.",2026-07-27,Data connectivity & integration
Array flatten,https://www.palantir.com/docs/foundry/pb-functions-expression/arrayFlattenV2/,Foundry & AIP,Data connectivity & integration,P1,"Current official capability navigation entry; subsystem detail, implementation guidance, or API/tool documentation.",2026-07-27,Data connectivity & integration
Array intersect,https://www.palantir.com/docs/foundry/pb-functions-expression/arrayIntersectV1/,Foundry & AIP,Data connectivity & integration,P1,"Current official capability navigation entry; subsystem detail, implementation guidance, or API/tool documentation.",2026-07-27,Data connectivity & integration
Join array,https://www.palantir.com/docs/foundry/pb-functions-expression/arrayJoinV1/,Foundry & AIP,Data connectivity & integration,P1,"Current official capability navigation entry; subsystem detail, implementation guidance, or API/tool documentation.",2026-07-27,Data connectivity & integration
Array maximum,https://www.palantir.com/docs/foundry/pb-functions-expression/arrayMaxV1/,Foundry & AIP,Data connectivity & integration,P1,"Current official capability navigation entry; subsystem detail, implementation guidance, or API/tool documentation.",2026-07-27,Data connectivity & integration
Array minimum,https://www.palantir.com/docs/foundry/pb-functions-expression/arrayMinV1/,Foundry & AIP,Data connectivity & integration,P1,"Current official capability navigation entry; subsystem detail, implementation guidance, or API/tool documentation.",2026-07-27,Data connectivity & integration
Array position,https://www.palantir.com/docs/foundry/pb-functions-expression/arrayPositionV1/,Foundry & AIP,Data connectivity & integration,P1,"Current official capability navigation entry; subsystem detail, implementation guidance, or API/tool documentation.",2026-07-27,Data connectivity & integration
Array remove,https://www.palantir.com/docs/foundry/pb-functions-expression/arrayRemoveV1/,Foundry & AIP,Data connectivity & integration,P1,"Current official capability navigation entry; subsystem detail, implementation guidance, or API/tool documentation.",2026-07-27,Data connectivity & integration
Array repeat,https://www.palantir.com/docs/foundry/pb-functions-expression/arrayRepeatV1/,Foundry & AIP,Data connectivity & integration,P1,"Current official capability navigation entry; subsystem detail, implementation guidance, or API/tool documentation.",2026-07-27,Data connectivity & integration
Array reverse,https://www.palantir.com/docs/foundry/pb-functions-expression/arrayReverseV1/,Foundry & AIP,Data connectivity & integration,P1,"Current official capability navigation entry; subsystem detail, implementation guidance, or API/tool documentation.",2026-07-27,Data connectivity & integration
Slice array,https://www.palantir.com/docs/foundry/pb-functions-expression/arraySliceV1/,Foundry & AIP,Data connectivity & integration,P1,"Current official capability navigation entry; subsystem detail, implementation guidance, or API/tool documentation.",2026-07-27,Data connectivity & integration
Array sort by struct key,https://www.palantir.com/docs/foundry/pb-functions-expression/arraySortByKeyV2/,Foundry & AIP,Data connectivity & integration,P1,"Current official capability navigation entry; subsystem detail, implementation guidance, or API/tool documentation.",2026-07-27,Data connectivity & integration
Array sort,https://www.palantir.com/docs/foundry/pb-functions-expression/arraySortV1/,Foundry & AIP,Data connectivity & integration,P1,"Current official capability navigation entry; subsystem detail, implementation guidance, or API/tool documentation.",2026-07-27,Data connectivity & integration
Sum of array elements,https://www.palantir.com/docs/foundry/pb-functions-expression/arraySumV1/,Foundry & AIP,Data connectivity & integration,P1,"Current official capability navigation entry; subsystem detail, implementation guidance, or API/tool documentation.",2026-07-27,Data connectivity & integration
Array union,https://www.palantir.com/docs/foundry/pb-functions-expression/arrayUnionV1/,Foundry & AIP,Data connectivity & integration,P1,"Current official capability navigation entry; subsystem detail, implementation guidance, or API/tool documentation.",2026-07-27,Data connectivity & integration
Array cartesian product,https://www.palantir.com/docs/foundry/pb-functions-expression/arraysCartesianProductV1/,Foundry & AIP,Data connectivity & integration,P1,"Current official capability navigation entry; subsystem detail, implementation guidance, or API/tool documentation.",2026-07-27,Data connectivity & integration
Arrays have intersection,https://www.palantir.com/docs/foundry/pb-functions-expression/arraysHaveIntersectionV1/,Foundry & AIP,Data connectivity & integration,P1,"Current official capability navigation entry; subsystem detail, implementation guidance, or API/tool documentation.",2026-07-27,Data connectivity & integration
Arrays zip,https://www.palantir.com/docs/foundry/pb-functions-expression/arraysZipV1/,Foundry & AIP,Data connectivity & integration,P1,"Current official capability navigation entry; subsystem detail, implementation guidance, or API/tool documentation.",2026-07-27,Data connectivity & integration
Transcribe audio into text,https://www.palantir.com/docs/foundry/pb-functions-expression/audioTranscriptionV1/,Foundry & AIP,Data connectivity & integration,P1,"Current official capability navigation entry; subsystem detail, implementation guidance, or API/tool documentation.",2026-07-27,Data connectivity & integration
Base 64 decode to string,https://www.palantir.com/docs/foundry/pb-functions-expression/base64DecodeToStringV1/,Foundry & AIP,Data connectivity & integration,P1,"Current official capability navigation entry; subsystem detail, implementation guidance, or API/tool documentation.",2026-07-27,Data connectivity & integration
Base64 decode,https://www.palantir.com/docs/foundry/pb-functions-expression/base64DecodeV1/,Foundry & AIP,Data connectivity & integration,P1,"Current official capability navigation entry; subsystem detail, implementation guidance, or API/tool documentation.",2026-07-27,Data connectivity & integration
Base64 encode,https://www.palantir.com/docs/foundry/pb-functions-expression/base64EncodeV1/,Foundry & AIP,Data connectivity & integration,P1,"Current official capability navigation entry; subsystem detail, implementation guidance, or API/tool documentation.",2026-07-27,Data connectivity & integration
Bit shift left,https://www.palantir.com/docs/foundry/pb-functions-expression/bitShiftLeftV1/,Foundry & AIP,Data connectivity & integration,P1,"Current official capability navigation entry; subsystem detail, implementation guidance, or API/tool documentation.",2026-07-27,Data connectivity & integration
Bit shift right,https://www.palantir.com/docs/foundry/pb-functions-expression/bitShiftRightV1/,Foundry & AIP,Data connectivity & integration,P1,"Current official capability navigation entry; subsystem detail, implementation guidance, or API/tool documentation.",2026-07-27,Data connectivity & integration
Case,https://www.palantir.com/docs/foundry/pb-functions-expression/caseV2/,Foundry & AIP,Data connectivity & integration,P1,"Current official capability navigation entry; subsystem detail, implementation guidance, or API/tool documentation.",2026-07-27,Data connectivity & integration
Cast media schema,https://www.palantir.com/docs/foundry/pb-functions-expression/castMediaSchemaV1/,Foundry & AIP,Data connectivity & integration,P1,"Current official capability navigation entry; subsystem detail, implementation guidance, or API/tool documentation.",2026-07-27,Data connectivity & integration
Cast,https://www.palantir.com/docs/foundry/pb-functions-expression/castV2/,Foundry & AIP,Data connectivity & integration,P1,"Current official capability navigation entry; subsystem detail, implementation guidance, or API/tool documentation.",2026-07-27,Data connectivity & integration
Parse classification string,https://www.palantir.com/docs/foundry/pb-functions-expression/cbacStringToGroupNamesV3/,Foundry & AIP,Data connectivity & integration,P1,"Current official capability navigation entry; subsystem detail, implementation guidance, or API/tool documentation.",2026-07-27,Data connectivity & integration
Ceil,https://www.palantir.com/docs/foundry/pb-functions-expression/ceilV1/,Foundry & AIP,Data connectivity & integration,P1,"Current official capability navigation entry; subsystem detail, implementation guidance, or API/tool documentation.",2026-07-27,Data connectivity & integration
Change timestamp time zone,https://www.palantir.com/docs/foundry/pb-functions-expression/changeTimestampTimeZoneV1/,Foundry & AIP,Data connectivity & integration,P1,"Current official capability navigation entry; subsystem detail, implementation guidance, or API/tool documentation.",2026-07-27,Data connectivity & integration
Chunk string,https://www.palantir.com/docs/foundry/pb-functions-expression/chunkStringV1/,Foundry & AIP,Data connectivity & integration,P1,"Current official capability navigation entry; subsystem detail, implementation guidance, or API/tool documentation.",2026-07-27,Data connectivity & integration
Cipher decrypt,https://www.palantir.com/docs/foundry/pb-functions-expression/cipherDecryptV1/,Foundry & AIP,Data connectivity & integration,P1,"Current official capability navigation entry; subsystem detail, implementation guidance, or API/tool documentation.",2026-07-27,Data connectivity & integration
Cipher encrypt,https://www.palantir.com/docs/foundry/pb-functions-expression/cipherEncryptV1/,Foundry & AIP,Data connectivity & integration,P1,"Current official capability navigation entry; subsystem detail, implementation guidance, or API/tool documentation.",2026-07-27,Data connectivity & integration
Cipher hash,https://www.palantir.com/docs/foundry/pb-functions-expression/cipherHashV1/,Foundry & AIP,Data connectivity & integration,P1,"Current official capability navigation entry; subsystem detail, implementation guidance, or API/tool documentation.",2026-07-27,Data connectivity & integration
Clean string,https://www.palantir.com/docs/foundry/pb-functions-expression/cleanStringV1/,Foundry & AIP,Data connectivity & integration,P1,"Current official capability navigation entry; subsystem detail, implementation guidance, or API/tool documentation.",2026-07-27,Data connectivity & integration
Collect array,https://www.palantir.com/docs/foundry/pb-functions-expression/collectArrayV1/,Foundry & AIP,Data connectivity & integration,P1,"Current official capability navigation entry; subsystem detail, implementation guidance, or API/tool documentation.",2026-07-27,Data connectivity & integration
Collect distinct array,https://www.palantir.com/docs/foundry/pb-functions-expression/collectDistinctArrayV1/,Foundry & AIP,Data connectivity & integration,P1,"Current official capability navigation entry; subsystem detail, implementation guidance, or API/tool documentation.",2026-07-27,Data connectivity & integration
Compact a set of H3 indices,https://www.palantir.com/docs/foundry/pb-functions-expression/compactH3SetV1/,Foundry & AIP,Data connectivity & integration,P1,"Current official capability navigation entry; subsystem detail, implementation guidance, or API/tool documentation.",2026-07-27,Data connectivity & integration
Concatenate strings,https://www.palantir.com/docs/foundry/pb-functions-expression/concatStringsV1/,Foundry & AIP,Data connectivity & integration,P1,"Current official capability navigation entry; subsystem detail, implementation guidance, or API/tool documentation.",2026-07-27,Data connectivity & integration
Construct delegated media Gotham identifier (GID),https://www.palantir.com/docs/foundry/pb-functions-expression/constructDelegatedMediaGidV1/,Foundry & AIP,Data connectivity & integration,P1,"Current official capability navigation entry; subsystem detail, implementation guidance, or API/tool documentation.",2026-07-27,Data connectivity & integration
Create GeoPoint,https://www.palantir.com/docs/foundry/pb-functions-expression/constructGeoPointV1/,Foundry & AIP,Data connectivity & integration,P1,"Current official capability navigation entry; subsystem detail, implementation guidance, or API/tool documentation.",2026-07-27,Data connectivity & integration
Create geotemporal series reference,https://www.palantir.com/docs/foundry/pb-functions-expression/constructGeotemporalSeriesReferenceV1/,Foundry & AIP,Data connectivity & integration,P1,"Current official capability navigation entry; subsystem detail, implementation guidance, or API/tool documentation.",2026-07-27,Data connectivity & integration
Convert between angle units,https://www.palantir.com/docs/foundry/pb-functions-expression/convertAngleV1/,Foundry & AIP,Data connectivity & integration,P1,"Current official capability navigation entry; subsystem detail, implementation guidance, or API/tool documentation.",2026-07-27,Data connectivity & integration
Convert base,https://www.palantir.com/docs/foundry/pb-functions-expression/convertBaseV1/,Foundry & AIP,Data connectivity & integration,P1,"Current official capability navigation entry; subsystem detail, implementation guidance, or API/tool documentation.",2026-07-27,Data connectivity & integration
Convert between distance units,https://www.palantir.com/docs/foundry/pb-functions-expression/convertDistanceV1/,Foundry & AIP,Data connectivity & integration,P1,"Current official capability navigation entry; subsystem detail, implementation guidance, or API/tool documentation.",2026-07-27,Data connectivity & integration
Convert legacy OffsetDateTime,https://www.palantir.com/docs/foundry/pb-functions-expression/convertLegacyOffsetDateTimeV1/,Foundry & AIP,Data connectivity & integration,P1,"Current official capability navigation entry; subsystem detail, implementation guidance, or API/tool documentation.",2026-07-27,Data connectivity & integration
Convert between time units,https://www.palantir.com/docs/foundry/pb-functions-expression/convertTimeV1/,Foundry & AIP,Data connectivity & integration,P1,"Current official capability navigation entry; subsystem detail, implementation guidance, or API/tool documentation.",2026-07-27,Data connectivity & integration
Convert between weight units,https://www.palantir.com/docs/foundry/pb-functions-expression/convertWeightV1/,Foundry & AIP,Data connectivity & integration,P1,"Current official capability navigation entry; subsystem detail, implementation guidance, or API/tool documentation.",2026-07-27,Data connectivity & integration
Cosine,https://www.palantir.com/docs/foundry/pb-functions-expression/cosineV1/,Foundry & AIP,Data connectivity & integration,P1,"Current official capability navigation entry; subsystem detail, implementation guidance, or API/tool documentation.",2026-07-27,Data connectivity & integration
Covariance,https://www.palantir.com/docs/foundry/pb-functions-expression/covarianceV1/,Foundry & AIP,Data connectivity & integration,P1,"Current official capability navigation entry; subsystem detail, implementation guidance, or API/tool documentation.",2026-07-27,Data connectivity & integration
Transcribe audio into JSON using CPU,https://www.palantir.com/docs/foundry/pb-functions-expression/cpuJsonAudioTranscriptionV1/,Foundry & AIP,Data connectivity & integration,P1,"Current official capability navigation entry; subsystem detail, implementation guidance, or API/tool documentation.",2026-07-27,Data connectivity & integration
Create array,https://www.palantir.com/docs/foundry/pb-functions-expression/createArrayV1/,Foundry & AIP,Data connectivity & integration,P1,"Current official capability navigation entry; subsystem detail, implementation guidance, or API/tool documentation.",2026-07-27,Data connectivity & integration
Create an empty array,https://www.palantir.com/docs/foundry/pb-functions-expression/createEmptyArrayV1/,Foundry & AIP,Data connectivity & integration,P1,"Current official capability navigation entry; subsystem detail, implementation guidance, or API/tool documentation.",2026-07-27,Data connectivity & integration
Create ellipse geometry,https://www.palantir.com/docs/foundry/pb-functions-expression/createGeoEllipseGeometryV1/,Foundry & AIP,Data connectivity & integration,P1,"Current official capability navigation entry; subsystem detail, implementation guidance, or API/tool documentation.",2026-07-27,Data connectivity & integration
Create linestring geometry,https://www.palantir.com/docs/foundry/pb-functions-expression/createGeoLineStringV1/,Foundry & AIP,Data connectivity & integration,P1,"Current official capability navigation entry; subsystem detail, implementation guidance, or API/tool documentation.",2026-07-27,Data connectivity & integration
Create GeoPoint from coordinate system,https://www.palantir.com/docs/foundry/pb-functions-expression/createGeoPointFromCoordinateSystemV1/,Foundry & AIP,Data connectivity & integration,P1,"Current official capability navigation entry; subsystem detail, implementation guidance, or API/tool documentation.",2026-07-27,Data connectivity & integration
Create range fan geometry,https://www.palantir.com/docs/foundry/pb-functions-expression/createGeoRangeFanGeometryV1/,Foundry & AIP,Data connectivity & integration,P1,"Current official capability navigation entry; subsystem detail, implementation guidance, or API/tool documentation.",2026-07-27,Data connectivity & integration
Create geodesic line string,https://www.palantir.com/docs/foundry/pb-functions-expression/createGeodesicLineStringV1/,Foundry & AIP,Data connectivity & integration,P1,"Current official capability navigation entry; subsystem detail, implementation guidance, or API/tool documentation.",2026-07-27,Data connectivity & integration
Create simple geometries from ordered rows of GeoPoints,https://www.palantir.com/docs/foundry/pb-functions-expression/createGeometryFromOrderedGeoPointRowsV1/,Foundry & AIP,Data connectivity & integration,P1,"Current official capability navigation entry; subsystem detail, implementation guidance, or API/tool documentation.",2026-07-27,Data connectivity & integration
Create null value,https://www.palantir.com/docs/foundry/pb-functions-expression/createNullValueV1/,Foundry & AIP,Data connectivity & integration,P1,"Current official capability navigation entry; subsystem detail, implementation guidance, or API/tool documentation.",2026-07-27,Data connectivity & integration
Convert to Ontology GeoPoint,https://www.palantir.com/docs/foundry/pb-functions-expression/createOntologyGeopointV1/,Foundry & AIP,Data connectivity & integration,P1,"Current official capability navigation entry; subsystem detail, implementation guidance, or API/tool documentation.",2026-07-27,Data connectivity & integration
Create time series reference values,https://www.palantir.com/docs/foundry/pb-functions-expression/createQualifiedTimeSeriesIdV1/,Foundry & AIP,Data connectivity & integration,P1,"Current official capability navigation entry; subsystem detail, implementation guidance, or API/tool documentation.",2026-07-27,Data connectivity & integration
Create struct column,https://www.palantir.com/docs/foundry/pb-functions-expression/createStructV2/,Foundry & AIP,Data connectivity & integration,P1,"Current official capability navigation entry; subsystem detail, implementation guidance, or API/tool documentation.",2026-07-27,Data connectivity & integration
Current date,https://www.palantir.com/docs/foundry/pb-functions-expression/currentDateV1/,Foundry & AIP,Data connectivity & integration,P1,"Current official capability navigation entry; subsystem detail, implementation guidance, or API/tool documentation.",2026-07-27,Data connectivity & integration
Current timestamp,https://www.palantir.com/docs/foundry/pb-functions-expression/currentTimestampV2/,Foundry & AIP,Data connectivity & integration,P1,"Current official capability navigation entry; subsystem detail, implementation guidance, or API/tool documentation.",2026-07-27,Data connectivity & integration
Add value to date,https://www.palantir.com/docs/foundry/pb-functions-expression/dateAddV2/,Foundry & AIP,Data connectivity & integration,P1,"Current official capability navigation entry; subsystem detail, implementation guidance, or API/tool documentation.",2026-07-27,Data connectivity & integration
Extract date part,https://www.palantir.com/docs/foundry/pb-functions-expression/datePartV1/,Foundry & AIP,Data connectivity & integration,P1,"Current official capability navigation entry; subsystem detail, implementation guidance, or API/tool documentation.",2026-07-27,Data connectivity & integration
Date sequence,https://www.palantir.com/docs/foundry/pb-functions-expression/dateSequenceV1/,Foundry & AIP,Data connectivity & integration,P1,"Current official capability navigation entry; subsystem detail, implementation guidance, or API/tool documentation.",2026-07-27,Data connectivity & integration
Subtract value from date,https://www.palantir.com/docs/foundry/pb-functions-expression/dateSubV2/,Foundry & AIP,Data connectivity & integration,P1,"Current official capability navigation entry; subsystem detail, implementation guidance, or API/tool documentation.",2026-07-27,Data connectivity & integration
Format date as string,https://www.palantir.com/docs/foundry/pb-functions-expression/dateToStringV2/,Foundry & AIP,Data connectivity & integration,P1,"Current official capability navigation entry; subsystem detail, implementation guidance, or API/tool documentation.",2026-07-27,Data connectivity & integration
Truncate date,https://www.palantir.com/docs/foundry/pb-functions-expression/dateTruncateV1/,Foundry & AIP,Data connectivity & integration,P1,"Current official capability navigation entry; subsystem detail, implementation guidance, or API/tool documentation.",2026-07-27,Data connectivity & integration
Decode,https://www.palantir.com/docs/foundry/pb-functions-expression/decodeV1/,Foundry & AIP,Data connectivity & integration,P1,"Current official capability navigation entry; subsystem detail, implementation guidance, or API/tool documentation.",2026-07-27,Data connectivity & integration
Dense rank,https://www.palantir.com/docs/foundry/pb-functions-expression/denseRankV1/,Foundry & AIP,Data connectivity & integration,P1,"Current official capability navigation entry; subsystem detail, implementation guidance, or API/tool documentation.",2026-07-27,Data connectivity & integration
Distinct count,https://www.palantir.com/docs/foundry/pb-functions-expression/distinctCountV1/,Foundry & AIP,Data connectivity & integration,P1,"Current official capability navigation entry; subsystem detail, implementation guidance, or API/tool documentation.",2026-07-27,Data connectivity & integration
Divide numbers,https://www.palantir.com/docs/foundry/pb-functions-expression/divideV1/,Foundry & AIP,Data connectivity & integration,P1,"Current official capability navigation entry; subsystem detail, implementation guidance, or API/tool documentation.",2026-07-27,Data connectivity & integration
Convert DMS to GeoPoint,https://www.palantir.com/docs/foundry/pb-functions-expression/dmsToGeoPointV1/,Foundry & AIP,Data connectivity & integration,P1,"Current official capability navigation entry; subsystem detail, implementation guidance, or API/tool documentation.",2026-07-27,Data connectivity & integration
Ends with,https://www.palantir.com/docs/foundry/pb-functions-expression/endsWithV1/,Foundry & AIP,Data connectivity & integration,P1,"Current official capability navigation entry; subsystem detail, implementation guidance, or API/tool documentation.",2026-07-27,Data connectivity & integration
Epoch milliseconds to date,https://www.palantir.com/docs/foundry/pb-functions-expression/epochMillisToDateV1/,Foundry & AIP,Data connectivity & integration,P1,"Current official capability navigation entry; subsystem detail, implementation guidance, or API/tool documentation.",2026-07-27,Data connectivity & integration
Epoch milliseconds to timestamp,https://www.palantir.com/docs/foundry/pb-functions-expression/epochMillisToTimestampV1/,Foundry & AIP,Data connectivity & integration,P1,"Current official capability navigation entry; subsystem detail, implementation guidance, or API/tool documentation.",2026-07-27,Data connectivity & integration
Epoch seconds to date,https://www.palantir.com/docs/foundry/pb-functions-expression/epochSecondsToDateV1/,Foundry & AIP,Data connectivity & integration,P1,"Current official capability navigation entry; subsystem detail, implementation guidance, or API/tool documentation.",2026-07-27,Data connectivity & integration
Epoch seconds to timestamp,https://www.palantir.com/docs/foundry/pb-functions-expression/epochSecondsToTimestampV1/,Foundry & AIP,Data connectivity & integration,P1,"Current official capability navigation entry; subsystem detail, implementation guidance, or API/tool documentation.",2026-07-27,Data connectivity & integration
Equals,https://www.palantir.com/docs/foundry/pb-functions-expression/equalsV1/,Foundry & AIP,Data connectivity & integration,P1,"Current official capability navigation entry; subsystem detail, implementation guidance, or API/tool documentation.",2026-07-27,Data connectivity & integration
Explode array,https://www.palantir.com/docs/foundry/pb-functions-expression/explodeArrayV1/,Foundry & AIP,Data connectivity & integration,P1,"Current official capability navigation entry; subsystem detail, implementation guidance, or API/tool documentation.",2026-07-27,Data connectivity & integration
Explode array with position,https://www.palantir.com/docs/foundry/pb-functions-expression/explodeArrayWithPositionV2/,Foundry & AIP,Data connectivity & integration,P1,"Current official capability navigation entry; subsystem detail, implementation guidance, or API/tool documentation.",2026-07-27,Data connectivity & integration
Explode map,https://www.palantir.com/docs/foundry/pb-functions-expression/explodeMapV1/,Foundry & AIP,Data connectivity & integration,P1,"Current official capability navigation entry; subsystem detail, implementation guidance, or API/tool documentation.",2026-07-27,Data connectivity & integration
Exponential,https://www.palantir.com/docs/foundry/pb-functions-expression/exponentialV1/,Foundry & AIP,Data connectivity & integration,P1,"Current official capability navigation entry; subsystem detail, implementation guidance, or API/tool documentation.",2026-07-27,Data connectivity & integration
Extract email body,https://www.palantir.com/docs/foundry/pb-functions-expression/extractEmailBodyV1/,Foundry & AIP,Data connectivity & integration,P1,"Current official capability navigation entry; subsystem detail, implementation guidance, or API/tool documentation.",2026-07-27,Data connectivity & integration
Extract map keys,https://www.palantir.com/docs/foundry/pb-functions-expression/extractMapKeysV1/,Foundry & AIP,Data connectivity & integration,P1,"Current official capability navigation entry; subsystem detail, implementation guidance, or API/tool documentation.",2026-07-27,Data connectivity & integration
Extract map values,https://www.palantir.com/docs/foundry/pb-functions-expression/extractMapValuesV1/,Foundry & AIP,Data connectivity & integration,P1,"Current official capability navigation entry; subsystem detail, implementation guidance, or API/tool documentation.",2026-07-27,Data connectivity & integration
Extract offset from legacy OffsetDateTime,https://www.palantir.com/docs/foundry/pb-functions-expression/extractOffsetFromLegacyOffsetDateTimeV1/,Foundry & AIP,Data connectivity & integration,P1,"Current official capability navigation entry; subsystem detail, implementation guidance, or API/tool documentation.",2026-07-27,Data connectivity & integration
Filter array elements,https://www.palantir.com/docs/foundry/pb-functions-expression/filterArrayElementV1/,Foundry & AIP,Data connectivity & integration,P1,"Current official capability navigation entry; subsystem detail, implementation guidance, or API/tool documentation.",2026-07-27,Data connectivity & integration
First non null value (coalesce),https://www.palantir.com/docs/foundry/pb-functions-expression/firstNonNullV1/,Foundry & AIP,Data connectivity & integration,P1,"Current official capability navigation entry; subsystem detail, implementation guidance, or API/tool documentation.",2026-07-27,Data connectivity & integration
First,https://www.palantir.com/docs/foundry/pb-functions-expression/firstV1/,Foundry & AIP,Data connectivity & integration,P1,"Current official capability navigation entry; subsystem detail, implementation guidance, or API/tool documentation.",2026-07-27,Data connectivity & integration
Floor,https://www.palantir.com/docs/foundry/pb-functions-expression/floorV1/,Foundry & AIP,Data connectivity & integration,P1,"Current official capability navigation entry; subsystem detail, implementation guidance, or API/tool documentation.",2026-07-27,Data connectivity & integration
Format number,https://www.palantir.com/docs/foundry/pb-functions-expression/formatNumberV1/,Foundry & AIP,Data connectivity & integration,P1,"Current official capability navigation entry; subsystem detail, implementation guidance, or API/tool documentation.",2026-07-27,Data connectivity & integration
Format string,https://www.palantir.com/docs/foundry/pb-functions-expression/formatStringV1/,Foundry & AIP,Data connectivity & integration,P1,"Current official capability navigation entry; subsystem detail, implementation guidance, or API/tool documentation.",2026-07-27,Data connectivity & integration
Convert GeoPoint to DMS,https://www.palantir.com/docs/foundry/pb-functions-expression/geoPointToDmsV1/,Foundry & AIP,Data connectivity & integration,P1,"Current official capability navigation entry; subsystem detail, implementation guidance, or API/tool documentation.",2026-07-27,Data connectivity & integration
Convert GeoPoint to Geohash,https://www.palantir.com/docs/foundry/pb-functions-expression/geoPointToGeohashV1/,Foundry & AIP,Data connectivity & integration,P1,"Current official capability navigation entry; subsystem detail, implementation guidance, or API/tool documentation.",2026-07-27,Data connectivity & integration
Convert GeoPoint to geometry,https://www.palantir.com/docs/foundry/pb-functions-expression/geoPointToGeometryV1/,Foundry & AIP,Data connectivity & integration,P1,"Current official capability navigation entry; subsystem detail, implementation guidance, or API/tool documentation.",2026-07-27,Data connectivity & integration
Convert GeoPoint to MGRS,https://www.palantir.com/docs/foundry/pb-functions-expression/geoPointToMgrsV1/,Foundry & AIP,Data connectivity & integration,P1,"Current official capability navigation entry; subsystem detail, implementation guidance, or API/tool documentation.",2026-07-27,Data connectivity & integration
Decode Geobuf as GeoJSON,https://www.palantir.com/docs/foundry/pb-functions-expression/geobufToGeometryExpressionV1/,Foundry & AIP,Data connectivity & integration,P1,"Current official capability navigation entry; subsystem detail, implementation guidance, or API/tool documentation.",2026-07-27,Data connectivity & integration
Geometry 3d affine transformation,https://www.palantir.com/docs/foundry/pb-functions-expression/geometry3dAffineTransformationV1/,Foundry & AIP,Data connectivity & integration,P1,"Current official capability navigation entry; subsystem detail, implementation guidance, or API/tool documentation.",2026-07-27,Data connectivity & integration
Geometry array line dissolve,https://www.palantir.com/docs/foundry/pb-functions-expression/geometryArrayLineDissolveV1/,Foundry & AIP,Data connectivity & integration,P1,"Current official capability navigation entry; subsystem detail, implementation guidance, or API/tool documentation.",2026-07-27,Data connectivity & integration
Geometry array (unary) union,https://www.palantir.com/docs/foundry/pb-functions-expression/geometryArrayUnionV1/,Foundry & AIP,Data connectivity & integration,P1,"Current official capability navigation entry; subsystem detail, implementation guidance, or API/tool documentation.",2026-07-27,Data connectivity & integration
Geometry buffer,https://www.palantir.com/docs/foundry/pb-functions-expression/geometryBufferV1/,Foundry & AIP,Data connectivity & integration,P1,"Current official capability navigation entry; subsystem detail, implementation guidance, or API/tool documentation.",2026-07-27,Data connectivity & integration
Geometry centroid,https://www.palantir.com/docs/foundry/pb-functions-expression/geometryCentroidV1/,Foundry & AIP,Data connectivity & integration,P1,"Current official capability navigation entry; subsystem detail, implementation guidance, or API/tool documentation.",2026-07-27,Data connectivity & integration
Geometry contains,https://www.palantir.com/docs/foundry/pb-functions-expression/geometryContainsV1/,Foundry & AIP,Data connectivity & integration,P1,"Current official capability navigation entry; subsystem detail, implementation guidance, or API/tool documentation.",2026-07-27,Data connectivity & integration
Get the convex hull of a geometry,https://www.palantir.com/docs/foundry/pb-functions-expression/geometryConvexHullV1/,Foundry & AIP,Data connectivity & integration,P1,"Current official capability navigation entry; subsystem detail, implementation guidance, or API/tool documentation.",2026-07-27,Data connectivity & integration
Geometry difference,https://www.palantir.com/docs/foundry/pb-functions-expression/geometryDifferenceV1/,Foundry & AIP,Data connectivity & integration,P1,"Current official capability navigation entry; subsystem detail, implementation guidance, or API/tool documentation.",2026-07-27,Data connectivity & integration
Get geometry envelope,https://www.palantir.com/docs/foundry/pb-functions-expression/geometryEnvelopeV1/,Foundry & AIP,Data connectivity & integration,P1,"Current official capability navigation entry; subsystem detail, implementation guidance, or API/tool documentation.",2026-07-27,Data connectivity & integration
Geometry explode to array,https://www.palantir.com/docs/foundry/pb-functions-expression/geometryExplodeToArrayV1/,Foundry & AIP,Data connectivity & integration,P1,"Current official capability navigation entry; subsystem detail, implementation guidance, or API/tool documentation.",2026-07-27,Data connectivity & integration
Filter by geometry type,https://www.palantir.com/docs/foundry/pb-functions-expression/geometryFilterV1/,Foundry & AIP,Data connectivity & integration,P1,"Current official capability navigation entry; subsystem detail, implementation guidance, or API/tool documentation.",2026-07-27,Data connectivity & integration
Geometry intersection,https://www.palantir.com/docs/foundry/pb-functions-expression/geometryIntersectionV1/,Foundry & AIP,Data connectivity & integration,P1,"Current official capability navigation entry; subsystem detail, implementation guidance, or API/tool documentation.",2026-07-27,Data connectivity & integration
Geometries have intersection,https://www.palantir.com/docs/foundry/pb-functions-expression/geometryIntersectsV1/,Foundry & AIP,Data connectivity & integration,P1,"Current official capability navigation entry; subsystem detail, implementation guidance, or API/tool documentation.",2026-07-27,Data connectivity & integration
Geometry length,https://www.palantir.com/docs/foundry/pb-functions-expression/geometryLengthV1/,Foundry & AIP,Data connectivity & integration,P1,"Current official capability navigation entry; subsystem detail, implementation guidance, or API/tool documentation.",2026-07-27,Data connectivity & integration
Geometry rotate 2d,https://www.palantir.com/docs/foundry/pb-functions-expression/geometryRotate2dV1/,Foundry & AIP,Data connectivity & integration,P1,"Current official capability navigation entry; subsystem detail, implementation guidance, or API/tool documentation.",2026-07-27,Data connectivity & integration
Geometry set z-coordinate,https://www.palantir.com/docs/foundry/pb-functions-expression/geometrySetZCoordinateV1/,Foundry & AIP,Data connectivity & integration,P1,"Current official capability navigation entry; subsystem detail, implementation guidance, or API/tool documentation.",2026-07-27,Data connectivity & integration
Geometry shortest distance,https://www.palantir.com/docs/foundry/pb-functions-expression/geometryShortestDistanceV1/,Foundry & AIP,Data connectivity & integration,P1,"Current official capability navigation entry; subsystem detail, implementation guidance, or API/tool documentation.",2026-07-27,Data connectivity & integration
Geometry standardize,https://www.palantir.com/docs/foundry/pb-functions-expression/geometryStandardizeV1/,Foundry & AIP,Data connectivity & integration,P1,"Current official capability navigation entry; subsystem detail, implementation guidance, or API/tool documentation.",2026-07-27,Data connectivity & integration
Geometry symmetric difference,https://www.palantir.com/docs/foundry/pb-functions-expression/geometrySymmetricDifferenceV1/,Foundry & AIP,Data connectivity & integration,P1,"Current official capability navigation entry; subsystem detail, implementation guidance, or API/tool documentation.",2026-07-27,Data connectivity & integration
Encode GeoJSON as Geobuf,https://www.palantir.com/docs/foundry/pb-functions-expression/geometryToGeobufExpressionV1/,Foundry & AIP,Data connectivity & integration,P1,"Current official capability navigation entry; subsystem detail, implementation guidance, or API/tool documentation.",2026-07-27,Data connectivity & integration
Geometry translate expression,https://www.palantir.com/docs/foundry/pb-functions-expression/geometryTranslateV1/,Foundry & AIP,Data connectivity & integration,P1,"Current official capability navigation entry; subsystem detail, implementation guidance, or API/tool documentation.",2026-07-27,Data connectivity & integration
Geometry union,https://www.palantir.com/docs/foundry/pb-functions-expression/geometryUnionV1/,Foundry & AIP,Data connectivity & integration,P1,"Current official capability navigation entry; subsystem detail, implementation guidance, or API/tool documentation.",2026-07-27,Data connectivity & integration
Extract audio metadata,https://www.palantir.com/docs/foundry/pb-functions-expression/getAudioMetadataV1/,Foundry & AIP,Data connectivity & integration,P1,"Current official capability navigation entry; subsystem detail, implementation guidance, or API/tool documentation.",2026-07-27,Data connectivity & integration
Get bearing from start point to end point,https://www.palantir.com/docs/foundry/pb-functions-expression/getBearingV1/,Foundry & AIP,Data connectivity & integration,P1,"Current official capability navigation entry; subsystem detail, implementation guidance, or API/tool documentation.",2026-07-27,Data connectivity & integration
Extract document metadata,https://www.palantir.com/docs/foundry/pb-functions-expression/getDocumentMetadataV1/,Foundry & AIP,Data connectivity & integration,P1,"Current official capability navigation entry; subsystem detail, implementation guidance, or API/tool documentation.",2026-07-27,Data connectivity & integration
Extract imagery metadata,https://www.palantir.com/docs/foundry/pb-functions-expression/getImageryMetadataV1/,Foundry & AIP,Data connectivity & integration,P1,"Current official capability navigation entry; subsystem detail, implementation guidance, or API/tool documentation.",2026-07-27,Data connectivity & integration
Get MIME type,https://www.palantir.com/docs/foundry/pb-functions-expression/getMimeTypeV1/,Foundry & AIP,Data connectivity & integration,P1,"Current official capability navigation entry; subsystem detail, implementation guidance, or API/tool documentation.",2026-07-27,Data connectivity & integration
Nth chain in polygon,https://www.palantir.com/docs/foundry/pb-functions-expression/getNthChainFromPolygonV1/,Foundry & AIP,Data connectivity & integration,P1,"Current official capability navigation entry; subsystem detail, implementation guidance, or API/tool documentation.",2026-07-27,Data connectivity & integration
Get PDF page dimensions,https://www.palantir.com/docs/foundry/pb-functions-expression/getPdfPageDimensionsV1/,Foundry & AIP,Data connectivity & integration,P1,"Current official capability navigation entry; subsystem detail, implementation guidance, or API/tool documentation.",2026-07-27,Data connectivity & integration
Get struct field,https://www.palantir.com/docs/foundry/pb-functions-expression/getStructFieldV2/,Foundry & AIP,Data connectivity & integration,P1,"Current official capability navigation entry; subsystem detail, implementation guidance, or API/tool documentation.",2026-07-27,Data connectivity & integration
Get timestamps for scene frames,https://www.palantir.com/docs/foundry/pb-functions-expression/getTimestampsForSceneFramesV1/,Foundry & AIP,Data connectivity & integration,P1,"Current official capability navigation entry; subsystem detail, implementation guidance, or API/tool documentation.",2026-07-27,Data connectivity & integration
Transcribe audio into JSON using GPU,https://www.palantir.com/docs/foundry/pb-functions-expression/gpuJsonAudioTranscriptionV1/,Foundry & AIP,Data connectivity & integration,P1,"Current official capability navigation entry; subsystem detail, implementation guidance, or API/tool documentation.",2026-07-27,Data connectivity & integration
Greater than or equals,https://www.palantir.com/docs/foundry/pb-functions-expression/greaterThanOrEqualsV2/,Foundry & AIP,Data connectivity & integration,P1,"Current official capability navigation entry; subsystem detail, implementation guidance, or API/tool documentation.",2026-07-27,Data connectivity & integration
Greater than,https://www.palantir.com/docs/foundry/pb-functions-expression/greaterThanV2/,Foundry & AIP,Data connectivity & integration,P1,"Current official capability navigation entry; subsystem detail, implementation guidance, or API/tool documentation.",2026-07-27,Data connectivity & integration
Greatest,https://www.palantir.com/docs/foundry/pb-functions-expression/greatestV1/,Foundry & AIP,Data connectivity & integration,P1,"Current official capability navigation entry; subsystem detail, implementation guidance, or API/tool documentation.",2026-07-27,Data connectivity & integration
Grouped geometry envelope,https://www.palantir.com/docs/foundry/pb-functions-expression/groupedGeometryEnvelopeV1/,Foundry & AIP,Data connectivity & integration,P1,"Current official capability navigation entry; subsystem detail, implementation guidance, or API/tool documentation.",2026-07-27,Data connectivity & integration
Grouped geometry union,https://www.palantir.com/docs/foundry/pb-functions-expression/groupedGeometryUnionV1/,Foundry & AIP,Data connectivity & integration,P1,"Current official capability navigation entry; subsystem detail, implementation guidance, or API/tool documentation.",2026-07-27,Data connectivity & integration
Grouped latitude/longitude bounding box,https://www.palantir.com/docs/foundry/pb-functions-expression/groupedLatLonBoundingBoxV1/,Foundry & AIP,Data connectivity & integration,P1,"Current official capability navigation entry; subsystem detail, implementation guidance, or API/tool documentation.",2026-07-27,Data connectivity & integration
Gzip decompress,https://www.palantir.com/docs/foundry/pb-functions-expression/gzipDecompressV1/,Foundry & AIP,Data connectivity & integration,P1,"Current official capability navigation entry; subsystem detail, implementation guidance, or API/tool documentation.",2026-07-27,Data connectivity & integration
Buffer H3 indices,https://www.palantir.com/docs/foundry/pb-functions-expression/h3BufferV1/,Foundry & AIP,Data connectivity & integration,P1,"Current official capability navigation entry; subsystem detail, implementation guidance, or API/tool documentation.",2026-07-27,Data connectivity & integration
H3 cell to children,https://www.palantir.com/docs/foundry/pb-functions-expression/h3CellToChildrenV1/,Foundry & AIP,Data connectivity & integration,P1,"Current official capability navigation entry; subsystem detail, implementation guidance, or API/tool documentation.",2026-07-27,Data connectivity & integration
H3 cell to parent,https://www.palantir.com/docs/foundry/pb-functions-expression/h3CellToParentV1/,Foundry & AIP,Data connectivity & integration,P1,"Current official capability navigation entry; subsystem detail, implementation guidance, or API/tool documentation.",2026-07-27,Data connectivity & integration
Get H3 index,https://www.palantir.com/docs/foundry/pb-functions-expression/h3IndexExpressionV1/,Foundry & AIP,Data connectivity & integration,P1,"Current official capability navigation entry; subsystem detail, implementation guidance, or API/tool documentation.",2026-07-27,Data connectivity & integration
Get neighbors of an H3 index,https://www.palantir.com/docs/foundry/pb-functions-expression/h3NeighborsV1/,Foundry & AIP,Data connectivity & integration,P1,"Current official capability navigation entry; subsystem detail, implementation guidance, or API/tool documentation.",2026-07-27,Data connectivity & integration
Convert H3 index to GeoPoint,https://www.palantir.com/docs/foundry/pb-functions-expression/h3ToGeoPointV1/,Foundry & AIP,Data connectivity & integration,P1,"Current official capability navigation entry; subsystem detail, implementation guidance, or API/tool documentation.",2026-07-27,Data connectivity & integration
H3 to geometry,https://www.palantir.com/docs/foundry/pb-functions-expression/h3ToGeometryV1/,Foundry & AIP,Data connectivity & integration,P1,"Current official capability navigation entry; subsystem detail, implementation guidance, or API/tool documentation.",2026-07-27,Data connectivity & integration
Has media schema,https://www.palantir.com/docs/foundry/pb-functions-expression/hasMediaSchemaV1/,Foundry & AIP,Data connectivity & integration,P1,"Current official capability navigation entry; subsystem detail, implementation guidance, or API/tool documentation.",2026-07-27,Data connectivity & integration
Calculate haversine distance,https://www.palantir.com/docs/foundry/pb-functions-expression/haversineV1/,Foundry & AIP,Data connectivity & integration,P1,"Current official capability navigation entry; subsystem detail, implementation guidance, or API/tool documentation.",2026-07-27,Data connectivity & integration
Extract layout-aware content from images,https://www.palantir.com/docs/foundry/pb-functions-expression/imageLayoutAwareContentExtractionV1/,Foundry & AIP,Data connectivity & integration,P1,"Current official capability navigation entry; subsystem detail, implementation guidance, or API/tool documentation.",2026-07-27,Data connectivity & integration
Extract text from images (using OCR),https://www.palantir.com/docs/foundry/pb-functions-expression/imageOcrV1/,Foundry & AIP,Data connectivity & integration,P1,"Current official capability navigation entry; subsystem detail, implementation guidance, or API/tool documentation.",2026-07-27,Data connectivity & integration
Image to embeddings,https://www.palantir.com/docs/foundry/pb-functions-expression/imageToEmbeddingsV1/,Foundry & AIP,Data connectivity & integration,P1,"Current official capability navigation entry; subsystem detail, implementation guidance, or API/tool documentation.",2026-07-27,Data connectivity & integration
Interpolate geo point along linestring,https://www.palantir.com/docs/foundry/pb-functions-expression/interpolateGeoPointAlongLinestringV1/,Foundry & AIP,Data connectivity & integration,P1,"Current official capability navigation entry; subsystem detail, implementation guidance, or API/tool documentation.",2026-07-27,Data connectivity & integration
Calculate destination point,https://www.palantir.com/docs/foundry/pb-functions-expression/inverseHaversineV1/,Foundry & AIP,Data connectivity & integration,P1,"Current official capability navigation entry; subsystem detail, implementation guidance, or API/tool documentation.",2026-07-27,Data connectivity & integration
IPv6 to canonical format,https://www.palantir.com/docs/foundry/pb-functions-expression/ipV6ToCanonicalIpV6V1/,Foundry & AIP,Data connectivity & integration,P1,"Current official capability navigation entry; subsystem detail, implementation guidance, or API/tool documentation.",2026-07-27,Data connectivity & integration
Array elements are distinct,https://www.palantir.com/docs/foundry/pb-functions-expression/isArrayUniqueV1/,Foundry & AIP,Data connectivity & integration,P1,"Current official capability navigation entry; subsystem detail, implementation guidance, or API/tool documentation.",2026-07-27,Data connectivity & integration
Is empty struct,https://www.palantir.com/docs/foundry/pb-functions-expression/isEmptyStructV1/,Foundry & AIP,Data connectivity & integration,P1,"Current official capability navigation entry; subsystem detail, implementation guidance, or API/tool documentation.",2026-07-27,Data connectivity & integration
Is in,https://www.palantir.com/docs/foundry/pb-functions-expression/isInV1/,Foundry & AIP,Data connectivity & integration,P1,"Current official capability navigation entry; subsystem detail, implementation guidance, or API/tool documentation.",2026-07-27,Data connectivity & integration
Is NaN,https://www.palantir.com/docs/foundry/pb-functions-expression/isNaNV1/,Foundry & AIP,Data connectivity & integration,P1,"Current official capability navigation entry; subsystem detail, implementation guidance, or API/tool documentation.",2026-07-27,Data connectivity & integration
Is not null,https://www.palantir.com/docs/foundry/pb-functions-expression/isNotNullV1/,Foundry & AIP,Data connectivity & integration,P1,"Current official capability navigation entry; subsystem detail, implementation guidance, or API/tool documentation.",2026-07-27,Data connectivity & integration
Is null,https://www.palantir.com/docs/foundry/pb-functions-expression/isNullV1/,Foundry & AIP,Data connectivity & integration,P1,"Current official capability navigation entry; subsystem detail, implementation guidance, or API/tool documentation.",2026-07-27,Data connectivity & integration
Is valid delegated media gid,https://www.palantir.com/docs/foundry/pb-functions-expression/isValidDelegatedMediaGidV1/,Foundry & AIP,Data connectivity & integration,P1,"Current official capability navigation entry; subsystem detail, implementation guidance, or API/tool documentation.",2026-07-27,Data connectivity & integration
Is valid GeoJSON,https://www.palantir.com/docs/foundry/pb-functions-expression/isValidGeoJsonV1/,Foundry & AIP,Data connectivity & integration,P1,"Current official capability navigation entry; subsystem detail, implementation guidance, or API/tool documentation.",2026-07-27,Data connectivity & integration
Is valid Geohash,https://www.palantir.com/docs/foundry/pb-functions-expression/isValidGeohashV1/,Foundry & AIP,Data connectivity & integration,P1,"Current official capability navigation entry; subsystem detail, implementation guidance, or API/tool documentation.",2026-07-27,Data connectivity & integration
Is valid H3 index,https://www.palantir.com/docs/foundry/pb-functions-expression/isValidH3IndexV1/,Foundry & AIP,Data connectivity & integration,P1,"Current official capability navigation entry; subsystem detail, implementation guidance, or API/tool documentation.",2026-07-27,Data connectivity & integration
Is valid IPv4,https://www.palantir.com/docs/foundry/pb-functions-expression/isValidIpV4V1/,Foundry & AIP,Data connectivity & integration,P1,"Current official capability navigation entry; subsystem detail, implementation guidance, or API/tool documentation.",2026-07-27,Data connectivity & integration
Is valid IPv6,https://www.palantir.com/docs/foundry/pb-functions-expression/isValidIpV6V1/,Foundry & AIP,Data connectivity & integration,P1,"Current official capability navigation entry; subsystem detail, implementation guidance, or API/tool documentation.",2026-07-27,Data connectivity & integration
Is valid media reference,https://www.palantir.com/docs/foundry/pb-functions-expression/isValidMediaReferenceV1/,Foundry & AIP,Data connectivity & integration,P1,"Current official capability navigation entry; subsystem detail, implementation guidance, or API/tool documentation.",2026-07-27,Data connectivity & integration
Is valid MGRS,https://www.palantir.com/docs/foundry/pb-functions-expression/isValidMgrsV1/,Foundry & AIP,Data connectivity & integration,P1,"Current official capability navigation entry; subsystem detail, implementation guidance, or API/tool documentation.",2026-07-27,Data connectivity & integration
Is valid MIME type,https://www.palantir.com/docs/foundry/pb-functions-expression/isValidMimeTypeV1/,Foundry & AIP,Data connectivity & integration,P1,"Current official capability navigation entry; subsystem detail, implementation guidance, or API/tool documentation.",2026-07-27,Data connectivity & integration
Is valid Ontology GeoPoint,https://www.palantir.com/docs/foundry/pb-functions-expression/isValidOntologyGeopointV1/,Foundry & AIP,Data connectivity & integration,P1,"Current official capability navigation entry; subsystem detail, implementation guidance, or API/tool documentation.",2026-07-27,Data connectivity & integration
Is valid rid,https://www.palantir.com/docs/foundry/pb-functions-expression/isValidRidV1/,Foundry & AIP,Data connectivity & integration,P1,"Current official capability navigation entry; subsystem detail, implementation guidance, or API/tool documentation.",2026-07-27,Data connectivity & integration
Is valid uuid,https://www.palantir.com/docs/foundry/pb-functions-expression/isValidUuidV1/,Foundry & AIP,Data connectivity & integration,P1,"Current official capability navigation entry; subsystem detail, implementation guidance, or API/tool documentation.",2026-07-27,Data connectivity & integration
Convert data to JSON,https://www.palantir.com/docs/foundry/pb-functions-expression/jsonStringV2/,Foundry & AIP,Data connectivity & integration,P1,"Current official capability navigation entry; subsystem detail, implementation guidance, or API/tool documentation.",2026-07-27,Data connectivity & integration
Lag,https://www.palantir.com/docs/foundry/pb-functions-expression/lagV1/,Foundry & AIP,Data connectivity & integration,P1,"Current official capability navigation entry; subsystem detail, implementation guidance, or API/tool documentation.",2026-07-27,Data connectivity & integration
Last day of the week/month/quarter/year,https://www.palantir.com/docs/foundry/pb-functions-expression/lastDayV1/,Foundry & AIP,Data connectivity & integration,P1,"Current official capability navigation entry; subsystem detail, implementation guidance, or API/tool documentation.",2026-07-27,Data connectivity & integration
Last,https://www.palantir.com/docs/foundry/pb-functions-expression/lastV1/,Foundry & AIP,Data connectivity & integration,P1,"Current official capability navigation entry; subsystem detail, implementation guidance, or API/tool documentation.",2026-07-27,Data connectivity & integration
Get lat/long bounding box struct,https://www.palantir.com/docs/foundry/pb-functions-expression/latLonBoundingBoxV1/,Foundry & AIP,Data connectivity & integration,P1,"Current official capability navigation entry; subsystem detail, implementation guidance, or API/tool documentation.",2026-07-27,Data connectivity & integration
Lead,https://www.palantir.com/docs/foundry/pb-functions-expression/leadV1/,Foundry & AIP,Data connectivity & integration,P1,"Current official capability navigation entry; subsystem detail, implementation guidance, or API/tool documentation.",2026-07-27,Data connectivity & integration
Least,https://www.palantir.com/docs/foundry/pb-functions-expression/leastV1/,Foundry & AIP,Data connectivity & integration,P1,"Current official capability navigation entry; subsystem detail, implementation guidance, or API/tool documentation.",2026-07-27,Data connectivity & integration
Left pad string,https://www.palantir.com/docs/foundry/pb-functions-expression/leftPadV1/,Foundry & AIP,Data connectivity & integration,P1,"Current official capability navigation entry; subsystem detail, implementation guidance, or API/tool documentation.",2026-07-27,Data connectivity & integration
Left of string,https://www.palantir.com/docs/foundry/pb-functions-expression/leftStringV1/,Foundry & AIP,Data connectivity & integration,P1,"Current official capability navigation entry; subsystem detail, implementation guidance, or API/tool documentation.",2026-07-27,Data connectivity & integration
Length,https://www.palantir.com/docs/foundry/pb-functions-expression/lengthV1/,Foundry & AIP,Data connectivity & integration,P1,"Current official capability navigation entry; subsystem detail, implementation guidance, or API/tool documentation.",2026-07-27,Data connectivity & integration
Less than or equals,https://www.palantir.com/docs/foundry/pb-functions-expression/lessThanOrEqualsV2/,Foundry & AIP,Data connectivity & integration,P1,"Current official capability navigation entry; subsystem detail, implementation guidance, or API/tool documentation.",2026-07-27,Data connectivity & integration
Less than,https://www.palantir.com/docs/foundry/pb-functions-expression/lessThanV2/,Foundry & AIP,Data connectivity & integration,P1,"Current official capability navigation entry; subsystem detail, implementation guidance, or API/tool documentation.",2026-07-27,Data connectivity & integration
Edit distance,https://www.palantir.com/docs/foundry/pb-functions-expression/levenshteinDistanceV2/,Foundry & AIP,Data connectivity & integration,P1,"Current official capability navigation entry; subsystem detail, implementation guidance, or API/tool documentation.",2026-07-27,Data connectivity & integration
Linear regression gradient,https://www.palantir.com/docs/foundry/pb-functions-expression/linearRegressionGradientV2/,Foundry & AIP,Data connectivity & integration,P1,"Current official capability navigation entry; subsystem detail, implementation guidance, or API/tool documentation.",2026-07-27,Data connectivity & integration
Nth point in linestring,https://www.palantir.com/docs/foundry/pb-functions-expression/linestringPointNV1/,Foundry & AIP,Data connectivity & integration,P1,"Current official capability navigation entry; subsystem detail, implementation guidance, or API/tool documentation.",2026-07-27,Data connectivity & integration
Convert linestring to polygon,https://www.palantir.com/docs/foundry/pb-functions-expression/linestringToPolygonV1/,Foundry & AIP,Data connectivity & integration,P1,"Current official capability navigation entry; subsystem detail, implementation guidance, or API/tool documentation.",2026-07-27,Data connectivity & integration
Logarithm with base,https://www.palantir.com/docs/foundry/pb-functions-expression/logNV1/,Foundry & AIP,Data connectivity & integration,P1,"Current official capability navigation entry; subsystem detail, implementation guidance, or API/tool documentation.",2026-07-27,Data connectivity & integration
Logarithm,https://www.palantir.com/docs/foundry/pb-functions-expression/logV1/,Foundry & AIP,Data connectivity & integration,P1,"Current official capability navigation entry; subsystem detail, implementation guidance, or API/tool documentation.",2026-07-27,Data connectivity & integration
Logical type cast,https://www.palantir.com/docs/foundry/pb-functions-expression/logicalTypeCastV1/,Foundry & AIP,Data connectivity & integration,P1,"Current official capability navigation entry; subsystem detail, implementation guidance, or API/tool documentation.",2026-07-27,Data connectivity & integration
Lowercase,https://www.palantir.com/docs/foundry/pb-functions-expression/lowercaseV1/,Foundry & AIP,Data connectivity & integration,P1,"Current official capability navigation entry; subsystem detail, implementation guidance, or API/tool documentation.",2026-07-27,Data connectivity & integration
Create map from arrays,https://www.palantir.com/docs/foundry/pb-functions-expression/mapFromArraysV1/,Foundry & AIP,Data connectivity & integration,P1,"Current official capability navigation entry; subsystem detail, implementation guidance, or API/tool documentation.",2026-07-27,Data connectivity & integration
Map values,https://www.palantir.com/docs/foundry/pb-functions-expression/mapValuesV2/,Foundry & AIP,Data connectivity & integration,P1,"Current official capability navigation entry; subsystem detail, implementation guidance, or API/tool documentation.",2026-07-27,Data connectivity & integration
Max by,https://www.palantir.com/docs/foundry/pb-functions-expression/maxByV1/,Foundry & AIP,Data connectivity & integration,P1,"Current official capability navigation entry; subsystem detail, implementation guidance, or API/tool documentation.",2026-07-27,Data connectivity & integration
Max,https://www.palantir.com/docs/foundry/pb-functions-expression/maxV1/,Foundry & AIP,Data connectivity & integration,P1,"Current official capability navigation entry; subsystem detail, implementation guidance, or API/tool documentation.",2026-07-27,Data connectivity & integration
Mean,https://www.palantir.com/docs/foundry/pb-functions-expression/meanV1/,Foundry & AIP,Data connectivity & integration,P1,"Current official capability navigation entry; subsystem detail, implementation guidance, or API/tool documentation.",2026-07-27,Data connectivity & integration
Median,https://www.palantir.com/docs/foundry/pb-functions-expression/medianV1/,Foundry & AIP,Data connectivity & integration,P1,"Current official capability navigation entry; subsystem detail, implementation guidance, or API/tool documentation.",2026-07-27,Data connectivity & integration
Convert MGRS to GeoPoint,https://www.palantir.com/docs/foundry/pb-functions-expression/mgrsToGeoPointV1/,Foundry & AIP,Data connectivity & integration,P1,"Current official capability navigation entry; subsystem detail, implementation guidance, or API/tool documentation.",2026-07-27,Data connectivity & integration
Min by,https://www.palantir.com/docs/foundry/pb-functions-expression/minByV1/,Foundry & AIP,Data connectivity & integration,P1,"Current official capability navigation entry; subsystem detail, implementation guidance, or API/tool documentation.",2026-07-27,Data connectivity & integration
Min,https://www.palantir.com/docs/foundry/pb-functions-expression/minV1/,Foundry & AIP,Data connectivity & integration,P1,"Current official capability navigation entry; subsystem detail, implementation guidance, or API/tool documentation.",2026-07-27,Data connectivity & integration
Mode,https://www.palantir.com/docs/foundry/pb-functions-expression/modeV1/,Foundry & AIP,Data connectivity & integration,P1,"Current official capability navigation entry; subsystem detail, implementation guidance, or API/tool documentation.",2026-07-27,Data connectivity & integration
Modulo,https://www.palantir.com/docs/foundry/pb-functions-expression/moduloV1/,Foundry & AIP,Data connectivity & integration,P1,"Current official capability navigation entry; subsystem detail, implementation guidance, or API/tool documentation.",2026-07-27,Data connectivity & integration
Multiply numbers,https://www.palantir.com/docs/foundry/pb-functions-expression/multiplyV2/,Foundry & AIP,Data connectivity & integration,P1,"Current official capability navigation entry; subsystem detail, implementation guidance, or API/tool documentation.",2026-07-27,Data connectivity & integration
Natural random number,https://www.palantir.com/docs/foundry/pb-functions-expression/naturalRandomV1/,Foundry & AIP,Data connectivity & integration,P1,"Current official capability navigation entry; subsystem detail, implementation guidance, or API/tool documentation.",2026-07-27,Data connectivity & integration
Negate,https://www.palantir.com/docs/foundry/pb-functions-expression/negateV1/,Foundry & AIP,Data connectivity & integration,P1,"Current official capability navigation entry; subsystem detail, implementation guidance, or API/tool documentation.",2026-07-27,Data connectivity & integration
Pb Functions Expression — Nextdayv1,https://www.palantir.com/docs/foundry/pb-functions-expression/nextDayV1/,Foundry & AIP,Data connectivity & integration,P1,"Current official capability navigation entry; subsystem detail, implementation guidance, or API/tool documentation.",2026-07-27,Data connectivity & integration
Normal random number,https://www.palantir.com/docs/foundry/pb-functions-expression/normalRandomV1/,Foundry & AIP,Data connectivity & integration,P1,"Current official capability navigation entry; subsystem detail, implementation guidance, or API/tool documentation.",2026-07-27,Data connectivity & integration
Prepare geometry,https://www.palantir.com/docs/foundry/pb-functions-expression/normalizeGeometryV4/,Foundry & AIP,Data connectivity & integration,P1,"Current official capability navigation entry; subsystem detail, implementation guidance, or API/tool documentation.",2026-07-27,Data connectivity & integration
Not any,https://www.palantir.com/docs/foundry/pb-functions-expression/notAnyV1/,Foundry & AIP,Data connectivity & integration,P1,"Current official capability navigation entry; subsystem detail, implementation guidance, or API/tool documentation.",2026-07-27,Data connectivity & integration
Not,https://www.palantir.com/docs/foundry/pb-functions-expression/notV1/,Foundry & AIP,Data connectivity & integration,P1,"Current official capability navigation entry; subsystem detail, implementation guidance, or API/tool documentation.",2026-07-27,Data connectivity & integration
Nullify empty string,https://www.palantir.com/docs/foundry/pb-functions-expression/nullifyEmptyStringV1/,Foundry & AIP,Data connectivity & integration,P1,"Current official capability navigation entry; subsystem detail, implementation guidance, or API/tool documentation.",2026-07-27,Data connectivity & integration
Convert to octal,https://www.palantir.com/docs/foundry/pb-functions-expression/octalV1/,Foundry & AIP,Data connectivity & integration,P1,"Current official capability navigation entry; subsystem detail, implementation guidance, or API/tool documentation.",2026-07-27,Data connectivity & integration
Convert from Ontology GeoPoint,https://www.palantir.com/docs/foundry/pb-functions-expression/ontologyGeopointToGeopointV1/,Foundry & AIP,Data connectivity & integration,P1,"Current official capability navigation entry; subsystem detail, implementation guidance, or API/tool documentation.",2026-07-27,Data connectivity & integration
Or,https://www.palantir.com/docs/foundry/pb-functions-expression/orV1/,Foundry & AIP,Data connectivity & integration,P1,"Current official capability navigation entry; subsystem detail, implementation guidance, or API/tool documentation.",2026-07-27,Data connectivity & integration
Parse duration,https://www.palantir.com/docs/foundry/pb-functions-expression/parseDurationV1/,Foundry & AIP,Data connectivity & integration,P1,"Current official capability navigation entry; subsystem detail, implementation guidance, or API/tool documentation.",2026-07-27,Data connectivity & integration
Parse GeoJSON from a non-WGS 84 coordinate system,https://www.palantir.com/docs/foundry/pb-functions-expression/parseGeoJsonAsGeometryV1/,Foundry & AIP,Data connectivity & integration,P1,"Current official capability navigation entry; subsystem detail, implementation guidance, or API/tool documentation.",2026-07-27,Data connectivity & integration
Parse JSON string,https://www.palantir.com/docs/foundry/pb-functions-expression/parseJsonAsSchemaV3/,Foundry & AIP,Data connectivity & integration,P1,"Current official capability navigation entry; subsystem detail, implementation guidance, or API/tool documentation.",2026-07-27,Data connectivity & integration
Parse KML string as geometry list,https://www.palantir.com/docs/foundry/pb-functions-expression/parseKmlAsGeometryListV1/,Foundry & AIP,Data connectivity & integration,P1,"Current official capability navigation entry; subsystem detail, implementation guidance, or API/tool documentation.",2026-07-27,Data connectivity & integration
Parse KML string as geometry,https://www.palantir.com/docs/foundry/pb-functions-expression/parseKmlAsGeometryV1/,Foundry & AIP,Data connectivity & integration,P1,"Current official capability navigation entry; subsystem detail, implementation guidance, or API/tool documentation.",2026-07-27,Data connectivity & integration
Parse phone number,https://www.palantir.com/docs/foundry/pb-functions-expression/parsePhoneNumberV2/,Foundry & AIP,Data connectivity & integration,P1,"Current official capability navigation entry; subsystem detail, implementation guidance, or API/tool documentation.",2026-07-27,Data connectivity & integration
Parse semantic version,https://www.palantir.com/docs/foundry/pb-functions-expression/parseSemanticVersionV1/,Foundry & AIP,Data connectivity & integration,P1,"Current official capability navigation entry; subsystem detail, implementation guidance, or API/tool documentation.",2026-07-27,Data connectivity & integration
Parse well known binary as geometry,https://www.palantir.com/docs/foundry/pb-functions-expression/parseWellKnownBinaryAsGeometryV1/,Foundry & AIP,Data connectivity & integration,P1,"Current official capability navigation entry; subsystem detail, implementation guidance, or API/tool documentation.",2026-07-27,Data connectivity & integration
Parse well known text as geometry,https://www.palantir.com/docs/foundry/pb-functions-expression/parseWellKnownTextAsGeometryV1/,Foundry & AIP,Data connectivity & integration,P1,"Current official capability navigation entry; subsystem detail, implementation guidance, or API/tool documentation.",2026-07-27,Data connectivity & integration
Parse XML as schema,https://www.palantir.com/docs/foundry/pb-functions-expression/parseXmlAsSchemaV2/,Foundry & AIP,Data connectivity & integration,P1,"Current official capability navigation entry; subsystem detail, implementation guidance, or API/tool documentation.",2026-07-27,Data connectivity & integration
Extract layout-aware content from PDF,https://www.palantir.com/docs/foundry/pb-functions-expression/pdfLayoutAwareContentExtractionV1/,Foundry & AIP,Data connectivity & integration,P1,"Current official capability navigation entry; subsystem detail, implementation guidance, or API/tool documentation.",2026-07-27,Data connectivity & integration
Extract text from PDF (using OCR),https://www.palantir.com/docs/foundry/pb-functions-expression/pdfOcrV1/,Foundry & AIP,Data connectivity & integration,P1,"Current official capability navigation entry; subsystem detail, implementation guidance, or API/tool documentation.",2026-07-27,Data connectivity & integration
Extract table of contents from PDF,https://www.palantir.com/docs/foundry/pb-functions-expression/pdfTableOfContentsV1/,Foundry & AIP,Data connectivity & integration,P1,"Current official capability navigation entry; subsystem detail, implementation guidance, or API/tool documentation.",2026-07-27,Data connectivity & integration
Extract text from PDF,https://www.palantir.com/docs/foundry/pb-functions-expression/pdfTextExtractionV1/,Foundry & AIP,Data connectivity & integration,P1,"Current official capability navigation entry; subsystem detail, implementation guidance, or API/tool documentation.",2026-07-27,Data connectivity & integration
Percent rank,https://www.palantir.com/docs/foundry/pb-functions-expression/percentRankV1/,Foundry & AIP,Data connectivity & integration,P1,"Current official capability navigation entry; subsystem detail, implementation guidance, or API/tool documentation.",2026-07-27,Data connectivity & integration
Perimeter,https://www.palantir.com/docs/foundry/pb-functions-expression/perimeterV1/,Foundry & AIP,Data connectivity & integration,P1,"Current official capability navigation entry; subsystem detail, implementation guidance, or API/tool documentation.",2026-07-27,Data connectivity & integration
Pivot,https://www.palantir.com/docs/foundry/pb-functions-expression/pivotExpressionV1/,Foundry & AIP,Data connectivity & integration,P1,"Current official capability navigation entry; subsystem detail, implementation guidance, or API/tool documentation.",2026-07-27,Data connectivity & integration
Get H3 indices covering a geometry,https://www.palantir.com/docs/foundry/pb-functions-expression/polygonToH3V1/,Foundry & AIP,Data connectivity & integration,P1,"Current official capability navigation entry; subsystem detail, implementation guidance, or API/tool documentation.",2026-07-27,Data connectivity & integration
Positive modulo,https://www.palantir.com/docs/foundry/pb-functions-expression/positiveModuloV1/,Foundry & AIP,Data connectivity & integration,P1,"Current official capability navigation entry; subsystem detail, implementation guidance, or API/tool documentation.",2026-07-27,Data connectivity & integration
Power of,https://www.palantir.com/docs/foundry/pb-functions-expression/powerOfV1/,Foundry & AIP,Data connectivity & integration,P1,"Current official capability navigation entry; subsystem detail, implementation guidance, or API/tool documentation.",2026-07-27,Data connectivity & integration
Product,https://www.palantir.com/docs/foundry/pb-functions-expression/productV1/,Foundry & AIP,Data connectivity & integration,P1,"Current official capability navigation entry; subsystem detail, implementation guidance, or API/tool documentation.",2026-07-27,Data connectivity & integration
Rank,https://www.palantir.com/docs/foundry/pb-functions-expression/rankV1/,Foundry & AIP,Data connectivity & integration,P1,"Current official capability navigation entry; subsystem detail, implementation guidance, or API/tool documentation.",2026-07-27,Data connectivity & integration
Reduce array elements,https://www.palantir.com/docs/foundry/pb-functions-expression/reduceArrayElementsV1/,Foundry & AIP,Data connectivity & integration,P1,"Current official capability navigation entry; subsystem detail, implementation guidance, or API/tool documentation.",2026-07-27,Data connectivity & integration
Extract all regex matches,https://www.palantir.com/docs/foundry/pb-functions-expression/regexExtractAllV1/,Foundry & AIP,Data connectivity & integration,P1,"Current official capability navigation entry; subsystem detail, implementation guidance, or API/tool documentation.",2026-07-27,Data connectivity & integration
Regex extract,https://www.palantir.com/docs/foundry/pb-functions-expression/regexExtractV1/,Foundry & AIP,Data connectivity & integration,P1,"Current official capability navigation entry; subsystem detail, implementation guidance, or API/tool documentation.",2026-07-27,Data connectivity & integration
Regex find,https://www.palantir.com/docs/foundry/pb-functions-expression/regexFindV1/,Foundry & AIP,Data connectivity & integration,P1,"Current official capability navigation entry; subsystem detail, implementation guidance, or API/tool documentation.",2026-07-27,Data connectivity & integration
Regex index,https://www.palantir.com/docs/foundry/pb-functions-expression/regexIndexV2/,Foundry & AIP,Data connectivity & integration,P1,"Current official capability navigation entry; subsystem detail, implementation guidance, or API/tool documentation.",2026-07-27,Data connectivity & integration
Regex match,https://www.palantir.com/docs/foundry/pb-functions-expression/regexMatchV2/,Foundry & AIP,Data connectivity & integration,P1,"Current official capability navigation entry; subsystem detail, implementation guidance, or API/tool documentation.",2026-07-27,Data connectivity & integration
Regex replace,https://www.palantir.com/docs/foundry/pb-functions-expression/regexReplaceV1/,Foundry & AIP,Data connectivity & integration,P1,"Current official capability navigation entry; subsystem detail, implementation guidance, or API/tool documentation.",2026-07-27,Data connectivity & integration
Remove map entry by key,https://www.palantir.com/docs/foundry/pb-functions-expression/removeMapEntryByKeyV1/,Foundry & AIP,Data connectivity & integration,P1,"Current official capability navigation entry; subsystem detail, implementation guidance, or API/tool documentation.",2026-07-27,Data connectivity & integration
Rename struct field,https://www.palantir.com/docs/foundry/pb-functions-expression/renameStructFieldV1/,Foundry & AIP,Data connectivity & integration,P1,"Current official capability navigation entry; subsystem detail, implementation guidance, or API/tool documentation.",2026-07-27,Data connectivity & integration
Right pad string,https://www.palantir.com/docs/foundry/pb-functions-expression/rightPadV1/,Foundry & AIP,Data connectivity & integration,P1,"Current official capability navigation entry; subsystem detail, implementation guidance, or API/tool documentation.",2026-07-27,Data connectivity & integration
Right of string,https://www.palantir.com/docs/foundry/pb-functions-expression/rightStringV1/,Foundry & AIP,Data connectivity & integration,P1,"Current official capability navigation entry; subsystem detail, implementation guidance, or API/tool documentation.",2026-07-27,Data connectivity & integration
Round number,https://www.palantir.com/docs/foundry/pb-functions-expression/roundV1/,Foundry & AIP,Data connectivity & integration,P1,"Current official capability navigation entry; subsystem detail, implementation guidance, or API/tool documentation.",2026-07-27,Data connectivity & integration
Row count,https://www.palantir.com/docs/foundry/pb-functions-expression/rowCountV1/,Foundry & AIP,Data connectivity & integration,P1,"Current official capability navigation entry; subsystem detail, implementation guidance, or API/tool documentation.",2026-07-27,Data connectivity & integration
Row number,https://www.palantir.com/docs/foundry/pb-functions-expression/rowNumberV1/,Foundry & AIP,Data connectivity & integration,P1,"Current official capability navigation entry; subsystem detail, implementation guidance, or API/tool documentation.",2026-07-27,Data connectivity & integration
Sample covariance,https://www.palantir.com/docs/foundry/pb-functions-expression/sampleCovarianceV1/,Foundry & AIP,Data connectivity & integration,P1,"Current official capability navigation entry; subsystem detail, implementation guidance, or API/tool documentation.",2026-07-27,Data connectivity & integration
Sample variance,https://www.palantir.com/docs/foundry/pb-functions-expression/sampleVarianceV1/,Foundry & AIP,Data connectivity & integration,P1,"Current official capability navigation entry; subsystem detail, implementation guidance, or API/tool documentation.",2026-07-27,Data connectivity & integration
Secant,https://www.palantir.com/docs/foundry/pb-functions-expression/secantV1/,Foundry & AIP,Data connectivity & integration,P1,"Current official capability navigation entry; subsystem detail, implementation guidance, or API/tool documentation.",2026-07-27,Data connectivity & integration
Sentence case,https://www.palantir.com/docs/foundry/pb-functions-expression/sentenceCaseV1/,Foundry & AIP,Data connectivity & integration,P1,"Current official capability navigation entry; subsystem detail, implementation guidance, or API/tool documentation.",2026-07-27,Data connectivity & integration
Sequence,https://www.palantir.com/docs/foundry/pb-functions-expression/sequenceV2/,Foundry & AIP,Data connectivity & integration,P1,"Current official capability navigation entry; subsystem detail, implementation guidance, or API/tool documentation.",2026-07-27,Data connectivity & integration
Hash sha256,https://www.palantir.com/docs/foundry/pb-functions-expression/sha256V1/,Foundry & AIP,Data connectivity & integration,P1,"Current official capability navigation entry; subsystem detail, implementation guidance, or API/tool documentation.",2026-07-27,Data connectivity & integration
Similarity score,https://www.palantir.com/docs/foundry/pb-functions-expression/similarityScoreV1/,Foundry & AIP,Data connectivity & integration,P1,"Current official capability navigation entry; subsystem detail, implementation guidance, or API/tool documentation.",2026-07-27,Data connectivity & integration
Simplify geometry,https://www.palantir.com/docs/foundry/pb-functions-expression/simplifyGeometryV1/,Foundry & AIP,Data connectivity & integration,P1,"Current official capability navigation entry; subsystem detail, implementation guidance, or API/tool documentation.",2026-07-27,Data connectivity & integration
Sine,https://www.palantir.com/docs/foundry/pb-functions-expression/sineV1/,Foundry & AIP,Data connectivity & integration,P1,"Current official capability navigation entry; subsystem detail, implementation guidance, or API/tool documentation.",2026-07-27,Data connectivity & integration
Skip bytes,https://www.palantir.com/docs/foundry/pb-functions-expression/skipBytesV1/,Foundry & AIP,Data connectivity & integration,P1,"Current official capability navigation entry; subsystem detail, implementation guidance, or API/tool documentation.",2026-07-27,Data connectivity & integration
Soundex,https://www.palantir.com/docs/foundry/pb-functions-expression/soundexV1/,Foundry & AIP,Data connectivity & integration,P1,"Current official capability navigation entry; subsystem detail, implementation guidance, or API/tool documentation.",2026-07-27,Data connectivity & integration
Split string,https://www.palantir.com/docs/foundry/pb-functions-expression/splitStringV2/,Foundry & AIP,Data connectivity & integration,P1,"Current official capability navigation entry; subsystem detail, implementation guidance, or API/tool documentation.",2026-07-27,Data connectivity & integration
Extract content from spreadsheets in JSON,https://www.palantir.com/docs/foundry/pb-functions-expression/spreadsheetJsonExtractionV1/,Foundry & AIP,Data connectivity & integration,P1,"Current official capability navigation entry; subsystem detail, implementation guidance, or API/tool documentation.",2026-07-27,Data connectivity & integration
Square root,https://www.palantir.com/docs/foundry/pb-functions-expression/sqrtV1/,Foundry & AIP,Data connectivity & integration,P1,"Current official capability navigation entry; subsystem detail, implementation guidance, or API/tool documentation.",2026-07-27,Data connectivity & integration
Standard deviation,https://www.palantir.com/docs/foundry/pb-functions-expression/standardDeviationV1/,Foundry & AIP,Data connectivity & integration,P1,"Current official capability navigation entry; subsystem detail, implementation guidance, or API/tool documentation.",2026-07-27,Data connectivity & integration
Starts with,https://www.palantir.com/docs/foundry/pb-functions-expression/startsWithV1/,Foundry & AIP,Data connectivity & integration,P1,"Current official capability navigation entry; subsystem detail, implementation guidance, or API/tool documentation.",2026-07-27,Data connectivity & integration
String after delimiter,https://www.palantir.com/docs/foundry/pb-functions-expression/stringAfterDelimiterV1/,Foundry & AIP,Data connectivity & integration,P1,"Current official capability navigation entry; subsystem detail, implementation guidance, or API/tool documentation.",2026-07-27,Data connectivity & integration
String before delimiter,https://www.palantir.com/docs/foundry/pb-functions-expression/stringBeforeDelimiterV1/,Foundry & AIP,Data connectivity & integration,P1,"Current official capability navigation entry; subsystem detail, implementation guidance, or API/tool documentation.",2026-07-27,Data connectivity & integration
String contains,https://www.palantir.com/docs/foundry/pb-functions-expression/stringContainsV1/,Foundry & AIP,Data connectivity & integration,P1,"Current official capability navigation entry; subsystem detail, implementation guidance, or API/tool documentation.",2026-07-27,Data connectivity & integration
Convert a string to date,https://www.palantir.com/docs/foundry/pb-functions-expression/stringToDateV2/,Foundry & AIP,Data connectivity & integration,P1,"Current official capability navigation entry; subsystem detail, implementation guidance, or API/tool documentation.",2026-07-27,Data connectivity & integration
Convert a string to timestamp,https://www.palantir.com/docs/foundry/pb-functions-expression/stringToTimestampV2/,Foundry & AIP,Data connectivity & integration,P1,"Current official capability navigation entry; subsystem detail, implementation guidance, or API/tool documentation.",2026-07-27,Data connectivity & integration
Substring,https://www.palantir.com/docs/foundry/pb-functions-expression/substringV1/,Foundry & AIP,Data connectivity & integration,P1,"Current official capability navigation entry; subsystem detail, implementation guidance, or API/tool documentation.",2026-07-27,Data connectivity & integration
Subtract multiple expressions,https://www.palantir.com/docs/foundry/pb-functions-expression/subtractManyV1/,Foundry & AIP,Data connectivity & integration,P1,"Current official capability navigation entry; subsystem detail, implementation guidance, or API/tool documentation.",2026-07-27,Data connectivity & integration
Subtract numbers,https://www.palantir.com/docs/foundry/pb-functions-expression/subtractV1/,Foundry & AIP,Data connectivity & integration,P1,"Current official capability navigation entry; subsystem detail, implementation guidance, or API/tool documentation.",2026-07-27,Data connectivity & integration
Sum,https://www.palantir.com/docs/foundry/pb-functions-expression/sumV1/,Foundry & AIP,Data connectivity & integration,P1,"Current official capability navigation entry; subsystem detail, implementation guidance, or API/tool documentation.",2026-07-27,Data connectivity & integration
Tangent,https://www.palantir.com/docs/foundry/pb-functions-expression/tangentV1/,Foundry & AIP,Data connectivity & integration,P1,"Current official capability navigation entry; subsystem detail, implementation guidance, or API/tool documentation.",2026-07-27,Data connectivity & integration
Text segmentation,https://www.palantir.com/docs/foundry/pb-functions-expression/textSegmentationV1/,Foundry & AIP,Data connectivity & integration,P1,"Current official capability navigation entry; subsystem detail, implementation guidance, or API/tool documentation.",2026-07-27,Data connectivity & integration
Text to embeddings,https://www.palantir.com/docs/foundry/pb-functions-expression/textToEmbeddingsV2/,Foundry & AIP,Data connectivity & integration,P1,"Current official capability navigation entry; subsystem detail, implementation guidance, or API/tool documentation.",2026-07-27,Data connectivity & integration
Timestamp add,https://www.palantir.com/docs/foundry/pb-functions-expression/timestampAddV1/,Foundry & AIP,Data connectivity & integration,P1,"Current official capability navigation entry; subsystem detail, implementation guidance, or API/tool documentation.",2026-07-27,Data connectivity & integration
Timestamp difference,https://www.palantir.com/docs/foundry/pb-functions-expression/timestampDiffV1/,Foundry & AIP,Data connectivity & integration,P1,"Current official capability navigation entry; subsystem detail, implementation guidance, or API/tool documentation.",2026-07-27,Data connectivity & integration
Convert timestamp from UTC,https://www.palantir.com/docs/foundry/pb-functions-expression/timestampFromUtcV1/,Foundry & AIP,Data connectivity & integration,P1,"Current official capability navigation entry; subsystem detail, implementation guidance, or API/tool documentation.",2026-07-27,Data connectivity & integration
Extract timestamp part,https://www.palantir.com/docs/foundry/pb-functions-expression/timestampPartV1/,Foundry & AIP,Data connectivity & integration,P1,"Current official capability navigation entry; subsystem detail, implementation guidance, or API/tool documentation.",2026-07-27,Data connectivity & integration
Timestamp sequence,https://www.palantir.com/docs/foundry/pb-functions-expression/timestampSequenceV1/,Foundry & AIP,Data connectivity & integration,P1,"Current official capability navigation entry; subsystem detail, implementation guidance, or API/tool documentation.",2026-07-27,Data connectivity & integration
Timestamp subtract,https://www.palantir.com/docs/foundry/pb-functions-expression/timestampSubtractV1/,Foundry & AIP,Data connectivity & integration,P1,"Current official capability navigation entry; subsystem detail, implementation guidance, or API/tool documentation.",2026-07-27,Data connectivity & integration
Timestamp to epoch millis,https://www.palantir.com/docs/foundry/pb-functions-expression/timestampToEpochMillisV1/,Foundry & AIP,Data connectivity & integration,P1,"Current official capability navigation entry; subsystem detail, implementation guidance, or API/tool documentation.",2026-07-27,Data connectivity & integration
Timestamp to epoch seconds,https://www.palantir.com/docs/foundry/pb-functions-expression/timestampToEpochSecondsV1/,Foundry & AIP,Data connectivity & integration,P1,"Current official capability navigation entry; subsystem detail, implementation guidance, or API/tool documentation.",2026-07-27,Data connectivity & integration
Format timestamp as string,https://www.palantir.com/docs/foundry/pb-functions-expression/timestampToStringV2/,Foundry & AIP,Data connectivity & integration,P1,"Current official capability navigation entry; subsystem detail, implementation guidance, or API/tool documentation.",2026-07-27,Data connectivity & integration
Convert timestamp to UTC,https://www.palantir.com/docs/foundry/pb-functions-expression/timestampToUtcV1/,Foundry & AIP,Data connectivity & integration,P1,"Current official capability navigation entry; subsystem detail, implementation guidance, or API/tool documentation.",2026-07-27,Data connectivity & integration
Truncate timestamp,https://www.palantir.com/docs/foundry/pb-functions-expression/timestampTruncateV1/,Foundry & AIP,Data connectivity & integration,P1,"Current official capability navigation entry; subsystem detail, implementation guidance, or API/tool documentation.",2026-07-27,Data connectivity & integration
Title case,https://www.palantir.com/docs/foundry/pb-functions-expression/titleCaseV1/,Foundry & AIP,Data connectivity & integration,P1,"Current official capability navigation entry; subsystem detail, implementation guidance, or API/tool documentation.",2026-07-27,Data connectivity & integration
Token set ratio,https://www.palantir.com/docs/foundry/pb-functions-expression/tokenSetRatioV1/,Foundry & AIP,Data connectivity & integration,P1,"Current official capability navigation entry; subsystem detail, implementation guidance, or API/tool documentation.",2026-07-27,Data connectivity & integration
Transform array element,https://www.palantir.com/docs/foundry/pb-functions-expression/transformArrayElementV1/,Foundry & AIP,Data connectivity & integration,P1,"Current official capability navigation entry; subsystem detail, implementation guidance, or API/tool documentation.",2026-07-27,Data connectivity & integration
Transform map keys,https://www.palantir.com/docs/foundry/pb-functions-expression/transformMapKeysV1/,Foundry & AIP,Data connectivity & integration,P1,"Current official capability navigation entry; subsystem detail, implementation guidance, or API/tool documentation.",2026-07-27,Data connectivity & integration
Transform map values,https://www.palantir.com/docs/foundry/pb-functions-expression/transformMapValuesV1/,Foundry & AIP,Data connectivity & integration,P1,"Current official capability navigation entry; subsystem detail, implementation guidance, or API/tool documentation.",2026-07-27,Data connectivity & integration
Character-wise translate string,https://www.palantir.com/docs/foundry/pb-functions-expression/translateStringV1/,Foundry & AIP,Data connectivity & integration,P1,"Current official capability navigation entry; subsystem detail, implementation guidance, or API/tool documentation.",2026-07-27,Data connectivity & integration
Trim whitespace,https://www.palantir.com/docs/foundry/pb-functions-expression/trimV1/,Foundry & AIP,Data connectivity & integration,P1,"Current official capability navigation entry; subsystem detail, implementation guidance, or API/tool documentation.",2026-07-27,Data connectivity & integration
Uncompact a set of H3 indices,https://www.palantir.com/docs/foundry/pb-functions-expression/uncompactH3SetV1/,Foundry & AIP,Data connectivity & integration,P1,"Current official capability navigation entry; subsystem detail, implementation guidance, or API/tool documentation.",2026-07-27,Data connectivity & integration
Unicode normalize,https://www.palantir.com/docs/foundry/pb-functions-expression/unicodeNormalizeV1/,Foundry & AIP,Data connectivity & integration,P1,"Current official capability navigation entry; subsystem detail, implementation guidance, or API/tool documentation.",2026-07-27,Data connectivity & integration
Uniform random number,https://www.palantir.com/docs/foundry/pb-functions-expression/uniformRandomV1/,Foundry & AIP,Data connectivity & integration,P1,"Current official capability navigation entry; subsystem detail, implementation guidance, or API/tool documentation.",2026-07-27,Data connectivity & integration
Uppercase,https://www.palantir.com/docs/foundry/pb-functions-expression/uppercaseV1/,Foundry & AIP,Data connectivity & integration,P1,"Current official capability navigation entry; subsystem detail, implementation guidance, or API/tool documentation.",2026-07-27,Data connectivity & integration
Url decode,https://www.palantir.com/docs/foundry/pb-functions-expression/urlDecodeV1/,Foundry & AIP,Data connectivity & integration,P1,"Current official capability navigation entry; subsystem detail, implementation guidance, or API/tool documentation.",2026-07-27,Data connectivity & integration
Url encode,https://www.palantir.com/docs/foundry/pb-functions-expression/urlEncodeV1/,Foundry & AIP,Data connectivity & integration,P1,"Current official capability navigation entry; subsystem detail, implementation guidance, or API/tool documentation.",2026-07-27,Data connectivity & integration
Use LLM,https://www.palantir.com/docs/foundry/pb-functions-expression/useLlmV3/,Foundry & AIP,Data connectivity & integration,P1,"Current official capability navigation entry; subsystem detail, implementation guidance, or API/tool documentation.",2026-07-27,Data connectivity & integration
Universally unique identifier (uuid) (unstable),https://www.palantir.com/docs/foundry/pb-functions-expression/uuidV1/,Foundry & AIP,Data connectivity & integration,P1,"Current official capability navigation entry; subsystem detail, implementation guidance, or API/tool documentation.",2026-07-27,Data connectivity & integration
UUID V5,https://www.palantir.com/docs/foundry/pb-functions-expression/uuidV5V1/,Foundry & AIP,Data connectivity & integration,P1,"Current official capability navigation entry; subsystem detail, implementation guidance, or API/tool documentation.",2026-07-27,Data connectivity & integration
Value from map,https://www.palantir.com/docs/foundry/pb-functions-expression/valueFromMapV1/,Foundry & AIP,Data connectivity & integration,P1,"Current official capability navigation entry; subsystem detail, implementation guidance, or API/tool documentation.",2026-07-27,Data connectivity & integration
Variance,https://www.palantir.com/docs/foundry/pb-functions-expression/varianceV1/,Foundry & AIP,Data connectivity & integration,P1,"Current official capability navigation entry; subsystem detail, implementation guidance, or API/tool documentation.",2026-07-27,Data connectivity & integration
Get XZ curve index of an envelope,https://www.palantir.com/docs/foundry/pb-functions-expression/xzCurveEncodeV1/,Foundry & AIP,Data connectivity & integration,P1,"Current official capability navigation entry; subsystem detail, implementation guidance, or API/tool documentation.",2026-07-27,Data connectivity & integration
Aggregate on condition,https://www.palantir.com/docs/foundry/pb-functions-transform/aggregateOnConditionV1/,Foundry & AIP,Data connectivity & integration,P1,"Current official capability navigation entry; subsystem detail, implementation guidance, or API/tool documentation.",2026-07-27,Data connectivity & integration
Aggregate over window,https://www.palantir.com/docs/foundry/pb-functions-transform/aggregateOverWindowV2/,Foundry & AIP,Data connectivity & integration,P1,"Current official capability navigation entry; subsystem detail, implementation guidance, or API/tool documentation.",2026-07-27,Data connectivity & integration
Aggregate,https://www.palantir.com/docs/foundry/pb-functions-transform/aggregateV1/,Foundry & AIP,Data connectivity & integration,P1,"Current official capability navigation entry; subsystem detail, implementation guidance, or API/tool documentation.",2026-07-27,Data connectivity & integration
Apply expression,https://www.palantir.com/docs/foundry/pb-functions-transform/applyExpressionV1/,Foundry & AIP,Data connectivity & integration,P1,"Current official capability navigation entry; subsystem detail, implementation guidance, or API/tool documentation.",2026-07-27,Data connectivity & integration
Array elements to columns,https://www.palantir.com/docs/foundry/pb-functions-transform/arrayToColumnsV1/,Foundry & AIP,Data connectivity & integration,P1,"Current official capability navigation entry; subsystem detail, implementation guidance, or API/tool documentation.",2026-07-27,Data connectivity & integration
Assign timestamps and watermarks,https://www.palantir.com/docs/foundry/pb-functions-transform/assignTimestampsAndWatermarksV1/,Foundry & AIP,Data connectivity & integration,P1,"Current official capability navigation entry; subsystem detail, implementation guidance, or API/tool documentation.",2026-07-27,Data connectivity & integration
Coalesce data,https://www.palantir.com/docs/foundry/pb-functions-transform/coalesceV1/,Foundry & AIP,Data connectivity & integration,P1,"Current official capability navigation entry; subsystem detail, implementation guidance, or API/tool documentation.",2026-07-27,Data connectivity & integration
Anti join,https://www.palantir.com/docs/foundry/pb-functions-transform/complexAntiJoinV1/,Foundry & AIP,Data connectivity & integration,P1,"Current official capability navigation entry; subsystem detail, implementation guidance, or API/tool documentation.",2026-07-27,Data connectivity & integration
Cross join,https://www.palantir.com/docs/foundry/pb-functions-transform/complexCrossJoinV1/,Foundry & AIP,Data connectivity & integration,P1,"Current official capability navigation entry; subsystem detail, implementation guidance, or API/tool documentation.",2026-07-27,Data connectivity & integration
Inner join,https://www.palantir.com/docs/foundry/pb-functions-transform/complexInnerJoinV1/,Foundry & AIP,Data connectivity & integration,P1,"Current official capability navigation entry; subsystem detail, implementation guidance, or API/tool documentation.",2026-07-27,Data connectivity & integration
KNN join,https://www.palantir.com/docs/foundry/pb-functions-transform/complexKnnJoinV1/,Foundry & AIP,Data connectivity & integration,P1,"Current official capability navigation entry; subsystem detail, implementation guidance, or API/tool documentation.",2026-07-27,Data connectivity & integration
Left join,https://www.palantir.com/docs/foundry/pb-functions-transform/complexLeftJoinV1/,Foundry & AIP,Data connectivity & integration,P1,"Current official capability navigation entry; subsystem detail, implementation guidance, or API/tool documentation.",2026-07-27,Data connectivity & integration
Outer join,https://www.palantir.com/docs/foundry/pb-functions-transform/complexOuterJoinV1/,Foundry & AIP,Data connectivity & integration,P1,"Current official capability navigation entry; subsystem detail, implementation guidance, or API/tool documentation.",2026-07-27,Data connectivity & integration
Semi join,https://www.palantir.com/docs/foundry/pb-functions-transform/complexSemiJoinV1/,Foundry & AIP,Data connectivity & integration,P1,"Current official capability navigation entry; subsystem detail, implementation guidance, or API/tool documentation.",2026-07-27,Data connectivity & integration
Compute if expression absent,https://www.palantir.com/docs/foundry/pb-functions-transform/computeExpressionIfAbsentV1/,Foundry & AIP,Data connectivity & integration,P1,"Current official capability navigation entry; subsystem detail, implementation guidance, or API/tool documentation.",2026-07-27,Data connectivity & integration
Date distribution,https://www.palantir.com/docs/foundry/pb-functions-transform/dateDistributionV1/,Foundry & AIP,Data connectivity & integration,P1,"Current official capability navigation entry; subsystem detail, implementation guidance, or API/tool documentation.",2026-07-27,Data connectivity & integration
Drop duplicates,https://www.palantir.com/docs/foundry/pb-functions-transform/dropDuplicatesV1/,Foundry & AIP,Data connectivity & integration,P1,"Current official capability navigation entry; subsystem detail, implementation guidance, or API/tool documentation.",2026-07-27,Data connectivity & integration
Drop columns,https://www.palantir.com/docs/foundry/pb-functions-transform/dropV1/,Foundry & AIP,Data connectivity & integration,P1,"Current official capability navigation entry; subsystem detail, implementation guidance, or API/tool documentation.",2026-07-27,Data connectivity & integration
Empty file,https://www.palantir.com/docs/foundry/pb-functions-transform/emptyFileV1/,Foundry & AIP,Data connectivity & integration,P1,"Current official capability navigation entry; subsystem detail, implementation guidance, or API/tool documentation.",2026-07-27,Data connectivity & integration
Empty media set file,https://www.palantir.com/docs/foundry/pb-functions-transform/emptyMediaSetFileV1/,Foundry & AIP,Data connectivity & integration,P1,"Current official capability navigation entry; subsystem detail, implementation guidance, or API/tool documentation.",2026-07-27,Data connectivity & integration
Empty table,https://www.palantir.com/docs/foundry/pb-functions-transform/emptyTableV1/,Foundry & AIP,Data connectivity & integration,P1,"Current official capability navigation entry; subsystem detail, implementation guidance, or API/tool documentation.",2026-07-27,Data connectivity & integration
Extract rows from a dataset of email files,https://www.palantir.com/docs/foundry/pb-functions-transform/extractEmailDataAsRowsV1/,Foundry & AIP,Data connectivity & integration,P1,"Current official capability navigation entry; subsystem detail, implementation guidance, or API/tool documentation.",2026-07-27,Data connectivity & integration
Extract file metadata from dataset as rows,https://www.palantir.com/docs/foundry/pb-functions-transform/extractFileMetadataAsRowsV1/,Foundry & AIP,Data connectivity & integration,P1,"Current official capability navigation entry; subsystem detail, implementation guidance, or API/tool documentation.",2026-07-27,Data connectivity & integration
Filter files,https://www.palantir.com/docs/foundry/pb-functions-transform/filterFilesV1/,Foundry & AIP,Data connectivity & integration,P1,"Current official capability navigation entry; subsystem detail, implementation guidance, or API/tool documentation.",2026-07-27,Data connectivity & integration
Filter,https://www.palantir.com/docs/foundry/pb-functions-transform/filterV1/,Foundry & AIP,Data connectivity & integration,P1,"Current official capability navigation entry; subsystem detail, implementation guidance, or API/tool documentation.",2026-07-27,Data connectivity & integration
First union by name,https://www.palantir.com/docs/foundry/pb-functions-transform/firstUnionByNameV1/,Foundry & AIP,Data connectivity & integration,P1,"Current official capability navigation entry; subsystem detail, implementation guidance, or API/tool documentation.",2026-07-27,Data connectivity & integration
Flatten struct,https://www.palantir.com/docs/foundry/pb-functions-transform/flattenStructV1/,Foundry & AIP,Data connectivity & integration,P1,"Current official capability navigation entry; subsystem detail, implementation guidance, or API/tool documentation.",2026-07-27,Data connectivity & integration
Frequent pattern growth,https://www.palantir.com/docs/foundry/pb-functions-transform/fpGrowthV1/,Foundry & AIP,Data connectivity & integration,P1,"Current official capability navigation entry; subsystem detail, implementation guidance, or API/tool documentation.",2026-07-27,Data connectivity & integration
Outer caching join,https://www.palantir.com/docs/foundry/pb-functions-transform/frontendOuterCachingJoinV3/,Foundry & AIP,Data connectivity & integration,P1,"Current official capability navigation entry; subsystem detail, implementation guidance, or API/tool documentation.",2026-07-27,Data connectivity & integration
Geo distance inner join,https://www.palantir.com/docs/foundry/pb-functions-transform/geoDistanceInnerJoinV1/,Foundry & AIP,Data connectivity & integration,P1,"Current official capability navigation entry; subsystem detail, implementation guidance, or API/tool documentation.",2026-07-27,Data connectivity & integration
Geo distance left join,https://www.palantir.com/docs/foundry/pb-functions-transform/geoDistanceLeftJoinV1/,Foundry & AIP,Data connectivity & integration,P1,"Current official capability navigation entry; subsystem detail, implementation guidance, or API/tool documentation.",2026-07-27,Data connectivity & integration
Geo intersection left anti join,https://www.palantir.com/docs/foundry/pb-functions-transform/geoIntersectionAntiJoinV1/,Foundry & AIP,Data connectivity & integration,P1,"Current official capability navigation entry; subsystem detail, implementation guidance, or API/tool documentation.",2026-07-27,Data connectivity & integration
Geo intersection inner join,https://www.palantir.com/docs/foundry/pb-functions-transform/geoIntersectionInnerJoinV1/,Foundry & AIP,Data connectivity & integration,P1,"Current official capability navigation entry; subsystem detail, implementation guidance, or API/tool documentation.",2026-07-27,Data connectivity & integration
Geometry intersection join,https://www.palantir.com/docs/foundry/pb-functions-transform/geoIntersectionJoinV1/,Foundry & AIP,Data connectivity & integration,P1,"Current official capability navigation entry; subsystem detail, implementation guidance, or API/tool documentation.",2026-07-27,Data connectivity & integration
Geo intersection left join,https://www.palantir.com/docs/foundry/pb-functions-transform/geoIntersectionLeftJoinV1/,Foundry & AIP,Data connectivity & integration,P1,"Current official capability navigation entry; subsystem detail, implementation guidance, or API/tool documentation.",2026-07-27,Data connectivity & integration
Geometry knn inner join,https://www.palantir.com/docs/foundry/pb-functions-transform/geoKnnInnerJoinV1/,Foundry & AIP,Data connectivity & integration,P1,"Current official capability navigation entry; subsystem detail, implementation guidance, or API/tool documentation.",2026-07-27,Data connectivity & integration
Geometry knn left join,https://www.palantir.com/docs/foundry/pb-functions-transform/geoKnnLeftJoinV1/,Foundry & AIP,Data connectivity & integration,P1,"Current official capability navigation entry; subsystem detail, implementation guidance, or API/tool documentation.",2026-07-27,Data connectivity & integration
GeoPoint-to-GeoPoint 3d distance inner join,https://www.palantir.com/docs/foundry/pb-functions-transform/geoPointToPoint3dDistanceInnerJoinV1/,Foundry & AIP,Data connectivity & integration,P1,"Current official capability navigation entry; subsystem detail, implementation guidance, or API/tool documentation.",2026-07-27,Data connectivity & integration
Extract many struct fields,https://www.palantir.com/docs/foundry/pb-functions-transform/getManyStructFieldsV1/,Foundry & AIP,Data connectivity & integration,P1,"Current official capability navigation entry; subsystem detail, implementation guidance, or API/tool documentation.",2026-07-27,Data connectivity & integration
Heartbeat detection,https://www.palantir.com/docs/foundry/pb-functions-transform/heartbeatDetectionV2/,Foundry & AIP,Data connectivity & integration,P1,"Current official capability navigation entry; subsystem detail, implementation guidance, or API/tool documentation.",2026-07-27,Data connectivity & integration
Join,https://www.palantir.com/docs/foundry/pb-functions-transform/joinV2/,Foundry & AIP,Data connectivity & integration,P1,"Current official capability navigation entry; subsystem detail, implementation guidance, or API/tool documentation.",2026-07-27,Data connectivity & integration
Keeps duplicates,https://www.palantir.com/docs/foundry/pb-functions-transform/keepDuplicatesV1/,Foundry & AIP,Data connectivity & integration,P1,"Current official capability navigation entry; subsystem detail, implementation guidance, or API/tool documentation.",2026-07-27,Data connectivity & integration
Key by,https://www.palantir.com/docs/foundry/pb-functions-transform/keyByV3/,Foundry & AIP,Data connectivity & integration,P1,"Current official capability navigation entry; subsystem detail, implementation guidance, or API/tool documentation.",2026-07-27,Data connectivity & integration
K-means clustering,https://www.palantir.com/docs/foundry/pb-functions-transform/kmeansV1/,Foundry & AIP,Data connectivity & integration,P1,"Current official capability navigation entry; subsystem detail, implementation guidance, or API/tool documentation.",2026-07-27,Data connectivity & integration
Left lookup join,https://www.palantir.com/docs/foundry/pb-functions-transform/leftLookupJoinV2/,Foundry & AIP,Data connectivity & integration,P1,"Current official capability navigation entry; subsystem detail, implementation guidance, or API/tool documentation.",2026-07-27,Data connectivity & integration
Get media references (datasets),https://www.palantir.com/docs/foundry/pb-functions-transform/loadMediaReferencesV1/,Foundry & AIP,Data connectivity & integration,P1,"Current official capability navigation entry; subsystem detail, implementation guidance, or API/tool documentation.",2026-07-27,Data connectivity & integration
Convert media set to table rows,https://www.palantir.com/docs/foundry/pb-functions-transform/loadMediaSetReferencesV2/,Foundry & AIP,Data connectivity & integration,P1,"Current official capability navigation entry; subsystem detail, implementation guidance, or API/tool documentation.",2026-07-27,Data connectivity & integration
Manually entered table,https://www.palantir.com/docs/foundry/pb-functions-transform/manuallyEnteredTableV1/,Foundry & AIP,Data connectivity & integration,P1,"Current official capability navigation entry; subsystem detail, implementation guidance, or API/tool documentation.",2026-07-27,Data connectivity & integration
Mapping join,https://www.palantir.com/docs/foundry/pb-functions-transform/mappingJoinV1/,Foundry & AIP,Data connectivity & integration,P1,"Current official capability navigation entry; subsystem detail, implementation guidance, or API/tool documentation.",2026-07-27,Data connectivity & integration
Narrow union by name,https://www.palantir.com/docs/foundry/pb-functions-transform/narrowUnionByNameV1/,Foundry & AIP,Data connectivity & integration,P1,"Current official capability navigation entry; subsystem detail, implementation guidance, or API/tool documentation.",2026-07-27,Data connectivity & integration
New operator chain,https://www.palantir.com/docs/foundry/pb-functions-transform/newOperatorChainV1/,Foundry & AIP,Data connectivity & integration,P1,"Current official capability navigation entry; subsystem detail, implementation guidance, or API/tool documentation.",2026-07-27,Data connectivity & integration
Normalize column names,https://www.palantir.com/docs/foundry/pb-functions-transform/normalizeColumnNamesV1/,Foundry & AIP,Data connectivity & integration,P1,"Current official capability navigation entry; subsystem detail, implementation guidance, or API/tool documentation.",2026-07-27,Data connectivity & integration
Numeric distribution,https://www.palantir.com/docs/foundry/pb-functions-transform/numericDistributionV2/,Foundry & AIP,Data connectivity & integration,P1,"Current official capability navigation entry; subsystem detail, implementation guidance, or API/tool documentation.",2026-07-27,Data connectivity & integration
Outer caching join,https://www.palantir.com/docs/foundry/pb-functions-transform/outerCachingJoinV3/,Foundry & AIP,Data connectivity & integration,P1,"Current official capability navigation entry; subsystem detail, implementation guidance, or API/tool documentation.",2026-07-27,Data connectivity & integration
Extract rows from a CSV file,https://www.palantir.com/docs/foundry/pb-functions-transform/parseCsvV1/,Foundry & AIP,Data connectivity & integration,P1,"Current official capability navigation entry; subsystem detail, implementation guidance, or API/tool documentation.",2026-07-27,Data connectivity & integration
Extract rows from an Excel file,https://www.palantir.com/docs/foundry/pb-functions-transform/parseExcelV2/,Foundry & AIP,Data connectivity & integration,P1,"Current official capability navigation entry; subsystem detail, implementation guidance, or API/tool documentation.",2026-07-27,Data connectivity & integration
Extract rows from a GeoJSON file,https://www.palantir.com/docs/foundry/pb-functions-transform/parseGeoJsonV1/,Foundry & AIP,Data connectivity & integration,P1,"Current official capability navigation entry; subsystem detail, implementation guidance, or API/tool documentation.",2026-07-27,Data connectivity & integration
Extract rows from a JSON file,https://www.palantir.com/docs/foundry/pb-functions-transform/parseJsonV1/,Foundry & AIP,Data connectivity & integration,P1,"Current official capability navigation entry; subsystem detail, implementation guidance, or API/tool documentation.",2026-07-27,Data connectivity & integration
Parse KML files into geometry lists,https://www.palantir.com/docs/foundry/pb-functions-transform/parseKmlFilesV1/,Foundry & AIP,Data connectivity & integration,P1,"Current official capability navigation entry; subsystem detail, implementation guidance, or API/tool documentation.",2026-07-27,Data connectivity & integration
Extract rows from shapefile,https://www.palantir.com/docs/foundry/pb-functions-transform/parseShapefileV1/,Foundry & AIP,Data connectivity & integration,P1,"Current official capability navigation entry; subsystem detail, implementation guidance, or API/tool documentation.",2026-07-27,Data connectivity & integration
Extract rows from a dataset of text files,https://www.palantir.com/docs/foundry/pb-functions-transform/parseTextFileV1/,Foundry & AIP,Data connectivity & integration,P1,"Current official capability navigation entry; subsystem detail, implementation guidance, or API/tool documentation.",2026-07-27,Data connectivity & integration
Pivot,https://www.palantir.com/docs/foundry/pb-functions-transform/pivotV1/,Foundry & AIP,Data connectivity & integration,P1,"Current official capability navigation entry; subsystem detail, implementation guidance, or API/tool documentation.",2026-07-27,Data connectivity & integration
Apply to multiple columns,https://www.palantir.com/docs/foundry/pb-functions-transform/projectOnConditionV1/,Foundry & AIP,Data connectivity & integration,P1,"Current official capability navigation entry; subsystem detail, implementation guidance, or API/tool documentation.",2026-07-27,Data connectivity & integration
Apply multiple expressions,https://www.palantir.com/docs/foundry/pb-functions-transform/projectV1/,Foundry & AIP,Data connectivity & integration,P1,"Current official capability navigation entry; subsystem detail, implementation guidance, or API/tool documentation.",2026-07-27,Data connectivity & integration
Rename columns,https://www.palantir.com/docs/foundry/pb-functions-transform/renameColumnsV1/,Foundry & AIP,Data connectivity & integration,P1,"Current official capability navigation entry; subsystem detail, implementation guidance, or API/tool documentation.",2026-07-27,Data connectivity & integration
Repartition data,https://www.palantir.com/docs/foundry/pb-functions-transform/repartitionV1/,Foundry & AIP,Data connectivity & integration,P1,"Current official capability navigation entry; subsystem detail, implementation guidance, or API/tool documentation.",2026-07-27,Data connectivity & integration
Rollup,https://www.palantir.com/docs/foundry/pb-functions-transform/rollUpV1/,Foundry & AIP,Data connectivity & integration,P1,"Current official capability navigation entry; subsystem detail, implementation guidance, or API/tool documentation.",2026-07-27,Data connectivity & integration
Row size,https://www.palantir.com/docs/foundry/pb-functions-transform/rowSizeV1/,Foundry & AIP,Data connectivity & integration,P1,"Current official capability navigation entry; subsystem detail, implementation guidance, or API/tool documentation.",2026-07-27,Data connectivity & integration
Select columns,https://www.palantir.com/docs/foundry/pb-functions-transform/selectV1/,Foundry & AIP,Data connectivity & integration,P1,"Current official capability navigation entry; subsystem detail, implementation guidance, or API/tool documentation.",2026-07-27,Data connectivity & integration
Sort,https://www.palantir.com/docs/foundry/pb-functions-transform/sortV2/,Foundry & AIP,Data connectivity & integration,P1,"Current official capability navigation entry; subsystem detail, implementation guidance, or API/tool documentation.",2026-07-27,Data connectivity & integration
Split on condition,https://www.palantir.com/docs/foundry/pb-functions-transform/splitOnConditionV1/,Foundry & AIP,Data connectivity & integration,P1,"Current official capability navigation entry; subsystem detail, implementation guidance, or API/tool documentation.",2026-07-27,Data connectivity & integration
Text block,https://www.palantir.com/docs/foundry/pb-functions-transform/textBlockV1/,Foundry & AIP,Data connectivity & integration,P1,"Current official capability navigation entry; subsystem detail, implementation guidance, or API/tool documentation.",2026-07-27,Data connectivity & integration
Time bounded drop duplicates,https://www.palantir.com/docs/foundry/pb-functions-transform/timeBoundedDropDuplicatesV3/,Foundry & AIP,Data connectivity & integration,P1,"Current official capability navigation entry; subsystem detail, implementation guidance, or API/tool documentation.",2026-07-27,Data connectivity & integration
Time bounded drop out of order,https://www.palantir.com/docs/foundry/pb-functions-transform/timeBoundedDropOutOfOrderTransformV1/,Foundry & AIP,Data connectivity & integration,P1,"Current official capability navigation entry; subsystem detail, implementation guidance, or API/tool documentation.",2026-07-27,Data connectivity & integration
Time bounded event time sort,https://www.palantir.com/docs/foundry/pb-functions-transform/timeBoundedEventTimeSortV1/,Foundry & AIP,Data connectivity & integration,P1,"Current official capability navigation entry; subsystem detail, implementation guidance, or API/tool documentation.",2026-07-27,Data connectivity & integration
Top rows,https://www.palantir.com/docs/foundry/pb-functions-transform/topRowV2/,Foundry & AIP,Data connectivity & integration,P1,"Current official capability navigation entry; subsystem detail, implementation guidance, or API/tool documentation.",2026-07-27,Data connectivity & integration
Decompress gzip files,https://www.palantir.com/docs/foundry/pb-functions-transform/ungzipFilesV1/,Foundry & AIP,Data connectivity & integration,P1,"Current official capability navigation entry; subsystem detail, implementation guidance, or API/tool documentation.",2026-07-27,Data connectivity & integration
Union by name,https://www.palantir.com/docs/foundry/pb-functions-transform/unionByNameV1/,Foundry & AIP,Data connectivity & integration,P1,"Current official capability navigation entry; subsystem detail, implementation guidance, or API/tool documentation.",2026-07-27,Data connectivity & integration
Union files,https://www.palantir.com/docs/foundry/pb-functions-transform/unionFilesV1/,Foundry & AIP,Data connectivity & integration,P1,"Current official capability navigation entry; subsystem detail, implementation guidance, or API/tool documentation.",2026-07-27,Data connectivity & integration
Unpivot,https://www.palantir.com/docs/foundry/pb-functions-transform/unpivotV1/,Foundry & AIP,Data connectivity & integration,P1,"Current official capability navigation entry; subsystem detail, implementation guidance, or API/tool documentation.",2026-07-27,Data connectivity & integration
Decompress tar files,https://www.palantir.com/docs/foundry/pb-functions-transform/untarFilesV1/,Foundry & AIP,Data connectivity & integration,P1,"Current official capability navigation entry; subsystem detail, implementation guidance, or API/tool documentation.",2026-07-27,Data connectivity & integration
Unzip files,https://www.palantir.com/docs/foundry/pb-functions-transform/unzipFilesV1/,Foundry & AIP,Data connectivity & integration,P1,"Current official capability navigation entry; subsystem detail, implementation guidance, or API/tool documentation.",2026-07-27,Data connectivity & integration
Uppercase column names,https://www.palantir.com/docs/foundry/pb-functions-transform/uppercaseColumnNamesV1/,Foundry & AIP,Data connectivity & integration,P1,"Current official capability navigation entry; subsystem detail, implementation guidance, or API/tool documentation.",2026-07-27,Data connectivity & integration
Wide union by name,https://www.palantir.com/docs/foundry/pb-functions-transform/wideUnionByNameV1/,Foundry & AIP,Data connectivity & integration,P1,"Current official capability navigation entry; subsystem detail, implementation guidance, or API/tool documentation.",2026-07-27,Data connectivity & integration
Window,https://www.palantir.com/docs/foundry/pb-functions-transform/windowV1/,Foundry & AIP,Data connectivity & integration,P1,"Current official capability navigation entry; subsystem detail, implementation guidance, or API/tool documentation.",2026-07-27,Data connectivity & integration
Project over window,https://www.palantir.com/docs/foundry/pb-functions-transform/windowedProjectV1/,Foundry & AIP,Data connectivity & integration,P1,"Current official capability navigation entry; subsystem detail, implementation guidance, or API/tool documentation.",2026-07-27,Data connectivity & integration
Extract rows from an XML file,https://www.palantir.com/docs/foundry/pb-functions-transform/xmlTagExtractV1/,Foundry & AIP,Data connectivity & integration,P1,"Current official capability navigation entry; subsystem detail, implementation guidance, or API/tool documentation.",2026-07-27,Data connectivity & integration
Configure file peering,https://www.palantir.com/docs/foundry/peer-manager/configure-file-peering/,Foundry & AIP,Data connectivity & integration,P1,"Current official capability navigation entry; subsystem detail, implementation guidance, or API/tool documentation.",2026-07-27,Data connectivity & integration
Configure Ontology peering,https://www.palantir.com/docs/foundry/peer-manager/configure-ontology-peering/,Foundry & AIP,Data connectivity & integration,P1,"Current official capability navigation entry; subsystem detail, implementation guidance, or API/tool documentation.",2026-07-27,Data connectivity & integration
Peer Manager — Core Concepts,https://www.palantir.com/docs/foundry/peer-manager/core-concepts/,Foundry & AIP,Data connectivity & integration,P1,"Current official capability navigation entry; subsystem detail, implementation guidance, or API/tool documentation.",2026-07-27,Data connectivity & integration
Create a peer connection,https://www.palantir.com/docs/foundry/peer-manager/create-a-peer-connection/,Foundry & AIP,Data connectivity & integration,P1,"Current official capability navigation entry; subsystem detail, implementation guidance, or API/tool documentation.",2026-07-27,Data connectivity & integration
Establish a data relay connection,https://www.palantir.com/docs/foundry/peer-manager/establish-data-relay-connection/,Foundry & AIP,Data connectivity & integration,P1,"Current official capability navigation entry; subsystem detail, implementation guidance, or API/tool documentation.",2026-07-27,Data connectivity & integration
Establish a Multipass exchanger connection,https://www.palantir.com/docs/foundry/peer-manager/establish-mpx-connection/,Foundry & AIP,Data connectivity & integration,P1,"Current official capability navigation entry; subsystem detail, implementation guidance, or API/tool documentation.",2026-07-27,Data connectivity & integration
Peer Manager — Faq,https://www.palantir.com/docs/foundry/peer-manager/faq/,Foundry & AIP,Data connectivity & integration,P2,"Current official navigation entry retained for completeness; specialized, lifecycle-warning, or reference material.",2026-07-27,Data connectivity & integration
Ontology peering,https://www.palantir.com/docs/foundry/peer-manager/ontology-peering-overview/,Foundry & AIP,Data connectivity & integration,P1,"Current official capability navigation entry; subsystem detail, implementation guidance, or API/tool documentation.",2026-07-27,Data connectivity & integration
Peer Manager — Overview,https://www.palantir.com/docs/foundry/peer-manager/overview/,Foundry & AIP,Data connectivity & integration,P1,"Current official capability navigation entry; subsystem detail, implementation guidance, or API/tool documentation.",2026-07-27,Data connectivity & integration
Update a peer connection's settings,https://www.palantir.com/docs/foundry/peer-manager/peer-connection-settings/,Foundry & AIP,Data connectivity & integration,P1,"Current official capability navigation entry; subsystem detail, implementation guidance, or API/tool documentation.",2026-07-27,Data connectivity & integration
Peer profiles,https://www.palantir.com/docs/foundry/peer-manager/peer-profiles/,Foundry & AIP,Data connectivity & integration,P1,"Current official capability navigation entry; subsystem detail, implementation guidance, or API/tool documentation.",2026-07-27,Data connectivity & integration
Build an application,https://www.palantir.com/docs/foundry/pilot/build-an-application/,Foundry & AIP,Use case development,P1,"Current official capability navigation entry; subsystem detail, implementation guidance, or API/tool documentation.",2026-07-27,Use case development
Deploy an application,https://www.palantir.com/docs/foundry/pilot/deploy-an-application/,Foundry & AIP,Use case development,P1,"Current official capability navigation entry; subsystem detail, implementation guidance, or API/tool documentation.",2026-07-27,Use case development
Pilot — Getting Started,https://www.palantir.com/docs/foundry/pilot/getting-started/,Foundry & AIP,Use case development,P1,"Current official capability navigation entry; subsystem detail, implementation guidance, or API/tool documentation.",2026-07-27,Use case development
Models and agent modes,https://www.palantir.com/docs/foundry/pilot/models-and-modes/,Foundry & AIP,Use case development,P1,"Current official capability navigation entry; subsystem detail, implementation guidance, or API/tool documentation.",2026-07-27,Use case development
Ontology tab,https://www.palantir.com/docs/foundry/pilot/ontology-tab/,Foundry & AIP,Use case development,P1,"Current official capability navigation entry; subsystem detail, implementation guidance, or API/tool documentation.",2026-07-27,Use case development
Pilot — Overview,https://www.palantir.com/docs/foundry/pilot/overview/,Foundry & AIP,Use case development,P1,"Current official capability navigation entry; subsystem detail, implementation guidance, or API/tool documentation.",2026-07-27,Use case development
Provide context and attachments,https://www.palantir.com/docs/foundry/pilot/provide-context/,Foundry & AIP,Use case development,P1,"Current official capability navigation entry; subsystem detail, implementation guidance, or API/tool documentation.",2026-07-27,Use case development
Troubleshooting,https://www.palantir.com/docs/foundry/pilot/troubleshooting/,Foundry & AIP,Use case development,P2,"Current official navigation entry retained for completeness; specialized, lifecycle-warning, or reference material.",2026-07-27,Use case development
Pilot — Overview,https://www.palantir.com/docs/foundry/pilot/workspace-overview/,Foundry & AIP,Use case development,P1,"Current official capability navigation entry; subsystem detail, implementation guidance, or API/tool documentation.",2026-07-27,Use case development
Approve a change,https://www.palantir.com/docs/foundry/pipeline-builder/branches-approve-a-change/,Foundry & AIP,Data connectivity & integration,P1,"Current official capability navigation entry; subsystem detail, implementation guidance, or API/tool documentation.",2026-07-27,Data connectivity & integration
Create a branch,https://www.palantir.com/docs/foundry/pipeline-builder/branches-create-a-branch/,Foundry & AIP,Data connectivity & integration,P1,"Current official capability navigation entry; subsystem detail, implementation guidance, or API/tool documentation.",2026-07-27,Data connectivity & integration
Fallback branches,https://www.palantir.com/docs/foundry/pipeline-builder/branches-fallback-branches/,Foundry & AIP,Data connectivity & integration,P1,"Current official capability navigation entry; subsystem detail, implementation guidance, or API/tool documentation.",2026-07-27,Data connectivity & integration
Pipeline Builder — Overview,https://www.palantir.com/docs/foundry/pipeline-builder/branches-overview/,Foundry & AIP,Data connectivity & integration,P1,"Current official capability navigation entry; subsystem detail, implementation guidance, or API/tool documentation.",2026-07-27,Data connectivity & integration
Propose a change,https://www.palantir.com/docs/foundry/pipeline-builder/branches-propose-a-change/,Foundry & AIP,Data connectivity & integration,P1,"Current official capability navigation entry; subsystem detail, implementation guidance, or API/tool documentation.",2026-07-27,Data connectivity & integration
Branch protection,https://www.palantir.com/docs/foundry/pipeline-builder/branches-protected-branches/,Foundry & AIP,Data connectivity & integration,P1,"Current official capability navigation entry; subsystem detail, implementation guidance, or API/tool documentation.",2026-07-27,Data connectivity & integration
Breaking changes,https://www.palantir.com/docs/foundry/pipeline-builder/breaking-changes/,Foundry & AIP,Data connectivity & integration,P1,"Current official capability navigation entry; subsystem detail, implementation guidance, or API/tool documentation.",2026-07-27,Data connectivity & integration
Compute profile permissions,https://www.palantir.com/docs/foundry/pipeline-builder/compute-profile-permissions/,Foundry & AIP,Data connectivity & integration,P1,"Current official capability navigation entry; subsystem detail, implementation guidance, or API/tool documentation.",2026-07-27,Data connectivity & integration
Pipeline Builder — Core Concepts,https://www.palantir.com/docs/foundry/pipeline-builder/core-concepts/,Foundry & AIP,Data connectivity & integration,P1,"Current official capability navigation entry; subsystem detail, implementation guidance, or API/tool documentation.",2026-07-27,Data connectivity & integration
Configure data health checks,https://www.palantir.com/docs/foundry/pipeline-builder/dataexpectations-configure-health-check/,Foundry & AIP,Data connectivity & integration,P1,"Current official capability navigation entry; subsystem detail, implementation guidance, or API/tool documentation.",2026-07-27,Data connectivity & integration
Pipeline Builder — Overview,https://www.palantir.com/docs/foundry/pipeline-builder/dataexpectations-overview/,Foundry & AIP,Data connectivity & integration,P1,"Current official capability navigation entry; subsystem detail, implementation guidance, or API/tool documentation.",2026-07-27,Data connectivity & integration
Configure unit tests,https://www.palantir.com/docs/foundry/pipeline-builder/dataexpectations-unit-tests/,Foundry & AIP,Data connectivity & integration,P1,"Current official capability navigation entry; subsystem detail, implementation guidance, or API/tool documentation.",2026-07-27,Data connectivity & integration
Add datasets,https://www.palantir.com/docs/foundry/pipeline-builder/datasets-add/,Foundry & AIP,Data connectivity & integration,P1,"Current official capability navigation entry; subsystem detail, implementation guidance, or API/tool documentation.",2026-07-27,Data connectivity & integration
Computation modes for batch,https://www.palantir.com/docs/foundry/pipeline-builder/datasets-computation-modes-for-batch/,Foundry & AIP,Data connectivity & integration,P1,"Current official capability navigation entry; subsystem detail, implementation guidance, or API/tool documentation.",2026-07-27,Data connectivity & integration
Add generated data,https://www.palantir.com/docs/foundry/pipeline-builder/datasets-generated/,Foundry & AIP,Data connectivity & integration,P1,"Current official capability navigation entry; subsystem detail, implementation guidance, or API/tool documentation.",2026-07-27,Data connectivity & integration
Pipeline Builder — Overview,https://www.palantir.com/docs/foundry/pipeline-builder/datasets-overview/,Foundry & AIP,Data connectivity & integration,P1,"Current official capability navigation entry; subsystem detail, implementation guidance, or API/tool documentation.",2026-07-27,Data connectivity & integration
Configure sources and dataset syncs,https://www.palantir.com/docs/foundry/pipeline-builder/datasets-sources/,Foundry & AIP,Data connectivity & integration,P1,"Current official capability navigation entry; subsystem detail, implementation guidance, or API/tool documentation.",2026-07-27,Data connectivity & integration
Evaluation suite,https://www.palantir.com/docs/foundry/pipeline-builder/evaluation-suite/,Foundry & AIP,Data connectivity & integration,P1,"Current official capability navigation entry; subsystem detail, implementation guidance, or API/tool documentation.",2026-07-27,Data connectivity & integration
Export pipeline code,https://www.palantir.com/docs/foundry/pipeline-builder/export-pipeline/,Foundry & AIP,Data connectivity & integration,P1,"Current official capability navigation entry; subsystem detail, implementation guidance, or API/tool documentation.",2026-07-27,Data connectivity & integration
Functions Index,https://www.palantir.com/docs/foundry/pipeline-builder/functions-index/,Foundry & AIP,Data connectivity & integration,P1,"Current official capability navigation entry; subsystem detail, implementation guidance, or API/tool documentation.",2026-07-27,Data connectivity & integration
Build settings,https://www.palantir.com/docs/foundry/pipeline-builder/management-build-settings/,Foundry & AIP,Data connectivity & integration,P1,"Current official capability navigation entry; subsystem detail, implementation guidance, or API/tool documentation.",2026-07-27,Data connectivity & integration
Charts,https://www.palantir.com/docs/foundry/pipeline-builder/management-charts/,Foundry & AIP,Data connectivity & integration,P1,"Current official capability navigation entry; subsystem detail, implementation guidance, or API/tool documentation.",2026-07-27,Data connectivity & integration
Checkpoints,https://www.palantir.com/docs/foundry/pipeline-builder/management-checkpoints/,Foundry & AIP,Data connectivity & integration,P1,"Current official capability navigation entry; subsystem detail, implementation guidance, or API/tool documentation.",2026-07-27,Data connectivity & integration
Color groups,https://www.palantir.com/docs/foundry/pipeline-builder/management-color-groups/,Foundry & AIP,Data connectivity & integration,P1,"Current official capability navigation entry; subsystem detail, implementation guidance, or API/tool documentation.",2026-07-27,Data connectivity & integration
Create custom functions,https://www.palantir.com/docs/foundry/pipeline-builder/management-create-custom-functions/,Foundry & AIP,Data connectivity & integration,P1,"Current official capability navigation entry; subsystem detail, implementation guidance, or API/tool documentation.",2026-07-27,Data connectivity & integration
Folders in Pipeline Builder,https://www.palantir.com/docs/foundry/pipeline-builder/management-file-tree/,Foundry & AIP,Data connectivity & integration,P1,"Current official capability navigation entry; subsystem detail, implementation guidance, or API/tool documentation.",2026-07-27,Data connectivity & integration
Find and replace,https://www.palantir.com/docs/foundry/pipeline-builder/management-find-and-replace/,Foundry & AIP,Data connectivity & integration,P1,"Current official capability navigation entry; subsystem detail, implementation guidance, or API/tool documentation.",2026-07-27,Data connectivity & integration
Add an input sampling strategy,https://www.palantir.com/docs/foundry/pipeline-builder/management-input-sampling/,Foundry & AIP,Data connectivity & integration,P1,"Current official capability navigation entry; subsystem detail, implementation guidance, or API/tool documentation.",2026-07-27,Data connectivity & integration
Job groups,https://www.palantir.com/docs/foundry/pipeline-builder/management-job-groups/,Foundry & AIP,Data connectivity & integration,P1,"Current official capability navigation entry; subsystem detail, implementation guidance, or API/tool documentation.",2026-07-27,Data connectivity & integration
Pipeline Builder — Overview,https://www.palantir.com/docs/foundry/pipeline-builder/management-overview/,Foundry & AIP,Data connectivity & integration,P1,"Current official capability navigation entry; subsystem detail, implementation guidance, or API/tool documentation.",2026-07-27,Data connectivity & integration
Pipeline parameters,https://www.palantir.com/docs/foundry/pipeline-builder/management-parameter-overview/,Foundry & AIP,Data connectivity & integration,P1,"Current official capability navigation entry; subsystem detail, implementation guidance, or API/tool documentation.",2026-07-27,Data connectivity & integration
Show and hide nodes,https://www.palantir.com/docs/foundry/pipeline-builder/management-show-hide-nodes/,Foundry & AIP,Data connectivity & integration,P1,"Current official capability navigation entry; subsystem detail, implementation guidance, or API/tool documentation.",2026-07-27,Data connectivity & integration
Text nodes,https://www.palantir.com/docs/foundry/pipeline-builder/management-text-nodes/,Foundry & AIP,Data connectivity & integration,P1,"Current official capability navigation entry; subsystem detail, implementation guidance, or API/tool documentation.",2026-07-27,Data connectivity & integration
Add pipeline to a Marketplace product,https://www.palantir.com/docs/foundry/pipeline-builder/marketplace-pipeline-builder/,Foundry & AIP,Data connectivity & integration,P1,"Current official capability navigation entry; subsystem detail, implementation guidance, or API/tool documentation.",2026-07-27,Data connectivity & integration
Pipeline Builder — Navigation,https://www.palantir.com/docs/foundry/pipeline-builder/navigation/,Foundry & AIP,Data connectivity & integration,P1,"Current official capability navigation entry; subsystem detail, implementation guidance, or API/tool documentation.",2026-07-27,Data connectivity & integration
Null handling,https://www.palantir.com/docs/foundry/pipeline-builder/null-handling/,Foundry & AIP,Data connectivity & integration,P1,"Current official capability navigation entry; subsystem detail, implementation guidance, or API/tool documentation.",2026-07-27,Data connectivity & integration
Add a dataset output,https://www.palantir.com/docs/foundry/pipeline-builder/outputs-add-dataset-output/,Foundry & AIP,Data connectivity & integration,P1,"Current official capability navigation entry; subsystem detail, implementation guidance, or API/tool documentation.",2026-07-27,Data connectivity & integration
Add a geotemporal series sync output,https://www.palantir.com/docs/foundry/pipeline-builder/outputs-add-geotemporal-series-output/,Foundry & AIP,Data connectivity & integration,P1,"Current official capability navigation entry; subsystem detail, implementation guidance, or API/tool documentation.",2026-07-27,Data connectivity & integration
Add a media set output,https://www.palantir.com/docs/foundry/pipeline-builder/outputs-add-media-set-output/,Foundry & AIP,Data connectivity & integration,P1,"Current official capability navigation entry; subsystem detail, implementation guidance, or API/tool documentation.",2026-07-27,Data connectivity & integration
Add an Ontology output,https://www.palantir.com/docs/foundry/pipeline-builder/outputs-add-ontology-output/,Foundry & AIP,Data connectivity & integration,P1,"Current official capability navigation entry; subsystem detail, implementation guidance, or API/tool documentation.",2026-07-27,Data connectivity & integration
Add a virtual table output,https://www.palantir.com/docs/foundry/pipeline-builder/outputs-add-virtual-table-output/,Foundry & AIP,Data connectivity & integration,P1,"Current official capability navigation entry; subsystem detail, implementation guidance, or API/tool documentation.",2026-07-27,Data connectivity & integration
Deliver pipeline,https://www.palantir.com/docs/foundry/pipeline-builder/outputs-deliver-pipeline/,Foundry & AIP,Data connectivity & integration,P1,"Current official capability navigation entry; subsystem detail, implementation guidance, or API/tool documentation.",2026-07-27,Data connectivity & integration
Pipeline Builder — Overview,https://www.palantir.com/docs/foundry/pipeline-builder/outputs-overview/,Foundry & AIP,Data connectivity & integration,P1,"Current official capability navigation entry; subsystem detail, implementation guidance, or API/tool documentation.",2026-07-27,Data connectivity & integration
Preview pipeline,https://www.palantir.com/docs/foundry/pipeline-builder/outputs-preview-pipeline/,Foundry & AIP,Data connectivity & integration,P1,"Current official capability navigation entry; subsystem detail, implementation guidance, or API/tool documentation.",2026-07-27,Data connectivity & integration
Remove markings on outputs and organizations,https://www.palantir.com/docs/foundry/pipeline-builder/outputs-remove-markings-and-organizations/,Foundry & AIP,Data connectivity & integration,P1,"Current official capability navigation entry; subsystem detail, implementation guidance, or API/tool documentation.",2026-07-27,Data connectivity & integration
Learn more about Pipeline Builder.,https://www.palantir.com/docs/foundry/pipeline-builder/overview/,Foundry & AIP,Cross-capability / platform,P0,Official architectural spine or core ontology lifecycle page; reviewed directly in the research synthesis.,2026-07-27,Data connectivity & integration | Developer toolchain
AIP features,https://www.palantir.com/docs/foundry/pipeline-builder/pipeline-builder-aip/,Foundry & AIP,Data connectivity & integration,P1,"Current official capability navigation entry; subsystem detail, implementation guidance, or API/tool documentation.",2026-07-27,Data connectivity & integration
Use LLM node,https://www.palantir.com/docs/foundry/pipeline-builder/pipeline-builder-llm/,Foundry & AIP,Data connectivity & integration,P1,"Current official capability navigation entry; subsystem detail, implementation guidance, or API/tool documentation.",2026-07-27,Data connectivity & integration
Create a schedule,https://www.palantir.com/docs/foundry/pipeline-builder/schedules-create-schedule/,Foundry & AIP,Data connectivity & integration,P1,"Current official capability navigation entry; subsystem detail, implementation guidance, or API/tool documentation.",2026-07-27,Data connectivity & integration
Pipeline Builder — Overview,https://www.palantir.com/docs/foundry/pipeline-builder/schedules-overview/,Foundry & AIP,Data connectivity & integration,P1,"Current official capability navigation entry; subsystem detail, implementation guidance, or API/tool documentation.",2026-07-27,Data connectivity & integration
Create a schedule with AIP,https://www.palantir.com/docs/foundry/pipeline-builder/schedules-scheduler-aip/,Foundry & AIP,Data connectivity & integration,P1,"Current official capability navigation entry; subsystem detail, implementation guidance, or API/tool documentation.",2026-07-27,Data connectivity & integration
Subgraphs,https://www.palantir.com/docs/foundry/pipeline-builder/subgraphs/,Foundry & AIP,Data connectivity & integration,P1,"Current official capability navigation entry; subsystem detail, implementation guidance, or API/tool documentation.",2026-07-27,Data connectivity & integration
Tips and tricks,https://www.palantir.com/docs/foundry/pipeline-builder/tips-and-tricks/,Foundry & AIP,Data connectivity & integration,P1,"Current official capability navigation entry; subsystem detail, implementation guidance, or API/tool documentation.",2026-07-27,Data connectivity & integration
Create geospatial transforms,https://www.palantir.com/docs/foundry/pipeline-builder/transforms-geospatial/,Foundry & AIP,Data connectivity & integration,P1,"Current official capability navigation entry; subsystem detail, implementation guidance, or API/tool documentation.",2026-07-27,Data connectivity & integration
Join data,https://www.palantir.com/docs/foundry/pipeline-builder/transforms-join-data/,Foundry & AIP,Data connectivity & integration,P1,"Current official capability navigation entry; subsystem detail, implementation guidance, or API/tool documentation.",2026-07-27,Data connectivity & integration
Pipeline Builder — Overview,https://www.palantir.com/docs/foundry/pipeline-builder/transforms-overview/,Foundry & AIP,Data connectivity & integration,P1,"Current official capability navigation entry; subsystem detail, implementation guidance, or API/tool documentation.",2026-07-27,Data connectivity & integration
Pattern mining,https://www.palantir.com/docs/foundry/pipeline-builder/transforms-pattern-mining/,Foundry & AIP,Data connectivity & integration,P1,"Current official capability navigation entry; subsystem detail, implementation guidance, or API/tool documentation.",2026-07-27,Data connectivity & integration
Split transform,https://www.palantir.com/docs/foundry/pipeline-builder/transforms-split/,Foundry & AIP,Data connectivity & integration,P1,"Current official capability navigation entry; subsystem detail, implementation guidance, or API/tool documentation.",2026-07-27,Data connectivity & integration
Joins in streaming pipelines,https://www.palantir.com/docs/foundry/pipeline-builder/transforms-streaming-joins/,Foundry & AIP,Data connectivity & integration,P1,"Current official capability navigation entry; subsystem detail, implementation guidance, or API/tool documentation.",2026-07-27,Data connectivity & integration
Trained model node,https://www.palantir.com/docs/foundry/pipeline-builder/transforms-trained-model/,Foundry & AIP,Data connectivity & integration,P1,"Current official capability navigation entry; subsystem detail, implementation guidance, or API/tool documentation.",2026-07-27,Data connectivity & integration
Transform data,https://www.palantir.com/docs/foundry/pipeline-builder/transforms-transform-data/,Foundry & AIP,Data connectivity & integration,P1,"Current official capability navigation entry; subsystem detail, implementation guidance, or API/tool documentation.",2026-07-27,Data connectivity & integration
Transform media,https://www.palantir.com/docs/foundry/pipeline-builder/transforms-transform-media/,Foundry & AIP,Data connectivity & integration,P1,"Current official capability navigation entry; subsystem detail, implementation guidance, or API/tool documentation.",2026-07-27,Data connectivity & integration
Union data,https://www.palantir.com/docs/foundry/pipeline-builder/transforms-union-data/,Foundry & AIP,Data connectivity & integration,P1,"Current official capability navigation entry; subsystem detail, implementation guidance, or API/tool documentation.",2026-07-27,Data connectivity & integration
Create unique IDs,https://www.palantir.com/docs/foundry/pipeline-builder/unique-id-creation/,Foundry & AIP,Data connectivity & integration,P1,"Current official capability navigation entry; subsystem detail, implementation guidance, or API/tool documentation.",2026-07-27,Data connectivity & integration
"Migrate from and disable ""Ignore inherited permissions"" setting [Planned deprecation]",https://www.palantir.com/docs/foundry/platform-security-management/disabling-ignore-inherited-permissions/,Foundry & AIP,Security & governance,P1,"Current official capability navigation entry; subsystem detail, implementation guidance, or API/tool documentation.",2026-07-27,Security & governance
"Migrate from and disable ""Propagate view requirements"" setting [Planned deprecation]",https://www.palantir.com/docs/foundry/platform-security-management/disabling-propagate-view-requirements/,Foundry & AIP,Security & governance,P1,"Current official capability navigation entry; subsystem detail, implementation guidance, or API/tool documentation.",2026-07-27,Security & governance
Manage granular policies,https://www.palantir.com/docs/foundry/platform-security-management/manage-granular-policies/,Foundry & AIP,Security & governance,P1,"Current official capability navigation entry; subsystem detail, implementation guidance, or API/tool documentation.",2026-07-27,Security & governance
Manage groups,https://www.palantir.com/docs/foundry/platform-security-management/manage-groups/,Foundry & AIP,Security & governance,P1,"Current official capability navigation entry; subsystem detail, implementation guidance, or API/tool documentation.",2026-07-27,Security & governance
Manage markings,https://www.palantir.com/docs/foundry/platform-security-management/manage-markings/,Foundry & AIP,Security & governance,P1,"Current official capability navigation entry; subsystem detail, implementation guidance, or API/tool documentation.",2026-07-27,Security & governance
Manage organizations and spaces,https://www.palantir.com/docs/foundry/platform-security-management/manage-orgs-and-spaces/,Foundry & AIP,Security & governance,P1,"Current official capability navigation entry; subsystem detail, implementation guidance, or API/tool documentation.",2026-07-27,Security & governance
Manage Project constraints,https://www.palantir.com/docs/foundry/platform-security-management/manage-project-constraints/,Foundry & AIP,Security & governance,P1,"Current official capability navigation entry; subsystem detail, implementation guidance, or API/tool documentation.",2026-07-27,Security & governance
Manage Project templates,https://www.palantir.com/docs/foundry/platform-security-management/manage-project-templates/,Foundry & AIP,Security & governance,P1,"Current official capability navigation entry; subsystem detail, implementation guidance, or API/tool documentation.",2026-07-27,Security & governance
Manage restricted views,https://www.palantir.com/docs/foundry/platform-security-management/manage-restricted-views/,Foundry & AIP,Security & governance,P1,"Current official capability navigation entry; subsystem detail, implementation guidance, or API/tool documentation.",2026-07-27,Security & governance
Manage roles,https://www.palantir.com/docs/foundry/platform-security-management/manage-roles/,Foundry & AIP,Security & governance,P1,"Current official capability navigation entry; subsystem detail, implementation guidance, or API/tool documentation.",2026-07-27,Security & governance
security controls,https://www.palantir.com/docs/foundry/platform-security-management/manage-users/,Foundry & AIP,Cross-capability / platform,P1,"Current official capability navigation entry; subsystem detail, implementation guidance, or API/tool documentation.",2026-07-27,Management & enablement | Security & governance
Foundry third-party application & API guidance,https://www.palantir.com/docs/foundry/platform-security-third-party/3pa-api-guidance/,Foundry & AIP,Security & governance,P1,"Current official capability navigation entry; subsystem detail, implementation guidance, or API/tool documentation.",2026-07-27,Security & governance
Authorizing third-party application access,https://www.palantir.com/docs/foundry/platform-security-third-party/authorizing-3pa-access/,Foundry & AIP,Security & governance,P1,"Current official capability navigation entry; subsystem detail, implementation guidance, or API/tool documentation.",2026-07-27,Security & governance
Danger zone actions,https://www.palantir.com/docs/foundry/platform-security-third-party/danger-zone-actions/,Foundry & AIP,Security & governance,P1,"Current official capability navigation entry; subsystem detail, implementation guidance, or API/tool documentation.",2026-07-27,Security & governance
Enabling third-party application access,https://www.palantir.com/docs/foundry/platform-security-third-party/enabling-3pa-access/,Foundry & AIP,Security & governance,P1,"Current official capability navigation entry; subsystem detail, implementation guidance, or API/tool documentation.",2026-07-27,Security & governance
Managing third-party applications,https://www.palantir.com/docs/foundry/platform-security-third-party/manage-3pa/,Foundry & AIP,Security & governance,P1,"Current official capability navigation entry; subsystem detail, implementation guidance, or API/tool documentation.",2026-07-27,Security & governance
Registering third-party applications,https://www.palantir.com/docs/foundry/platform-security-third-party/register-3pa/,Foundry & AIP,Security & governance,P1,"Current official capability navigation entry; subsystem detail, implementation guidance, or API/tool documentation.",2026-07-27,Security & governance
Platform Security Third Party — Overview,https://www.palantir.com/docs/foundry/platform-security-third-party/third-party-apps-overview/,Foundry & AIP,Security & governance,P1,"Current official capability navigation entry; subsystem detail, implementation guidance, or API/tool documentation.",2026-07-27,Security & governance
User-generated tokens,https://www.palantir.com/docs/foundry/platform-security-third-party/user-generated-tokens/,Foundry & AIP,Security & governance,P1,"Current official capability navigation entry; subsystem detail, implementation guidance, or API/tool documentation.",2026-07-27,Security & governance
Writing OAuth2 clients for Foundry,https://www.palantir.com/docs/foundry/platform-security-third-party/writing-oauth2-clients/,Foundry & AIP,Security & governance,P1,"Current official capability navigation entry; subsystem detail, implementation guidance, or API/tool documentation.",2026-07-27,Security & governance
Advanced examples,https://www.palantir.com/docs/foundry/preparation/advanced-examples/,Foundry & AIP,Data connectivity & integration,P1,"Current official capability navigation entry; subsystem detail, implementation guidance, or API/tool documentation.",2026-07-27,Data connectivity & integration
Basic examples,https://www.palantir.com/docs/foundry/preparation/basic-examples/,Foundry & AIP,Data connectivity & integration,P1,"Current official capability navigation entry; subsystem detail, implementation guidance, or API/tool documentation.",2026-07-27,Data connectivity & integration
Preparation — Faq,https://www.palantir.com/docs/foundry/preparation/faq/,Foundry & AIP,Data connectivity & integration,P2,"Current official navigation entry retained for completeness; specialized, lifecycle-warning, or reference material.",2026-07-27,Data connectivity & integration
Preparation — Getting Started,https://www.palantir.com/docs/foundry/preparation/getting-started/,Foundry & AIP,Data connectivity & integration,P1,"Current official capability navigation entry; subsystem detail, implementation guidance, or API/tool documentation.",2026-07-27,Data connectivity & integration
Preparation — Overview,https://www.palantir.com/docs/foundry/preparation/overview/,Foundry & AIP,Data connectivity & integration,P1,"Current official capability navigation entry; subsystem detail, implementation guidance, or API/tool documentation.",2026-07-27,Data connectivity & integration
Create a simple preparation,https://www.palantir.com/docs/foundry/preparation/preparation-tutorial/,Foundry & AIP,Data connectivity & integration,P1,"Current official capability navigation entry; subsystem detail, implementation guidance, or API/tool documentation.",2026-07-27,Data connectivity & integration
Project references,https://www.palantir.com/docs/foundry/preparation/project-references/,Foundry & AIP,Data connectivity & integration,P1,"Current official capability navigation entry; subsystem detail, implementation guidance, or API/tool documentation.",2026-07-27,Data connectivity & integration
AWS Private Link,https://www.palantir.com/docs/foundry/private-link/aws-private-link/,Foundry & AIP,Data connectivity & integration,P1,"Current official capability navigation entry; subsystem detail, implementation guidance, or API/tool documentation.",2026-07-27,Data connectivity & integration
Azure Private link,https://www.palantir.com/docs/foundry/private-link/azure-private-link/,Foundry & AIP,Data connectivity & integration,P1,"Current official capability navigation entry; subsystem detail, implementation guidance, or API/tool documentation.",2026-07-27,Data connectivity & integration
Customer-owned domain with Private Link,https://www.palantir.com/docs/foundry/private-link/customer-owned-domain-private-link/,Foundry & AIP,Data connectivity & integration,P1,"Current official capability navigation entry; subsystem detail, implementation guidance, or API/tool documentation.",2026-07-27,Data connectivity & integration
GCP Private Service Connect,https://www.palantir.com/docs/foundry/private-link/gcp-private-service-connect/,Foundry & AIP,Data connectivity & integration,P1,"Current official capability navigation entry; subsystem detail, implementation guidance, or API/tool documentation.",2026-07-27,Data connectivity & integration
Private Link — Overview,https://www.palantir.com/docs/foundry/private-link/overview/,Foundry & AIP,Data connectivity & integration,P1,"Current official capability navigation entry; subsystem detail, implementation guidance, or API/tool documentation.",2026-07-27,Data connectivity & integration
Canvas mode,https://www.palantir.com/docs/foundry/quiver/analysis-canvas/,Foundry & AIP,Analytics,P1,"Current official capability navigation entry; subsystem detail, implementation guidance, or API/tool documentation.",2026-07-27,Analytics
Data model,https://www.palantir.com/docs/foundry/quiver/analysis-data-model/,Foundry & AIP,Analytics,P1,"Current official capability navigation entry; subsystem detail, implementation guidance, or API/tool documentation.",2026-07-27,Analytics
Global identifiers,https://www.palantir.com/docs/foundry/quiver/analysis-global-identifiers/,Foundry & AIP,Analytics,P1,"Current official capability navigation entry; subsystem detail, implementation guidance, or API/tool documentation.",2026-07-27,Analytics
Graph color groups,https://www.palantir.com/docs/foundry/quiver/analysis-graph-color-groups/,Foundry & AIP,Analytics,P1,"Current official capability navigation entry; subsystem detail, implementation guidance, or API/tool documentation.",2026-07-27,Analytics
Organize and filter the graph,https://www.palantir.com/docs/foundry/quiver/analysis-graph-organization/,Foundry & AIP,Analytics,P1,"Current official capability navigation entry; subsystem detail, implementation guidance, or API/tool documentation.",2026-07-27,Analytics
Graph mode,https://www.palantir.com/docs/foundry/quiver/analysis-graph/,Foundry & AIP,Analytics,P1,"Current official capability navigation entry; subsystem detail, implementation guidance, or API/tool documentation.",2026-07-27,Analytics
Saving and sharing,https://www.palantir.com/docs/foundry/quiver/analysis-save-share/,Foundry & AIP,Analytics,P1,"Current official capability navigation entry; subsystem detail, implementation guidance, or API/tool documentation.",2026-07-27,Analytics
Quiver — Settings,https://www.palantir.com/docs/foundry/quiver/analysis-settings/,Foundry & AIP,Analytics,P1,"Current official capability navigation entry; subsystem detail, implementation guidance, or API/tool documentation.",2026-07-27,Analytics
Analysis toolbars,https://www.palantir.com/docs/foundry/quiver/analysis-toolbars/,Foundry & AIP,Analytics,P1,"Current official capability navigation entry; subsystem detail, implementation guidance, or API/tool documentation.",2026-07-27,Analytics
Analysis types,https://www.palantir.com/docs/foundry/quiver/analysis-types/,Foundry & AIP,Analytics,P1,"Current official capability navigation entry; subsystem detail, implementation guidance, or API/tool documentation.",2026-07-27,Analytics
Action button,https://www.palantir.com/docs/foundry/quiver/card-action-button/,Foundry & AIP,Analytics,P1,"Current official capability navigation entry; subsystem detail, implementation guidance, or API/tool documentation.",2026-07-27,Analytics
After,https://www.palantir.com/docs/foundry/quiver/card-after/,Foundry & AIP,Analytics,P1,"Current official capability navigation entry; subsystem detail, implementation guidance, or API/tool documentation.",2026-07-27,Analytics
Align series to event set,https://www.palantir.com/docs/foundry/quiver/card-align-series-to-event-set/,Foundry & AIP,Analytics,P1,"Current official capability navigation entry; subsystem detail, implementation guidance, or API/tool documentation.",2026-07-27,Analytics
Align to date,https://www.palantir.com/docs/foundry/quiver/card-align-to-date/,Foundry & AIP,Analytics,P1,"Current official capability navigation entry; subsystem detail, implementation guidance, or API/tool documentation.",2026-07-27,Analytics
Array contains,https://www.palantir.com/docs/foundry/quiver/card-array-contains/,Foundry & AIP,Analytics,P1,"Current official capability navigation entry; subsystem detail, implementation guidance, or API/tool documentation.",2026-07-27,Analytics
Array end,https://www.palantir.com/docs/foundry/quiver/card-array-end/,Foundry & AIP,Analytics,P1,"Current official capability navigation entry; subsystem detail, implementation guidance, or API/tool documentation.",2026-07-27,Analytics
Array join,https://www.palantir.com/docs/foundry/quiver/card-array-join/,Foundry & AIP,Analytics,P1,"Current official capability navigation entry; subsystem detail, implementation guidance, or API/tool documentation.",2026-07-27,Analytics
Array length,https://www.palantir.com/docs/foundry/quiver/card-array-length/,Foundry & AIP,Analytics,P1,"Current official capability navigation entry; subsystem detail, implementation guidance, or API/tool documentation.",2026-07-27,Analytics
Array sort,https://www.palantir.com/docs/foundry/quiver/card-array-sort/,Foundry & AIP,Analytics,P1,"Current official capability navigation entry; subsystem detail, implementation guidance, or API/tool documentation.",2026-07-27,Analytics
Array start,https://www.palantir.com/docs/foundry/quiver/card-array-start/,Foundry & AIP,Analytics,P1,"Current official capability navigation entry; subsystem detail, implementation guidance, or API/tool documentation.",2026-07-27,Analytics
Backing object from time series,https://www.palantir.com/docs/foundry/quiver/card-backing-object-from-time-series/,Foundry & AIP,Analytics,P1,"Current official capability navigation entry; subsystem detail, implementation guidance, or API/tool documentation.",2026-07-27,Analytics
Bar chart,https://www.palantir.com/docs/foundry/quiver/card-bar-chart/,Foundry & AIP,Analytics,P1,"Current official capability navigation entry; subsystem detail, implementation guidance, or API/tool documentation.",2026-07-27,Analytics
Before,https://www.palantir.com/docs/foundry/quiver/card-before/,Foundry & AIP,Analytics,P1,"Current official capability navigation entry; subsystem detail, implementation guidance, or API/tool documentation.",2026-07-27,Analytics
Between (inclusive),https://www.palantir.com/docs/foundry/quiver/card-between-inclusive/,Foundry & AIP,Analytics,P1,"Current official capability navigation entry; subsystem detail, implementation guidance, or API/tool documentation.",2026-07-27,Analytics
Bollinger bands,https://www.palantir.com/docs/foundry/quiver/card-bollinger-bands/,Foundry & AIP,Analytics,P1,"Current official capability navigation entry; subsystem detail, implementation guidance, or API/tool documentation.",2026-07-27,Analytics
Boolean formula,https://www.palantir.com/docs/foundry/quiver/card-boolean-formula/,Foundry & AIP,Analytics,P1,"Current official capability navigation entry; subsystem detail, implementation guidance, or API/tool documentation.",2026-07-27,Analytics
Boolean parameter,https://www.palantir.com/docs/foundry/quiver/card-boolean-parameter/,Foundry & AIP,Analytics,P1,"Current official capability navigation entry; subsystem detail, implementation guidance, or API/tool documentation.",2026-07-27,Analytics
Categorical formula plot,https://www.palantir.com/docs/foundry/quiver/card-categorical-formula-plot/,Foundry & AIP,Analytics,P1,"Current official capability navigation entry; subsystem detail, implementation guidance, or API/tool documentation.",2026-07-27,Analytics
Categorical plot from materialization,https://www.palantir.com/docs/foundry/quiver/card-categorical-plot-materialization/,Foundry & AIP,Analytics,P1,"Current official capability navigation entry; subsystem detail, implementation guidance, or API/tool documentation.",2026-07-27,Analytics
Categorical scatter plot,https://www.palantir.com/docs/foundry/quiver/card-categorical-scatter-plot/,Foundry & AIP,Analytics,P1,"Current official capability navigation entry; subsystem detail, implementation guidance, or API/tool documentation.",2026-07-27,Analytics
Ceiling,https://www.palantir.com/docs/foundry/quiver/card-ceiling/,Foundry & AIP,Analytics,P1,"Current official capability navigation entry; subsystem detail, implementation guidance, or API/tool documentation.",2026-07-27,Analytics
Coalesce time series,https://www.palantir.com/docs/foundry/quiver/card-coalesce-time-series/,Foundry & AIP,Analytics,P1,"Current official capability navigation entry; subsystem detail, implementation guidance, or API/tool documentation.",2026-07-27,Analytics
Coalesce,https://www.palantir.com/docs/foundry/quiver/card-coalesce/,Foundry & AIP,Analytics,P1,"Current official capability navigation entry; subsystem detail, implementation guidance, or API/tool documentation.",2026-07-27,Analytics
Code function object set,https://www.palantir.com/docs/foundry/quiver/card-code-function-object-set/,Foundry & AIP,Analytics,P1,"Current official capability navigation entry; subsystem detail, implementation guidance, or API/tool documentation.",2026-07-27,Analytics
Code function time series,https://www.palantir.com/docs/foundry/quiver/card-code-function-timeseries/,Foundry & AIP,Analytics,P1,"Current official capability navigation entry; subsystem detail, implementation guidance, or API/tool documentation.",2026-07-27,Analytics
Code function value,https://www.palantir.com/docs/foundry/quiver/card-code-function-value/,Foundry & AIP,Analytics,P1,"Current official capability navigation entry; subsystem detail, implementation guidance, or API/tool documentation.",2026-07-27,Analytics
Combine time series,https://www.palantir.com/docs/foundry/quiver/card-combine-time-series/,Foundry & AIP,Analytics,P1,"Current official capability navigation entry; subsystem detail, implementation guidance, or API/tool documentation.",2026-07-27,Analytics
Concatenate,https://www.palantir.com/docs/foundry/quiver/card-concatenate/,Foundry & AIP,Analytics,P1,"Current official capability navigation entry; subsystem detail, implementation guidance, or API/tool documentation.",2026-07-27,Analytics
Contains,https://www.palantir.com/docs/foundry/quiver/card-contains/,Foundry & AIP,Analytics,P1,"Current official capability navigation entry; subsystem detail, implementation guidance, or API/tool documentation.",2026-07-27,Analytics
Correlation matrix,https://www.palantir.com/docs/foundry/quiver/card-correlation-matrix/,Foundry & AIP,Analytics,P1,"Current official capability navigation entry; subsystem detail, implementation guidance, or API/tool documentation.",2026-07-27,Analytics
Create array,https://www.palantir.com/docs/foundry/quiver/card-create-array/,Foundry & AIP,Analytics,P1,"Current official capability navigation entry; subsystem detail, implementation guidance, or API/tool documentation.",2026-07-27,Analytics
Create range,https://www.palantir.com/docs/foundry/quiver/card-create-range/,Foundry & AIP,Analytics,P1,"Current official capability navigation entry; subsystem detail, implementation guidance, or API/tool documentation.",2026-07-27,Analytics
Create values,https://www.palantir.com/docs/foundry/quiver/card-create-values/,Foundry & AIP,Analytics,P1,"Current official capability navigation entry; subsystem detail, implementation guidance, or API/tool documentation.",2026-07-27,Analytics
Cross filter,https://www.palantir.com/docs/foundry/quiver/card-cross-filter/,Foundry & AIP,Analytics,P1,"Current official capability navigation entry; subsystem detail, implementation guidance, or API/tool documentation.",2026-07-27,Analytics
Cross join transform tables,https://www.palantir.com/docs/foundry/quiver/card-cross-join-transform-tables/,Foundry & AIP,Analytics,P1,"Current official capability navigation entry; subsystem detail, implementation guidance, or API/tool documentation.",2026-07-27,Analytics
Cumulative aggregate,https://www.palantir.com/docs/foundry/quiver/card-cumulative-aggregate/,Foundry & AIP,Analytics,P1,"Current official capability navigation entry; subsystem detail, implementation guidance, or API/tool documentation.",2026-07-27,Analytics
Custom plot (transform table),https://www.palantir.com/docs/foundry/quiver/card-custom-plot/,Foundry & AIP,Analytics,P1,"Current official capability navigation entry; subsystem detail, implementation guidance, or API/tool documentation.",2026-07-27,Analytics
Date difference,https://www.palantir.com/docs/foundry/quiver/card-date-difference/,Foundry & AIP,Analytics,P1,"Current official capability navigation entry; subsystem detail, implementation guidance, or API/tool documentation.",2026-07-27,Analytics
Date to string,https://www.palantir.com/docs/foundry/quiver/card-date-to-string/,Foundry & AIP,Analytics,P1,"Current official capability navigation entry; subsystem detail, implementation guidance, or API/tool documentation.",2026-07-27,Analytics
Date/time parameter,https://www.palantir.com/docs/foundry/quiver/card-datetime-parameter/,Foundry & AIP,Analytics,P1,"Current official capability navigation entry; subsystem detail, implementation guidance, or API/tool documentation.",2026-07-27,Analytics
Date/time range parameter,https://www.palantir.com/docs/foundry/quiver/card-datetime-range-parameter/,Foundry & AIP,Analytics,P1,"Current official capability navigation entry; subsystem detail, implementation guidance, or API/tool documentation.",2026-07-27,Analytics
Day of month,https://www.palantir.com/docs/foundry/quiver/card-day-of-month/,Foundry & AIP,Analytics,P1,"Current official capability navigation entry; subsystem detail, implementation guidance, or API/tool documentation.",2026-07-27,Analytics
Day of week,https://www.palantir.com/docs/foundry/quiver/card-day-of-week/,Foundry & AIP,Analytics,P1,"Current official capability navigation entry; subsystem detail, implementation guidance, or API/tool documentation.",2026-07-27,Analytics
Day of year,https://www.palantir.com/docs/foundry/quiver/card-day-of-year/,Foundry & AIP,Analytics,P1,"Current official capability navigation entry; subsystem detail, implementation guidance, or API/tool documentation.",2026-07-27,Analytics
Day to date,https://www.palantir.com/docs/foundry/quiver/card-day-to-date/,Foundry & AIP,Analytics,P1,"Current official capability navigation entry; subsystem detail, implementation guidance, or API/tool documentation.",2026-07-27,Analytics
Deduplicate event set,https://www.palantir.com/docs/foundry/quiver/card-deduplicate-event-set/,Foundry & AIP,Analytics,P1,"Current official capability navigation entry; subsystem detail, implementation guidance, or API/tool documentation.",2026-07-27,Analytics
Defined by property,https://www.palantir.com/docs/foundry/quiver/card-defined-by-property/,Foundry & AIP,Analytics,P1,"Current official capability navigation entry; subsystem detail, implementation guidance, or API/tool documentation.",2026-07-27,Analytics
Derivative,https://www.palantir.com/docs/foundry/quiver/card-derivative/,Foundry & AIP,Analytics,P1,"Current official capability navigation entry; subsystem detail, implementation guidance, or API/tool documentation.",2026-07-27,Analytics
Derived property from function on objects,https://www.palantir.com/docs/foundry/quiver/card-derived-property-from-function-on-objects/,Foundry & AIP,Analytics,P1,"Current official capability navigation entry; subsystem detail, implementation guidance, or API/tool documentation.",2026-07-27,Analytics
Does not contain,https://www.palantir.com/docs/foundry/quiver/card-does-not-contain/,Foundry & AIP,Analytics,P1,"Current official capability navigation entry; subsystem detail, implementation guidance, or API/tool documentation.",2026-07-27,Analytics
DSP filter,https://www.palantir.com/docs/foundry/quiver/card-dsp-filter/,Foundry & AIP,Analytics,P1,"Current official capability navigation entry; subsystem detail, implementation guidance, or API/tool documentation.",2026-07-27,Analytics
Duration unit parameter,https://www.palantir.com/docs/foundry/quiver/card-duration-unit-parameter/,Foundry & AIP,Analytics,P1,"Current official capability navigation entry; subsystem detail, implementation guidance, or API/tool documentation.",2026-07-27,Analytics
Edit values,https://www.palantir.com/docs/foundry/quiver/card-edit-values/,Foundry & AIP,Analytics,P1,"Current official capability navigation entry; subsystem detail, implementation guidance, or API/tool documentation.",2026-07-27,Analytics
Ends with,https://www.palantir.com/docs/foundry/quiver/card-ends-with/,Foundry & AIP,Analytics,P1,"Current official capability navigation entry; subsystem detail, implementation guidance, or API/tool documentation.",2026-07-27,Analytics
Enum value at time,https://www.palantir.com/docs/foundry/quiver/card-enum-value-at-time/,Foundry & AIP,Analytics,P1,"Current official capability navigation entry; subsystem detail, implementation guidance, or API/tool documentation.",2026-07-27,Analytics
Equal to,https://www.palantir.com/docs/foundry/quiver/card-equal-to/,Foundry & AIP,Analytics,P1,"Current official capability navigation entry; subsystem detail, implementation guidance, or API/tool documentation.",2026-07-27,Analytics
Event comparison plot,https://www.palantir.com/docs/foundry/quiver/card-event-comparison-plot/,Foundry & AIP,Analytics,P1,"Current official capability navigation entry; subsystem detail, implementation guidance, or API/tool documentation.",2026-07-27,Analytics
Event indicator series,https://www.palantir.com/docs/foundry/quiver/card-event-indicator-series/,Foundry & AIP,Analytics,P1,"Current official capability navigation entry; subsystem detail, implementation guidance, or API/tool documentation.",2026-07-27,Analytics
Event set from ranges,https://www.palantir.com/docs/foundry/quiver/card-event-set-from-ranges/,Foundry & AIP,Analytics,P1,"Current official capability navigation entry; subsystem detail, implementation guidance, or API/tool documentation.",2026-07-27,Analytics
Event set from tabular data,https://www.palantir.com/docs/foundry/quiver/card-event-set-from-tabular-data/,Foundry & AIP,Analytics,P1,"Current official capability navigation entry; subsystem detail, implementation guidance, or API/tool documentation.",2026-07-27,Analytics
Event statistics,https://www.palantir.com/docs/foundry/quiver/card-event-statistics/,Foundry & AIP,Analytics,P1,"Current official capability navigation entry; subsystem detail, implementation guidance, or API/tool documentation.",2026-07-27,Analytics
Expression,https://www.palantir.com/docs/foundry/quiver/card-expression/,Foundry & AIP,Analytics,P1,"Current official capability navigation entry; subsystem detail, implementation guidance, or API/tool documentation.",2026-07-27,Analytics
Extract time series bound,https://www.palantir.com/docs/foundry/quiver/card-extract-time-series-bound/,Foundry & AIP,Analytics,P1,"Current official capability navigation entry; subsystem detail, implementation guidance, or API/tool documentation.",2026-07-27,Analytics
Filter materialization,https://www.palantir.com/docs/foundry/quiver/card-filter-materialization/,Foundry & AIP,Analytics,P1,"Current official capability navigation entry; subsystem detail, implementation guidance, or API/tool documentation.",2026-07-27,Analytics
Filter object set,https://www.palantir.com/docs/foundry/quiver/card-filter-object-set/,Foundry & AIP,Analytics,P1,"Current official capability navigation entry; subsystem detail, implementation guidance, or API/tool documentation.",2026-07-27,Analytics
Filter time series,https://www.palantir.com/docs/foundry/quiver/card-filter-time-series/,Foundry & AIP,Analytics,P1,"Current official capability navigation entry; subsystem detail, implementation guidance, or API/tool documentation.",2026-07-27,Analytics
Filter transform table,https://www.palantir.com/docs/foundry/quiver/card-filter-transform-table/,Foundry & AIP,Analytics,P1,"Current official capability navigation entry; subsystem detail, implementation guidance, or API/tool documentation.",2026-07-27,Analytics
Find and replace,https://www.palantir.com/docs/foundry/quiver/card-find-and-replace/,Foundry & AIP,Analytics,P1,"Current official capability navigation entry; subsystem detail, implementation guidance, or API/tool documentation.",2026-07-27,Analytics
Floor,https://www.palantir.com/docs/foundry/quiver/card-floor/,Foundry & AIP,Analytics,P1,"Current official capability navigation entry; subsystem detail, implementation guidance, or API/tool documentation.",2026-07-27,Analytics
Foundry dataset,https://www.palantir.com/docs/foundry/quiver/card-foundry-dataset-beta/,Foundry & AIP,Analytics,P1,"Current official capability navigation entry; subsystem detail, implementation guidance, or API/tool documentation.",2026-07-27,Analytics
Code function categorical plot,https://www.palantir.com/docs/foundry/quiver/card-function-on-objects-plot/,Foundry & AIP,Analytics,P1,"Current official capability navigation entry; subsystem detail, implementation guidance, or API/tool documentation.",2026-07-27,Analytics
Greater than or equal to,https://www.palantir.com/docs/foundry/quiver/card-greater-than-or-equal-to/,Foundry & AIP,Analytics,P1,"Current official capability navigation entry; subsystem detail, implementation guidance, or API/tool documentation.",2026-07-27,Analytics
Greater than,https://www.palantir.com/docs/foundry/quiver/card-greater-than/,Foundry & AIP,Analytics,P1,"Current official capability navigation entry; subsystem detail, implementation guidance, or API/tool documentation.",2026-07-27,Analytics
Group by,https://www.palantir.com/docs/foundry/quiver/card-group-by/,Foundry & AIP,Analytics,P1,"Current official capability navigation entry; subsystem detail, implementation guidance, or API/tool documentation.",2026-07-27,Analytics
Grouped time series plot,https://www.palantir.com/docs/foundry/quiver/card-grouped-time-series-plot/,Foundry & AIP,Analytics,P1,"Current official capability navigation entry; subsystem detail, implementation guidance, or API/tool documentation.",2026-07-27,Analytics
Heat grid,https://www.palantir.com/docs/foundry/quiver/card-heat-grid/,Foundry & AIP,Analytics,P1,"Current official capability navigation entry; subsystem detail, implementation guidance, or API/tool documentation.",2026-07-27,Analytics
Hour of day,https://www.palantir.com/docs/foundry/quiver/card-hour-of-day/,Foundry & AIP,Analytics,P1,"Current official capability navigation entry; subsystem detail, implementation guidance, or API/tool documentation.",2026-07-27,Analytics
Import saved object set,https://www.palantir.com/docs/foundry/quiver/card-import-saved-object-set/,Foundry & AIP,Analytics,P1,"Current official capability navigation entry; subsystem detail, implementation guidance, or API/tool documentation.",2026-07-27,Analytics
Integral,https://www.palantir.com/docs/foundry/quiver/card-integral/,Foundry & AIP,Analytics,P1,"Current official capability navigation entry; subsystem detail, implementation guidance, or API/tool documentation.",2026-07-27,Analytics
Is not,https://www.palantir.com/docs/foundry/quiver/card-is-not/,Foundry & AIP,Analytics,P1,"Current official capability navigation entry; subsystem detail, implementation guidance, or API/tool documentation.",2026-07-27,Analytics
Is,https://www.palantir.com/docs/foundry/quiver/card-is/,Foundry & AIP,Analytics,P1,"Current official capability navigation entry; subsystem detail, implementation guidance, or API/tool documentation.",2026-07-27,Analytics
Join materializations,https://www.palantir.com/docs/foundry/quiver/card-join-materializations/,Foundry & AIP,Analytics,P1,"Current official capability navigation entry; subsystem detail, implementation guidance, or API/tool documentation.",2026-07-27,Analytics
Join to linked objects,https://www.palantir.com/docs/foundry/quiver/card-join-to-linked-objects/,Foundry & AIP,Analytics,P1,"Current official capability navigation entry; subsystem detail, implementation guidance, or API/tool documentation.",2026-07-27,Analytics
Join to transform table,https://www.palantir.com/docs/foundry/quiver/card-join-to-transform-table/,Foundry & AIP,Analytics,P1,"Current official capability navigation entry; subsystem detail, implementation guidance, or API/tool documentation.",2026-07-27,Analytics
Joined group by,https://www.palantir.com/docs/foundry/quiver/card-joined-group-by/,Foundry & AIP,Analytics,P1,"Current official capability navigation entry; subsystem detail, implementation guidance, or API/tool documentation.",2026-07-27,Analytics
Latest value for enum time series,https://www.palantir.com/docs/foundry/quiver/card-latest-value-for-enum-time-series/,Foundry & AIP,Analytics,P1,"Current official capability navigation entry; subsystem detail, implementation guidance, or API/tool documentation.",2026-07-27,Analytics
Less than or equal to,https://www.palantir.com/docs/foundry/quiver/card-less-than-or-equal-to/,Foundry & AIP,Analytics,P1,"Current official capability navigation entry; subsystem detail, implementation guidance, or API/tool documentation.",2026-07-27,Analytics
Less than,https://www.palantir.com/docs/foundry/quiver/card-less-than/,Foundry & AIP,Analytics,P1,"Current official capability navigation entry; subsystem detail, implementation guidance, or API/tool documentation.",2026-07-27,Analytics
Line chart,https://www.palantir.com/docs/foundry/quiver/card-line-chart/,Foundry & AIP,Analytics,P1,"Current official capability navigation entry; subsystem detail, implementation guidance, or API/tool documentation.",2026-07-27,Analytics
Linear aggregation,https://www.palantir.com/docs/foundry/quiver/card-linear-aggregation/,Foundry & AIP,Analytics,P1,"Current official capability navigation entry; subsystem detail, implementation guidance, or API/tool documentation.",2026-07-27,Analytics
Linked event set,https://www.palantir.com/docs/foundry/quiver/card-linked-event-set/,Foundry & AIP,Analytics,P1,"Current official capability navigation entry; subsystem detail, implementation guidance, or API/tool documentation.",2026-07-27,Analytics
Linked series aggregation,https://www.palantir.com/docs/foundry/quiver/card-linked-series-aggregation/,Foundry & AIP,Analytics,P1,"Current official capability navigation entry; subsystem detail, implementation guidance, or API/tool documentation.",2026-07-27,Analytics
List,https://www.palantir.com/docs/foundry/quiver/card-list/,Foundry & AIP,Analytics,P1,"Current official capability navigation entry; subsystem detail, implementation guidance, or API/tool documentation.",2026-07-27,Analytics
Manual entry transform table,https://www.palantir.com/docs/foundry/quiver/card-manual-entry-transform-table/,Foundry & AIP,Analytics,P1,"Current official capability navigation entry; subsystem detail, implementation guidance, or API/tool documentation.",2026-07-27,Analytics
Map,https://www.palantir.com/docs/foundry/quiver/card-map/,Foundry & AIP,Analytics,P1,"Current official capability navigation entry; subsystem detail, implementation guidance, or API/tool documentation.",2026-07-27,Analytics
Materialization SQL,https://www.palantir.com/docs/foundry/quiver/card-materialization-sql/,Foundry & AIP,Analytics,P1,"Current official capability navigation entry; subsystem detail, implementation guidance, or API/tool documentation.",2026-07-27,Analytics
Media property,https://www.palantir.com/docs/foundry/quiver/card-media-property/,Foundry & AIP,Analytics,P1,"Current official capability navigation entry; subsystem detail, implementation guidance, or API/tool documentation.",2026-07-27,Analytics
Month to date,https://www.palantir.com/docs/foundry/quiver/card-month-to-date/,Foundry & AIP,Analytics,P1,"Current official capability navigation entry; subsystem detail, implementation guidance, or API/tool documentation.",2026-07-27,Analytics
Month,https://www.palantir.com/docs/foundry/quiver/card-month/,Foundry & AIP,Analytics,P1,"Current official capability navigation entry; subsystem detail, implementation guidance, or API/tool documentation.",2026-07-27,Analytics
Multi chart time series,https://www.palantir.com/docs/foundry/quiver/card-multi-chart-time-series/,Foundry & AIP,Analytics,P1,"Current official capability navigation entry; subsystem detail, implementation guidance, or API/tool documentation.",2026-07-27,Analytics
Multipass attribute,https://www.palantir.com/docs/foundry/quiver/card-multipass-attribute/,Foundry & AIP,Analytics,P1,"Current official capability navigation entry; subsystem detail, implementation guidance, or API/tool documentation.",2026-07-27,Analytics
Not equal to,https://www.palantir.com/docs/foundry/quiver/card-not-equal-to/,Foundry & AIP,Analytics,P1,"Current official capability navigation entry; subsystem detail, implementation guidance, or API/tool documentation.",2026-07-27,Analytics
Not on,https://www.palantir.com/docs/foundry/quiver/card-not-on/,Foundry & AIP,Analytics,P1,"Current official capability navigation entry; subsystem detail, implementation guidance, or API/tool documentation.",2026-07-27,Analytics
Number array aggregation,https://www.palantir.com/docs/foundry/quiver/card-number-array-aggregation/,Foundry & AIP,Analytics,P1,"Current official capability navigation entry; subsystem detail, implementation guidance, or API/tool documentation.",2026-07-27,Analytics
Number to date,https://www.palantir.com/docs/foundry/quiver/card-number-to-date/,Foundry & AIP,Analytics,P1,"Current official capability navigation entry; subsystem detail, implementation guidance, or API/tool documentation.",2026-07-27,Analytics
Numeric aggregation (materialization),https://www.palantir.com/docs/foundry/quiver/card-numeric-aggregation-materialization/,Foundry & AIP,Analytics,P1,"Current official capability navigation entry; subsystem detail, implementation guidance, or API/tool documentation.",2026-07-27,Analytics
Numeric aggregation,https://www.palantir.com/docs/foundry/quiver/card-numeric-aggregation/,Foundry & AIP,Analytics,P1,"Current official capability navigation entry; subsystem detail, implementation guidance, or API/tool documentation.",2026-07-27,Analytics
Numeric formula,https://www.palantir.com/docs/foundry/quiver/card-numeric-formula/,Foundry & AIP,Analytics,P1,"Current official capability navigation entry; subsystem detail, implementation guidance, or API/tool documentation.",2026-07-27,Analytics
Numeric parameter,https://www.palantir.com/docs/foundry/quiver/card-numeric-parameter/,Foundry & AIP,Analytics,P1,"Current official capability navigation entry; subsystem detail, implementation guidance, or API/tool documentation.",2026-07-27,Analytics
Numeric range parameter,https://www.palantir.com/docs/foundry/quiver/card-numeric-range-parameter/,Foundry & AIP,Analytics,P1,"Current official capability navigation entry; subsystem detail, implementation guidance, or API/tool documentation.",2026-07-27,Analytics
Numeric range to date range,https://www.palantir.com/docs/foundry/quiver/card-numeric-range-to-date-range/,Foundry & AIP,Analytics,P1,"Current official capability navigation entry; subsystem detail, implementation guidance, or API/tool documentation.",2026-07-27,Analytics
Numeric series formula,https://www.palantir.com/docs/foundry/quiver/card-numeric-series-formula/,Foundry & AIP,Analytics,P1,"Current official capability navigation entry; subsystem detail, implementation guidance, or API/tool documentation.",2026-07-27,Analytics
Numerical scatter plot,https://www.palantir.com/docs/foundry/quiver/card-numerical-scatter-plot/,Foundry & AIP,Analytics,P1,"Current official capability navigation entry; subsystem detail, implementation guidance, or API/tool documentation.",2026-07-27,Analytics
Object property,https://www.palantir.com/docs/foundry/quiver/card-object-property/,Foundry & AIP,Analytics,P1,"Current official capability navigation entry; subsystem detail, implementation guidance, or API/tool documentation.",2026-07-27,Analytics
Object selector,https://www.palantir.com/docs/foundry/quiver/card-object-selector/,Foundry & AIP,Analytics,P1,"Current official capability navigation entry; subsystem detail, implementation guidance, or API/tool documentation.",2026-07-27,Analytics
Object set materialization,https://www.palantir.com/docs/foundry/quiver/card-object-set-materialization/,Foundry & AIP,Analytics,P1,"Current official capability navigation entry; subsystem detail, implementation guidance, or API/tool documentation.",2026-07-27,Analytics
Object view,https://www.palantir.com/docs/foundry/quiver/card-object-view/,Foundry & AIP,Analytics,P1,"Current official capability navigation entry; subsystem detail, implementation guidance, or API/tool documentation.",2026-07-27,Analytics
On or after,https://www.palantir.com/docs/foundry/quiver/card-on-or-after/,Foundry & AIP,Analytics,P1,"Current official capability navigation entry; subsystem detail, implementation guidance, or API/tool documentation.",2026-07-27,Analytics
On or before,https://www.palantir.com/docs/foundry/quiver/card-on-or-before/,Foundry & AIP,Analytics,P1,"Current official capability navigation entry; subsystem detail, implementation guidance, or API/tool documentation.",2026-07-27,Analytics
On,https://www.palantir.com/docs/foundry/quiver/card-on/,Foundry & AIP,Analytics,P1,"Current official capability navigation entry; subsystem detail, implementation guidance, or API/tool documentation.",2026-07-27,Analytics
Ontology SQL,https://www.palantir.com/docs/foundry/quiver/card-ontology-sql/,Foundry & AIP,Analytics,P1,"Current official capability navigation entry; subsystem detail, implementation guidance, or API/tool documentation.",2026-07-27,Analytics
Overlay chart,https://www.palantir.com/docs/foundry/quiver/card-overlay-chart/,Foundry & AIP,Analytics,P1,"Current official capability navigation entry; subsystem detail, implementation guidance, or API/tool documentation.",2026-07-27,Analytics
Periodic aggregate,https://www.palantir.com/docs/foundry/quiver/card-periodic-aggregate/,Foundry & AIP,Analytics,P1,"Current official capability navigation entry; subsystem detail, implementation guidance, or API/tool documentation.",2026-07-27,Analytics
Pie chart,https://www.palantir.com/docs/foundry/quiver/card-pie-chart/,Foundry & AIP,Analytics,P1,"Current official capability navigation entry; subsystem detail, implementation guidance, or API/tool documentation.",2026-07-27,Analytics
Pivot table,https://www.palantir.com/docs/foundry/quiver/card-pivot-table/,Foundry & AIP,Analytics,P1,"Current official capability navigation entry; subsystem detail, implementation guidance, or API/tool documentation.",2026-07-27,Analytics
Pivot transform table,https://www.palantir.com/docs/foundry/quiver/card-pivot-transform-table/,Foundry & AIP,Analytics,P1,"Current official capability navigation entry; subsystem detail, implementation guidance, or API/tool documentation.",2026-07-27,Analytics
Property value select parameter,https://www.palantir.com/docs/foundry/quiver/card-property-value-select-parameter/,Foundry & AIP,Analytics,P1,"Current official capability navigation entry; subsystem detail, implementation guidance, or API/tool documentation.",2026-07-27,Analytics
Range end,https://www.palantir.com/docs/foundry/quiver/card-range-end/,Foundry & AIP,Analytics,P1,"Current official capability navigation entry; subsystem detail, implementation guidance, or API/tool documentation.",2026-07-27,Analytics
Range start,https://www.palantir.com/docs/foundry/quiver/card-range-start/,Foundry & AIP,Analytics,P1,"Current official capability navigation entry; subsystem detail, implementation guidance, or API/tool documentation.",2026-07-27,Analytics
Reference profile bounds,https://www.palantir.com/docs/foundry/quiver/card-reference-profile-bounds/,Foundry & AIP,Analytics,P1,"Current official capability navigation entry; subsystem detail, implementation guidance, or API/tool documentation.",2026-07-27,Analytics
Relative time [Sunset],https://www.palantir.com/docs/foundry/quiver/card-relative-time-series/,Foundry & AIP,Analytics,P1,"Current official capability navigation entry; subsystem detail, implementation guidance, or API/tool documentation.",2026-07-27,Analytics
Rename columns,https://www.palantir.com/docs/foundry/quiver/card-rename-columns/,Foundry & AIP,Analytics,P1,"Current official capability navigation entry; subsystem detail, implementation guidance, or API/tool documentation.",2026-07-27,Analytics
Rolling aggregate,https://www.palantir.com/docs/foundry/quiver/card-rolling-aggregate/,Foundry & AIP,Analytics,P1,"Current official capability navigation entry; subsystem detail, implementation guidance, or API/tool documentation.",2026-07-27,Analytics
Row number,https://www.palantir.com/docs/foundry/quiver/card-row-number/,Foundry & AIP,Analytics,P1,"Current official capability navigation entry; subsystem detail, implementation guidance, or API/tool documentation.",2026-07-27,Analytics
Sample,https://www.palantir.com/docs/foundry/quiver/card-sample/,Foundry & AIP,Analytics,P1,"Current official capability navigation entry; subsystem detail, implementation guidance, or API/tool documentation.",2026-07-27,Analytics
Scatter plot regression coefficients,https://www.palantir.com/docs/foundry/quiver/card-scatter-plot-regression-coefficients/,Foundry & AIP,Analytics,P1,"Current official capability navigation entry; subsystem detail, implementation guidance, or API/tool documentation.",2026-07-27,Analytics
Scatter plot regression,https://www.palantir.com/docs/foundry/quiver/card-scatter-plot-regression/,Foundry & AIP,Analytics,P1,"Current official capability navigation entry; subsystem detail, implementation guidance, or API/tool documentation.",2026-07-27,Analytics
Segment formula plot,https://www.palantir.com/docs/foundry/quiver/card-segment-formula-plot/,Foundry & AIP,Analytics,P1,"Current official capability navigation entry; subsystem detail, implementation guidance, or API/tool documentation.",2026-07-27,Analytics
Segment statistics [Sunset],https://www.palantir.com/docs/foundry/quiver/card-segment-statistics/,Foundry & AIP,Analytics,P1,"Current official capability navigation entry; subsystem detail, implementation guidance, or API/tool documentation.",2026-07-27,Analytics
Select columns,https://www.palantir.com/docs/foundry/quiver/card-select-columns/,Foundry & AIP,Analytics,P1,"Current official capability navigation entry; subsystem detail, implementation guidance, or API/tool documentation.",2026-07-27,Analytics
Set math (materialization),https://www.palantir.com/docs/foundry/quiver/card-set-math-materialization/,Foundry & AIP,Analytics,P1,"Current official capability navigation entry; subsystem detail, implementation guidance, or API/tool documentation.",2026-07-27,Analytics
Set math,https://www.palantir.com/docs/foundry/quiver/card-set-math/,Foundry & AIP,Analytics,P1,"Current official capability navigation entry; subsystem detail, implementation guidance, or API/tool documentation.",2026-07-27,Analytics
Shift date/time,https://www.palantir.com/docs/foundry/quiver/card-shift-datetime/,Foundry & AIP,Analytics,P1,"Current official capability navigation entry; subsystem detail, implementation guidance, or API/tool documentation.",2026-07-27,Analytics
Shift time series,https://www.palantir.com/docs/foundry/quiver/card-shift-time-series/,Foundry & AIP,Analytics,P1,"Current official capability navigation entry; subsystem detail, implementation guidance, or API/tool documentation.",2026-07-27,Analytics
Split,https://www.palantir.com/docs/foundry/quiver/card-split/,Foundry & AIP,Analytics,P1,"Current official capability navigation entry; subsystem detail, implementation guidance, or API/tool documentation.",2026-07-27,Analytics
Starts with,https://www.palantir.com/docs/foundry/quiver/card-starts-with/,Foundry & AIP,Analytics,P1,"Current official capability navigation entry; subsystem detail, implementation guidance, or API/tool documentation.",2026-07-27,Analytics
Static time,https://www.palantir.com/docs/foundry/quiver/card-static-time/,Foundry & AIP,Analytics,P1,"Current official capability navigation entry; subsystem detail, implementation guidance, or API/tool documentation.",2026-07-27,Analytics
Status filter,https://www.palantir.com/docs/foundry/quiver/card-status-filter/,Foundry & AIP,Analytics,P1,"Current official capability navigation entry; subsystem detail, implementation guidance, or API/tool documentation.",2026-07-27,Analytics
Stepped array,https://www.palantir.com/docs/foundry/quiver/card-stepped-array/,Foundry & AIP,Analytics,P1,"Current official capability navigation entry; subsystem detail, implementation guidance, or API/tool documentation.",2026-07-27,Analytics
String array parameter,https://www.palantir.com/docs/foundry/quiver/card-string-array-parameter/,Foundry & AIP,Analytics,P1,"Current official capability navigation entry; subsystem detail, implementation guidance, or API/tool documentation.",2026-07-27,Analytics
String parameter,https://www.palantir.com/docs/foundry/quiver/card-string-parameter/,Foundry & AIP,Analytics,P1,"Current official capability navigation entry; subsystem detail, implementation guidance, or API/tool documentation.",2026-07-27,Analytics
String selector,https://www.palantir.com/docs/foundry/quiver/card-string-selector/,Foundry & AIP,Analytics,P1,"Current official capability navigation entry; subsystem detail, implementation guidance, or API/tool documentation.",2026-07-27,Analytics
String to Boolean,https://www.palantir.com/docs/foundry/quiver/card-string-to-boolean/,Foundry & AIP,Analytics,P1,"Current official capability navigation entry; subsystem detail, implementation guidance, or API/tool documentation.",2026-07-27,Analytics
String to date,https://www.palantir.com/docs/foundry/quiver/card-string-to-date/,Foundry & AIP,Analytics,P1,"Current official capability navigation entry; subsystem detail, implementation guidance, or API/tool documentation.",2026-07-27,Analytics
String to number,https://www.palantir.com/docs/foundry/quiver/card-string-to-number/,Foundry & AIP,Analytics,P1,"Current official capability navigation entry; subsystem detail, implementation guidance, or API/tool documentation.",2026-07-27,Analytics
Strings to booleans,https://www.palantir.com/docs/foundry/quiver/card-strings-to-booleans/,Foundry & AIP,Analytics,P1,"Current official capability navigation entry; subsystem detail, implementation guidance, or API/tool documentation.",2026-07-27,Analytics
Strings to dates,https://www.palantir.com/docs/foundry/quiver/card-strings-to-dates/,Foundry & AIP,Analytics,P1,"Current official capability navigation entry; subsystem detail, implementation guidance, or API/tool documentation.",2026-07-27,Analytics
Strings to numbers,https://www.palantir.com/docs/foundry/quiver/card-strings-to-numbers/,Foundry & AIP,Analytics,P1,"Current official capability navigation entry; subsystem detail, implementation guidance, or API/tool documentation.",2026-07-27,Analytics
Substring,https://www.palantir.com/docs/foundry/quiver/card-substring/,Foundry & AIP,Analytics,P1,"Current official capability navigation entry; subsystem detail, implementation guidance, or API/tool documentation.",2026-07-27,Analytics
Switch to linked object set,https://www.palantir.com/docs/foundry/quiver/card-switch-to-linked-object-set/,Foundry & AIP,Analytics,P1,"Current official capability navigation entry; subsystem detail, implementation guidance, or API/tool documentation.",2026-07-27,Analytics
Table,https://www.palantir.com/docs/foundry/quiver/card-table/,Foundry & AIP,Analytics,P1,"Current official capability navigation entry; subsystem detail, implementation guidance, or API/tool documentation.",2026-07-27,Analytics
Tabular time series,https://www.palantir.com/docs/foundry/quiver/card-tabular-time-series/,Foundry & AIP,Analytics,P1,"Current official capability navigation entry; subsystem detail, implementation guidance, or API/tool documentation.",2026-07-27,Analytics
Time series bounds,https://www.palantir.com/docs/foundry/quiver/card-time-series-bounds/,Foundry & AIP,Analytics,P1,"Current official capability navigation entry; subsystem detail, implementation guidance, or API/tool documentation.",2026-07-27,Analytics
Time series distribution,https://www.palantir.com/docs/foundry/quiver/card-time-series-distribution/,Foundry & AIP,Analytics,P1,"Current official capability navigation entry; subsystem detail, implementation guidance, or API/tool documentation.",2026-07-27,Analytics
Time series end date,https://www.palantir.com/docs/foundry/quiver/card-time-series-end-date/,Foundry & AIP,Analytics,P1,"Current official capability navigation entry; subsystem detail, implementation guidance, or API/tool documentation.",2026-07-27,Analytics
Time series forecast,https://www.palantir.com/docs/foundry/quiver/card-time-series-forecast/,Foundry & AIP,Analytics,P1,"Current official capability navigation entry; subsystem detail, implementation guidance, or API/tool documentation.",2026-07-27,Analytics
Time series formula,https://www.palantir.com/docs/foundry/quiver/card-time-series-formula/,Foundry & AIP,Analytics,P1,"Current official capability navigation entry; subsystem detail, implementation guidance, or API/tool documentation.",2026-07-27,Analytics
Time series heat grid,https://www.palantir.com/docs/foundry/quiver/card-time-series-heat-grid/,Foundry & AIP,Analytics,P1,"Current official capability navigation entry; subsystem detail, implementation guidance, or API/tool documentation.",2026-07-27,Analytics
Time series numeric aggregation,https://www.palantir.com/docs/foundry/quiver/card-time-series-numeric-aggregation/,Foundry & AIP,Analytics,P1,"Current official capability navigation entry; subsystem detail, implementation guidance, or API/tool documentation.",2026-07-27,Analytics
Time series property,https://www.palantir.com/docs/foundry/quiver/card-time-series-property/,Foundry & AIP,Analytics,P1,"Current official capability navigation entry; subsystem detail, implementation guidance, or API/tool documentation.",2026-07-27,Analytics
Time series regression coefficients,https://www.palantir.com/docs/foundry/quiver/card-time-series-regression-coefficients/,Foundry & AIP,Analytics,P1,"Current official capability navigation entry; subsystem detail, implementation guidance, or API/tool documentation.",2026-07-27,Analytics
Time series regression,https://www.palantir.com/docs/foundry/quiver/card-time-series-regression/,Foundry & AIP,Analytics,P1,"Current official capability navigation entry; subsystem detail, implementation guidance, or API/tool documentation.",2026-07-27,Analytics
Time series scatter plot,https://www.palantir.com/docs/foundry/quiver/card-time-series-scatter-plot/,Foundry & AIP,Analytics,P1,"Current official capability navigation entry; subsystem detail, implementation guidance, or API/tool documentation.",2026-07-27,Analytics
Time series search,https://www.palantir.com/docs/foundry/quiver/card-time-series-search/,Foundry & AIP,Analytics,P1,"Current official capability navigation entry; subsystem detail, implementation guidance, or API/tool documentation.",2026-07-27,Analytics
Time series start date,https://www.palantir.com/docs/foundry/quiver/card-time-series-start-date/,Foundry & AIP,Analytics,P1,"Current official capability navigation entry; subsystem detail, implementation guidance, or API/tool documentation.",2026-07-27,Analytics
Time series sync,https://www.palantir.com/docs/foundry/quiver/card-time-series-sync/,Foundry & AIP,Analytics,P1,"Current official capability navigation entry; subsystem detail, implementation guidance, or API/tool documentation.",2026-07-27,Analytics
Time series unit,https://www.palantir.com/docs/foundry/quiver/card-time-series-unit/,Foundry & AIP,Analytics,P1,"Current official capability navigation entry; subsystem detail, implementation guidance, or API/tool documentation.",2026-07-27,Analytics
Time shift event set,https://www.palantir.com/docs/foundry/quiver/card-time-shift-event-set/,Foundry & AIP,Analytics,P1,"Current official capability navigation entry; subsystem detail, implementation guidance, or API/tool documentation.",2026-07-27,Analytics
To lower case,https://www.palantir.com/docs/foundry/quiver/card-to-lower-case/,Foundry & AIP,Analytics,P1,"Current official capability navigation entry; subsystem detail, implementation guidance, or API/tool documentation.",2026-07-27,Analytics
To upper case,https://www.palantir.com/docs/foundry/quiver/card-to-upper-case/,Foundry & AIP,Analytics,P1,"Current official capability navigation entry; subsystem detail, implementation guidance, or API/tool documentation.",2026-07-27,Analytics
Transform table aggregation,https://www.palantir.com/docs/foundry/quiver/card-transform-table-aggregation/,Foundry & AIP,Analytics,P1,"Current official capability navigation entry; subsystem detail, implementation guidance, or API/tool documentation.",2026-07-27,Analytics
Transform table column values,https://www.palantir.com/docs/foundry/quiver/card-transform-table-column-values/,Foundry & AIP,Analytics,P1,"Current official capability navigation entry; subsystem detail, implementation guidance, or API/tool documentation.",2026-07-27,Analytics
Categorical plot from transform table,https://www.palantir.com/docs/foundry/quiver/card-transform-table-plot/,Foundry & AIP,Analytics,P1,"Current official capability navigation entry; subsystem detail, implementation guidance, or API/tool documentation.",2026-07-27,Analytics
Transform table row selector,https://www.palantir.com/docs/foundry/quiver/card-transform-table-row-selector/,Foundry & AIP,Analytics,P1,"Current official capability navigation entry; subsystem detail, implementation guidance, or API/tool documentation.",2026-07-27,Analytics
Transform table,https://www.palantir.com/docs/foundry/quiver/card-transform-table/,Foundry & AIP,Analytics,P1,"Current official capability navigation entry; subsystem detail, implementation guidance, or API/tool documentation.",2026-07-27,Analytics
Union (transform table),https://www.palantir.com/docs/foundry/quiver/card-union-transform-table/,Foundry & AIP,Analytics,P1,"Current official capability navigation entry; subsystem detail, implementation guidance, or API/tool documentation.",2026-07-27,Analytics
Unique column values (materialization),https://www.palantir.com/docs/foundry/quiver/card-unique-column-values-materialization/,Foundry & AIP,Analytics,P1,"Current official capability navigation entry; subsystem detail, implementation guidance, or API/tool documentation.",2026-07-27,Analytics
Unique property values,https://www.palantir.com/docs/foundry/quiver/card-unique-property-values/,Foundry & AIP,Analytics,P1,"Current official capability navigation entry; subsystem detail, implementation guidance, or API/tool documentation.",2026-07-27,Analytics
Unique values,https://www.palantir.com/docs/foundry/quiver/card-unique-values/,Foundry & AIP,Analytics,P1,"Current official capability navigation entry; subsystem detail, implementation guidance, or API/tool documentation.",2026-07-27,Analytics
Value at index,https://www.palantir.com/docs/foundry/quiver/card-value-at-index/,Foundry & AIP,Analytics,P1,"Current official capability navigation entry; subsystem detail, implementation guidance, or API/tool documentation.",2026-07-27,Analytics
Value at time,https://www.palantir.com/docs/foundry/quiver/card-value-at-time/,Foundry & AIP,Analytics,P1,"Current official capability navigation entry; subsystem detail, implementation guidance, or API/tool documentation.",2026-07-27,Analytics
Vega plot,https://www.palantir.com/docs/foundry/quiver/card-vega-plot/,Foundry & AIP,Analytics,P1,"Current official capability navigation entry; subsystem detail, implementation guidance, or API/tool documentation.",2026-07-27,Analytics
Visual function boolean,https://www.palantir.com/docs/foundry/quiver/card-visual-function-boolean/,Foundry & AIP,Analytics,P1,"Current official capability navigation entry; subsystem detail, implementation guidance, or API/tool documentation.",2026-07-27,Analytics
Visual function date/time,https://www.palantir.com/docs/foundry/quiver/card-visual-function-datetime/,Foundry & AIP,Analytics,P1,"Current official capability navigation entry; subsystem detail, implementation guidance, or API/tool documentation.",2026-07-27,Analytics
Visual function metric,https://www.palantir.com/docs/foundry/quiver/card-visual-function-metric/,Foundry & AIP,Analytics,P1,"Current official capability navigation entry; subsystem detail, implementation guidance, or API/tool documentation.",2026-07-27,Analytics
Visual function property select,https://www.palantir.com/docs/foundry/quiver/card-visual-function-property-select/,Foundry & AIP,Analytics,P1,"Current official capability navigation entry; subsystem detail, implementation guidance, or API/tool documentation.",2026-07-27,Analytics
Visual function string,https://www.palantir.com/docs/foundry/quiver/card-visual-function-string/,Foundry & AIP,Analytics,P1,"Current official capability navigation entry; subsystem detail, implementation guidance, or API/tool documentation.",2026-07-27,Analytics
Visual function time range,https://www.palantir.com/docs/foundry/quiver/card-visual-function-time-range/,Foundry & AIP,Analytics,P1,"Current official capability navigation entry; subsystem detail, implementation guidance, or API/tool documentation.",2026-07-27,Analytics
Waterfall plot,https://www.palantir.com/docs/foundry/quiver/card-waterfall-plot/,Foundry & AIP,Analytics,P1,"Current official capability navigation entry; subsystem detail, implementation guidance, or API/tool documentation.",2026-07-27,Analytics
Week to date,https://www.palantir.com/docs/foundry/quiver/card-week-to-date/,Foundry & AIP,Analytics,P1,"Current official capability navigation entry; subsystem detail, implementation guidance, or API/tool documentation.",2026-07-27,Analytics
X/Y range parameter,https://www.palantir.com/docs/foundry/quiver/card-xy-range-parameter/,Foundry & AIP,Analytics,P1,"Current official capability navigation entry; subsystem detail, implementation guidance, or API/tool documentation.",2026-07-27,Analytics
Year to date,https://www.palantir.com/docs/foundry/quiver/card-year-to-date/,Foundry & AIP,Analytics,P1,"Current official capability navigation entry; subsystem detail, implementation guidance, or API/tool documentation.",2026-07-27,Analytics
Year,https://www.palantir.com/docs/foundry/quiver/card-year/,Foundry & AIP,Analytics,P1,"Current official capability navigation entry; subsystem detail, implementation guidance, or API/tool documentation.",2026-07-27,Analytics
Formula syntax,https://www.palantir.com/docs/foundry/quiver/cards-formula-syntax/,Foundry & AIP,Analytics,P1,"Current official capability navigation entry; subsystem detail, implementation guidance, or API/tool documentation.",2026-07-27,Analytics
Formulas,https://www.palantir.com/docs/foundry/quiver/cards-formulas/,Foundry & AIP,Analytics,P1,"Current official capability navigation entry; subsystem detail, implementation guidance, or API/tool documentation.",2026-07-27,Analytics
Array,https://www.palantir.com/docs/foundry/quiver/cards-index-array/,Foundry & AIP,Analytics,P1,"Current official capability navigation entry; subsystem detail, implementation guidance, or API/tool documentation.",2026-07-27,Analytics
Boolean,https://www.palantir.com/docs/foundry/quiver/cards-index-boolean/,Foundry & AIP,Analytics,P1,"Current official capability navigation entry; subsystem detail, implementation guidance, or API/tool documentation.",2026-07-27,Analytics
Charts,https://www.palantir.com/docs/foundry/quiver/cards-index-charts/,Foundry & AIP,Analytics,P1,"Current official capability navigation entry; subsystem detail, implementation guidance, or API/tool documentation.",2026-07-27,Analytics
Date/Time,https://www.palantir.com/docs/foundry/quiver/cards-index-datetime/,Foundry & AIP,Analytics,P1,"Current official capability navigation entry; subsystem detail, implementation guidance, or API/tool documentation.",2026-07-27,Analytics
Display,https://www.palantir.com/docs/foundry/quiver/cards-index-display/,Foundry & AIP,Analytics,P1,"Current official capability navigation entry; subsystem detail, implementation guidance, or API/tool documentation.",2026-07-27,Analytics
Event sets,https://www.palantir.com/docs/foundry/quiver/cards-index-event-sets/,Foundry & AIP,Analytics,P1,"Current official capability navigation entry; subsystem detail, implementation guidance, or API/tool documentation.",2026-07-27,Analytics
Materializations,https://www.palantir.com/docs/foundry/quiver/cards-index-materializations/,Foundry & AIP,Analytics,P1,"Current official capability navigation entry; subsystem detail, implementation guidance, or API/tool documentation.",2026-07-27,Analytics
Numeric,https://www.palantir.com/docs/foundry/quiver/cards-index-numeric/,Foundry & AIP,Analytics,P1,"Current official capability navigation entry; subsystem detail, implementation guidance, or API/tool documentation.",2026-07-27,Analytics
Objects,https://www.palantir.com/docs/foundry/quiver/cards-index-objects/,Foundry & AIP,Analytics,P1,"Current official capability navigation entry; subsystem detail, implementation guidance, or API/tool documentation.",2026-07-27,Analytics
String,https://www.palantir.com/docs/foundry/quiver/cards-index-string/,Foundry & AIP,Analytics,P1,"Current official capability navigation entry; subsystem detail, implementation guidance, or API/tool documentation.",2026-07-27,Analytics
Tables,https://www.palantir.com/docs/foundry/quiver/cards-index-tables/,Foundry & AIP,Analytics,P1,"Current official capability navigation entry; subsystem detail, implementation guidance, or API/tool documentation.",2026-07-27,Analytics
Time series,https://www.palantir.com/docs/foundry/quiver/cards-index-time-series/,Foundry & AIP,Analytics,P1,"Current official capability navigation entry; subsystem detail, implementation guidance, or API/tool documentation.",2026-07-27,Analytics
Writeback,https://www.palantir.com/docs/foundry/quiver/cards-index-writeback/,Foundry & AIP,Analytics,P1,"Current official capability navigation entry; subsystem detail, implementation guidance, or API/tool documentation.",2026-07-27,Analytics
Index of cards,https://www.palantir.com/docs/foundry/quiver/cards-index/,Foundry & AIP,Analytics,P1,"Current official capability navigation entry; subsystem detail, implementation guidance, or API/tool documentation.",2026-07-27,Analytics
Interpolation,https://www.palantir.com/docs/foundry/quiver/cards-interpolation-usage/,Foundry & AIP,Analytics,P1,"Current official capability navigation entry; subsystem detail, implementation guidance, or API/tool documentation.",2026-07-27,Analytics
Parameters,https://www.palantir.com/docs/foundry/quiver/cards-parameters/,Foundry & AIP,Analytics,P1,"Current official capability navigation entry; subsystem detail, implementation guidance, or API/tool documentation.",2026-07-27,Analytics
Array operations,https://www.palantir.com/docs/foundry/quiver/cards-transform-table-index-array-operations/,Foundry & AIP,Analytics,P1,"Current official capability navigation entry; subsystem detail, implementation guidance, or API/tool documentation.",2026-07-27,Analytics
Boolean comparisons,https://www.palantir.com/docs/foundry/quiver/cards-transform-table-index-boolean-comparisons/,Foundry & AIP,Analytics,P1,"Current official capability navigation entry; subsystem detail, implementation guidance, or API/tool documentation.",2026-07-27,Analytics
Boolean operations,https://www.palantir.com/docs/foundry/quiver/cards-transform-table-index-boolean-operations/,Foundry & AIP,Analytics,P1,"Current official capability navigation entry; subsystem detail, implementation guidance, or API/tool documentation.",2026-07-27,Analytics
Edit columns,https://www.palantir.com/docs/foundry/quiver/cards-transform-table-index-edit-columns/,Foundry & AIP,Analytics,P1,"Current official capability navigation entry; subsystem detail, implementation guidance, or API/tool documentation.",2026-07-27,Analytics
Filter,https://www.palantir.com/docs/foundry/quiver/cards-transform-table-index-filter/,Foundry & AIP,Analytics,P1,"Current official capability navigation entry; subsystem detail, implementation guidance, or API/tool documentation.",2026-07-27,Analytics
Functions,https://www.palantir.com/docs/foundry/quiver/cards-transform-table-index-functions/,Foundry & AIP,Analytics,P1,"Current official capability navigation entry; subsystem detail, implementation guidance, or API/tool documentation.",2026-07-27,Analytics
Group,https://www.palantir.com/docs/foundry/quiver/cards-transform-table-index-group/,Foundry & AIP,Analytics,P1,"Current official capability navigation entry; subsystem detail, implementation guidance, or API/tool documentation.",2026-07-27,Analytics
Join,https://www.palantir.com/docs/foundry/quiver/cards-transform-table-index-join/,Foundry & AIP,Analytics,P1,"Current official capability navigation entry; subsystem detail, implementation guidance, or API/tool documentation.",2026-07-27,Analytics
Null/error handling,https://www.palantir.com/docs/foundry/quiver/cards-transform-table-index-null-error-handling/,Foundry & AIP,Analytics,P1,"Current official capability navigation entry; subsystem detail, implementation guidance, or API/tool documentation.",2026-07-27,Analytics
Number comparisons,https://www.palantir.com/docs/foundry/quiver/cards-transform-table-index-number-comparisons/,Foundry & AIP,Analytics,P1,"Current official capability navigation entry; subsystem detail, implementation guidance, or API/tool documentation.",2026-07-27,Analytics
Number operations,https://www.palantir.com/docs/foundry/quiver/cards-transform-table-index-number-operations/,Foundry & AIP,Analytics,P1,"Current official capability navigation entry; subsystem detail, implementation guidance, or API/tool documentation.",2026-07-27,Analytics
Range operations,https://www.palantir.com/docs/foundry/quiver/cards-transform-table-index-range-operations/,Foundry & AIP,Analytics,P1,"Current official capability navigation entry; subsystem detail, implementation guidance, or API/tool documentation.",2026-07-27,Analytics
String comparisons,https://www.palantir.com/docs/foundry/quiver/cards-transform-table-index-string-comparisons/,Foundry & AIP,Analytics,P1,"Current official capability navigation entry; subsystem detail, implementation guidance, or API/tool documentation.",2026-07-27,Analytics
String operations,https://www.palantir.com/docs/foundry/quiver/cards-transform-table-index-string-operations/,Foundry & AIP,Analytics,P1,"Current official capability navigation entry; subsystem detail, implementation guidance, or API/tool documentation.",2026-07-27,Analytics
Time comparisons,https://www.palantir.com/docs/foundry/quiver/cards-transform-table-index-time-comparisons/,Foundry & AIP,Analytics,P1,"Current official capability navigation entry; subsystem detail, implementation guidance, or API/tool documentation.",2026-07-27,Analytics
Time operations,https://www.palantir.com/docs/foundry/quiver/cards-transform-table-index-time-operations/,Foundry & AIP,Analytics,P1,"Current official capability navigation entry; subsystem detail, implementation guidance, or API/tool documentation.",2026-07-27,Analytics
Time series operations,https://www.palantir.com/docs/foundry/quiver/cards-transform-table-index-timeseries-operations/,Foundry & AIP,Analytics,P1,"Current official capability navigation entry; subsystem detail, implementation guidance, or API/tool documentation.",2026-07-27,Analytics
User information,https://www.palantir.com/docs/foundry/quiver/cards-transform-table-index-user-info/,Foundry & AIP,Analytics,P1,"Current official capability navigation entry; subsystem detail, implementation guidance, or API/tool documentation.",2026-07-27,Analytics
Index of transform table transformations,https://www.palantir.com/docs/foundry/quiver/cards-transform-table-index/,Foundry & AIP,Analytics,P1,"Current official capability navigation entry; subsystem detail, implementation guidance, or API/tool documentation.",2026-07-27,Analytics
Transform tables,https://www.palantir.com/docs/foundry/quiver/cards-transform-table/,Foundry & AIP,Analytics,P1,"Current official capability navigation entry; subsystem detail, implementation guidance, or API/tool documentation.",2026-07-27,Analytics
Vega plots,https://www.palantir.com/docs/foundry/quiver/cards-vega-plot/,Foundry & AIP,Analytics,P1,"Current official capability navigation entry; subsystem detail, implementation guidance, or API/tool documentation.",2026-07-27,Analytics
Quiver — Core Concepts,https://www.palantir.com/docs/foundry/quiver/core-concepts/,Foundry & AIP,Analytics,P1,"Current official capability navigation entry; subsystem detail, implementation guidance, or API/tool documentation.",2026-07-27,Analytics
Add to a Carbon workspace,https://www.palantir.com/docs/foundry/quiver/dashboards-carbon/,Foundry & AIP,Analytics,P1,"Current official capability navigation entry; subsystem detail, implementation guidance, or API/tool documentation.",2026-07-27,Analytics
Create a dashboard,https://www.palantir.com/docs/foundry/quiver/dashboards-create/,Foundry & AIP,Analytics,P1,"Current official capability navigation entry; subsystem detail, implementation guidance, or API/tool documentation.",2026-07-27,Analytics
Use a dashboard within an analysis,https://www.palantir.com/docs/foundry/quiver/dashboards-in-analysis/,Foundry & AIP,Analytics,P1,"Current official capability navigation entry; subsystem detail, implementation guidance, or API/tool documentation.",2026-07-27,Analytics
Add Quiver dashboard to a Marketplace product,https://www.palantir.com/docs/foundry/quiver/dashboards-marketplace/,Foundry & AIP,Analytics,P1,"Current official capability navigation entry; subsystem detail, implementation guidance, or API/tool documentation.",2026-07-27,Analytics
Add to a Notepad document,https://www.palantir.com/docs/foundry/quiver/dashboards-notepad/,Foundry & AIP,Analytics,P1,"Current official capability navigation entry; subsystem detail, implementation guidance, or API/tool documentation.",2026-07-27,Analytics
Embed in an Object View,https://www.palantir.com/docs/foundry/quiver/dashboards-object-view/,Foundry & AIP,Analytics,P1,"Current official capability navigation entry; subsystem detail, implementation guidance, or API/tool documentation.",2026-07-27,Analytics
Quiver — Overview,https://www.palantir.com/docs/foundry/quiver/dashboards-overview/,Foundry & AIP,Analytics,P1,"Current official capability navigation entry; subsystem detail, implementation guidance, or API/tool documentation.",2026-07-27,Analytics
Publish and share a dashboard,https://www.palantir.com/docs/foundry/quiver/dashboards-publish-share/,Foundry & AIP,Analytics,P1,"Current official capability navigation entry; subsystem detail, implementation guidance, or API/tool documentation.",2026-07-27,Analytics
Embed in a Workshop module,https://www.palantir.com/docs/foundry/quiver/dashboards-workshop/,Foundry & AIP,Analytics,P1,"Current official capability navigation entry; subsystem detail, implementation guidance, or API/tool documentation.",2026-07-27,Analytics
Quiver — Getting Started,https://www.palantir.com/docs/foundry/quiver/getting-started/,Foundry & AIP,Analytics,P1,"Current official capability navigation entry; subsystem detail, implementation guidance, or API/tool documentation.",2026-07-27,Analytics
Visualize objects with charts,https://www.palantir.com/docs/foundry/quiver/objects-chart-drilldown/,Foundry & AIP,Analytics,P1,"Current official capability navigation entry; subsystem detail, implementation guidance, or API/tool documentation.",2026-07-27,Analytics
Filter object sets,https://www.palantir.com/docs/foundry/quiver/objects-filter/,Foundry & AIP,Analytics,P1,"Current official capability navigation entry; subsystem detail, implementation guidance, or API/tool documentation.",2026-07-27,Analytics
Export an object set,https://www.palantir.com/docs/foundry/quiver/objects-import-export/,Foundry & AIP,Analytics,P1,"Current official capability navigation entry; subsystem detail, implementation guidance, or API/tool documentation.",2026-07-27,Analytics
Search around to linked objects,https://www.palantir.com/docs/foundry/quiver/objects-import-linked/,Foundry & AIP,Analytics,P1,"Current official capability navigation entry; subsystem detail, implementation guidance, or API/tool documentation.",2026-07-27,Analytics
Add objects,https://www.palantir.com/docs/foundry/quiver/objects-overview/,Foundry & AIP,Analytics,P1,"Current official capability navigation entry; subsystem detail, implementation guidance, or API/tool documentation.",2026-07-27,Analytics
Drill down to objects and properties,https://www.palantir.com/docs/foundry/quiver/objects-property-drilldown/,Foundry & AIP,Analytics,P1,"Current official capability navigation entry; subsystem detail, implementation guidance, or API/tool documentation.",2026-07-27,Analytics
Quiver,https://www.palantir.com/docs/foundry/quiver/overview/,Foundry & AIP,Analytics,P1,"Current official capability navigation entry; subsystem detail, implementation guidance, or API/tool documentation.",2026-07-27,Analytics
AIP features,https://www.palantir.com/docs/foundry/quiver/quiver-aip/,Foundry & AIP,Analytics,P1,"Current official capability navigation entry; subsystem detail, implementation guidance, or API/tool documentation.",2026-07-27,Analytics
Best practices,https://www.palantir.com/docs/foundry/quiver/quiver-best-practices/,Foundry & AIP,Analytics,P1,"Current official capability navigation entry; subsystem detail, implementation guidance, or API/tool documentation.",2026-07-27,Analytics
Convert a canvas template [Deprecated] to a dashboard,https://www.palantir.com/docs/foundry/quiver/templates-convert-to-dashboard/,Foundry & AIP,Analytics,P1,"Current official capability navigation entry; subsystem detail, implementation guidance, or API/tool documentation.",2026-07-27,Analytics
Time series aggregations,https://www.palantir.com/docs/foundry/quiver/timeseries-aggregations/,Foundry & AIP,Analytics,P1,"Current official capability navigation entry; subsystem detail, implementation guidance, or API/tool documentation.",2026-07-27,Analytics
Analyze events data,https://www.palantir.com/docs/foundry/quiver/timeseries-analyze-events-data/,Foundry & AIP,Analytics,P1,"Current official capability navigation entry; subsystem detail, implementation guidance, or API/tool documentation.",2026-07-27,Analytics
Batch analyze time series,https://www.palantir.com/docs/foundry/quiver/timeseries-batch-analyze/,Foundry & AIP,Analytics,P1,"Current official capability navigation entry; subsystem detail, implementation guidance, or API/tool documentation.",2026-07-27,Analytics
Time series metrics,https://www.palantir.com/docs/foundry/quiver/timeseries-metric-cards/,Foundry & AIP,Analytics,P1,"Current official capability navigation entry; subsystem detail, implementation guidance, or API/tool documentation.",2026-07-27,Analytics
Add time series,https://www.palantir.com/docs/foundry/quiver/timeseries-overview/,Foundry & AIP,Analytics,P1,"Current official capability navigation entry; subsystem detail, implementation guidance, or API/tool documentation.",2026-07-27,Analytics
Parameterize and pivot time series,https://www.palantir.com/docs/foundry/quiver/timeseries-parameterize-pivot/,Foundry & AIP,Analytics,P1,"Current official capability navigation entry; subsystem detail, implementation guidance, or API/tool documentation.",2026-07-27,Analytics
Time and value ranges,https://www.palantir.com/docs/foundry/quiver/timeseries-ranges/,Foundry & AIP,Analytics,P1,"Current official capability navigation entry; subsystem detail, implementation guidance, or API/tool documentation.",2026-07-27,Analytics
Reference profiles,https://www.palantir.com/docs/foundry/quiver/timeseries-reference-profiles/,Foundry & AIP,Analytics,P1,"Current official capability navigation entry; subsystem detail, implementation guidance, or API/tool documentation.",2026-07-27,Analytics
Compare series in relative time,https://www.palantir.com/docs/foundry/quiver/timeseries-relative-time/,Foundry & AIP,Analytics,P1,"Current official capability navigation entry; subsystem detail, implementation guidance, or API/tool documentation.",2026-07-27,Analytics
Search for anomalies,https://www.palantir.com/docs/foundry/quiver/timeseries-search-anomalies/,Foundry & AIP,Analytics,P1,"Current official capability navigation entry; subsystem detail, implementation guidance, or API/tool documentation.",2026-07-27,Analytics
Transform time series,https://www.palantir.com/docs/foundry/quiver/timeseries-transform/,Foundry & AIP,Analytics,P1,"Current official capability navigation entry; subsystem detail, implementation guidance, or API/tool documentation.",2026-07-27,Analytics
Visualize time series,https://www.palantir.com/docs/foundry/quiver/timeseries-visualize/,Foundry & AIP,Analytics,P1,"Current official capability navigation entry; subsystem detail, implementation guidance, or API/tool documentation.",2026-07-27,Analytics
Transform table computation differences,https://www.palantir.com/docs/foundry/quiver/transform-table-computation-differences/,Foundry & AIP,Analytics,P1,"Current official capability navigation entry; subsystem detail, implementation guidance, or API/tool documentation.",2026-07-27,Analytics
Create and use visual functions,https://www.palantir.com/docs/foundry/quiver/visual-functions-create/,Foundry & AIP,Analytics,P1,"Current official capability navigation entry; subsystem detail, implementation guidance, or API/tool documentation.",2026-07-27,Analytics
Quiver — Overview,https://www.palantir.com/docs/foundry/quiver/visual-functions-overview/,Foundry & AIP,Analytics,P1,"Current official capability navigation entry; subsystem detail, implementation guidance, or API/tool documentation.",2026-07-27,Analytics
Time series X/Y plots,https://www.palantir.com/docs/foundry/quiver/xy-plots/,Foundry & AIP,Analytics,P1,"Current official capability navigation entry; subsystem detail, implementation guidance, or API/tool documentation.",2026-07-27,Analytics
Build a voice-enabled OSDK application,https://www.palantir.com/docs/foundry/realtime-audio/build-a-voice-enabled-osdk-application/,Foundry & AIP,AI Platform (AIP),P1,"Current official capability navigation entry; subsystem detail, implementation guidance, or API/tool documentation.",2026-07-27,AI Platform (AIP)
Realtime Audio — Overview,https://www.palantir.com/docs/foundry/realtime-audio/overview/,Foundry & AIP,AI Platform (AIP),P1,"Current official capability navigation entry; subsystem detail, implementation guidance, or API/tool documentation.",2026-07-27,AI Platform (AIP)
Configure notifications,https://www.palantir.com/docs/foundry/recipes/configure-notifications/,Foundry & AIP,Data connectivity & integration,P1,"Current official capability navigation entry; subsystem detail, implementation guidance, or API/tool documentation.",2026-07-27,Data connectivity & integration
Recipes — Core Concepts,https://www.palantir.com/docs/foundry/recipes/core-concepts/,Foundry & AIP,Data connectivity & integration,P1,"Current official capability navigation entry; subsystem detail, implementation guidance, or API/tool documentation.",2026-07-27,Data connectivity & integration
Create a recipe,https://www.palantir.com/docs/foundry/recipes/create-a-recipe/,Foundry & AIP,Data connectivity & integration,P1,"Current official capability navigation entry; subsystem detail, implementation guidance, or API/tool documentation.",2026-07-27,Data connectivity & integration
Edit a recipe,https://www.palantir.com/docs/foundry/recipes/edit-a-recipe/,Foundry & AIP,Data connectivity & integration,P1,"Current official capability navigation entry; subsystem detail, implementation guidance, or API/tool documentation.",2026-07-27,Data connectivity & integration
Recipes — Overview,https://www.palantir.com/docs/foundry/recipes/overview/,Foundry & AIP,Data connectivity & integration,P1,"Current official capability navigation entry; subsystem detail, implementation guidance, or API/tool documentation.",2026-07-27,Data connectivity & integration
View all recipes,https://www.palantir.com/docs/foundry/recipes/view-recipes/,Foundry & AIP,Data connectivity & integration,P1,"Current official capability navigation entry; subsystem detail, implementation guidance, or API/tool documentation.",2026-07-27,Data connectivity & integration
Add content from other Foundry applications,https://www.palantir.com/docs/foundry/reports/add-content-from-other-apps/,Foundry & AIP,Analytics,P1,"Current official capability navigation entry; subsystem detail, implementation guidance, or API/tool documentation.",2026-07-27,Analytics
Add content,https://www.palantir.com/docs/foundry/reports/add-content/,Foundry & AIP,Analytics,P1,"Current official capability navigation entry; subsystem detail, implementation guidance, or API/tool documentation.",2026-07-27,Analytics
Add a parameter,https://www.palantir.com/docs/foundry/reports/add-parameter/,Foundry & AIP,Analytics,P1,"Current official capability navigation entry; subsystem detail, implementation guidance, or API/tool documentation.",2026-07-27,Analytics
Change a parameter,https://www.palantir.com/docs/foundry/reports/change-parameter/,Foundry & AIP,Analytics,P1,"Current official capability navigation entry; subsystem detail, implementation guidance, or API/tool documentation.",2026-07-27,Analytics
Add a title,https://www.palantir.com/docs/foundry/reports/change-title/,Foundry & AIP,Analytics,P1,"Current official capability navigation entry; subsystem detail, implementation guidance, or API/tool documentation.",2026-07-27,Analytics
Change width and height,https://www.palantir.com/docs/foundry/reports/change-width-and-height/,Foundry & AIP,Analytics,P1,"Current official capability navigation entry; subsystem detail, implementation guidance, or API/tool documentation.",2026-07-27,Analytics
Collaborate on a report,https://www.palantir.com/docs/foundry/reports/collaborate/,Foundry & AIP,Analytics,P1,"Current official capability navigation entry; subsystem detail, implementation guidance, or API/tool documentation.",2026-07-27,Analytics
Copy a report's text as markdown,https://www.palantir.com/docs/foundry/reports/copy-as-markdown/,Foundry & AIP,Analytics,P1,"Current official capability navigation entry; subsystem detail, implementation guidance, or API/tool documentation.",2026-07-27,Analytics
Duplicate a report,https://www.palantir.com/docs/foundry/reports/duplicate-report/,Foundry & AIP,Analytics,P1,"Current official capability navigation entry; subsystem detail, implementation guidance, or API/tool documentation.",2026-07-27,Analytics
Export a board's data to CSV,https://www.palantir.com/docs/foundry/reports/export-board-to-csv/,Foundry & AIP,Analytics,P1,"Current official capability navigation entry; subsystem detail, implementation guidance, or API/tool documentation.",2026-07-27,Analytics
Export to PDF or PowerPoint,https://www.palantir.com/docs/foundry/reports/export-to-pdf-ppt/,Foundry & AIP,Analytics,P1,"Current official capability navigation entry; subsystem detail, implementation guidance, or API/tool documentation.",2026-07-27,Analytics
Merge multiple parameters,https://www.palantir.com/docs/foundry/reports/merge-multiple-parameters/,Foundry & AIP,Analytics,P1,"Current official capability navigation entry; subsystem detail, implementation guidance, or API/tool documentation.",2026-07-27,Analytics
Reports — Overview,https://www.palantir.com/docs/foundry/reports/overview/,Foundry & AIP,Analytics,P1,"Current official capability navigation entry; subsystem detail, implementation guidance, or API/tool documentation.",2026-07-27,Analytics
Reports — Overview,https://www.palantir.com/docs/foundry/reports/parameters-overview/,Foundry & AIP,Analytics,P1,"Current official capability navigation entry; subsystem detail, implementation guidance, or API/tool documentation.",2026-07-27,Analytics
Reorder widgets,https://www.palantir.com/docs/foundry/reports/reorder-widgets/,Foundry & AIP,Analytics,P1,"Current official capability navigation entry; subsystem detail, implementation guidance, or API/tool documentation.",2026-07-27,Analytics
Convert legacy reports,https://www.palantir.com/docs/foundry/reports/report-conversion/,Foundry & AIP,Analytics,P1,"Current official capability navigation entry; subsystem detail, implementation guidance, or API/tool documentation.",2026-07-27,Analytics
Share a report with others,https://www.palantir.com/docs/foundry/reports/share/,Foundry & AIP,Analytics,P1,"Current official capability navigation entry; subsystem detail, implementation guidance, or API/tool documentation.",2026-07-27,Analytics
Show and hide content,https://www.palantir.com/docs/foundry/reports/show-and-hide-content/,Foundry & AIP,Analytics,P1,"Current official capability navigation entry; subsystem detail, implementation guidance, or API/tool documentation.",2026-07-27,Analytics
Show suggested values,https://www.palantir.com/docs/foundry/reports/show-suggested-values/,Foundry & AIP,Analytics,P1,"Current official capability navigation entry; subsystem detail, implementation guidance, or API/tool documentation.",2026-07-27,Analytics
Update data automatically,https://www.palantir.com/docs/foundry/reports/update-data-automatically/,Foundry & AIP,Analytics,P1,"Current official capability navigation entry; subsystem detail, implementation guidance, or API/tool documentation.",2026-07-27,Analytics
Use a parameter as a widget title prefix,https://www.palantir.com/docs/foundry/reports/use-a-parameter-as-widget-title-prefix/,Foundry & AIP,Analytics,P1,"Current official capability navigation entry; subsystem detail, implementation guidance, or API/tool documentation.",2026-07-27,Analytics
Analysis,https://www.palantir.com/docs/foundry/resource-management/analysis/,Foundry & AIP,Management & enablement,P1,"Current official capability navigation entry; subsystem detail, implementation guidance, or API/tool documentation.",2026-07-27,Management & enablement
Anomaly detection,https://www.palantir.com/docs/foundry/resource-management/anomaly-detection/,Foundry & AIP,Management & enablement,P1,"Current official capability navigation entry; subsystem detail, implementation guidance, or API/tool documentation.",2026-07-27,Management & enablement
Budgets,https://www.palantir.com/docs/foundry/resource-management/budgets/,Foundry & AIP,Management & enablement,P1,"Current official capability navigation entry; subsystem detail, implementation guidance, or API/tool documentation.",2026-07-27,Management & enablement
Configure access,https://www.palantir.com/docs/foundry/resource-management/configure-access/,Foundry & AIP,Management & enablement,P1,"Current official capability navigation entry; subsystem detail, implementation guidance, or API/tool documentation.",2026-07-27,Management & enablement
Ecosystem,https://www.palantir.com/docs/foundry/resource-management/ecosystem/,Foundry & AIP,Management & enablement,P1,"Current official capability navigation entry; subsystem detail, implementation guidance, or API/tool documentation.",2026-07-27,Management & enablement
Monitors,https://www.palantir.com/docs/foundry/resource-management/monitors/,Foundry & AIP,Management & enablement,P1,"Current official capability navigation entry; subsystem detail, implementation guidance, or API/tool documentation.",2026-07-27,Management & enablement
Overview tab,https://www.palantir.com/docs/foundry/resource-management/overview-tab/,Foundry & AIP,Management & enablement,P1,"Current official capability navigation entry; subsystem detail, implementation guidance, or API/tool documentation.",2026-07-27,Management & enablement
Learn more about resource management.,https://www.palantir.com/docs/foundry/resource-management/overview/,Foundry & AIP,Management & enablement,P1,"Current official capability navigation entry; subsystem detail, implementation guidance, or API/tool documentation.",2026-07-27,Management & enablement
Project usage,https://www.palantir.com/docs/foundry/resource-management/project-usage/,Foundry & AIP,Management & enablement,P1,"Current official capability navigation entry; subsystem detail, implementation guidance, or API/tool documentation.",2026-07-27,Management & enablement
Resource Queues,https://www.palantir.com/docs/foundry/resource-management/resource-queues/,Foundry & AIP,Management & enablement,P1,"Current official capability navigation entry; subsystem detail, implementation guidance, or API/tool documentation.",2026-07-27,Management & enablement
Usage types,https://www.palantir.com/docs/foundry/resource-management/usage-types/,Foundry & AIP,Management & enablement,P1,"Current official capability navigation entry; subsystem detail, implementation guidance, or API/tool documentation.",2026-07-27,Management & enablement
Dataset selectors,https://www.palantir.com/docs/foundry/retention/dataset-selectors/,Foundry & AIP,Management & enablement,P1,"Current official capability navigation entry; subsystem detail, implementation guidance, or API/tool documentation.",2026-07-27,Management & enablement
Managing retention policies,https://www.palantir.com/docs/foundry/retention/manage-retention-policies/,Foundry & AIP,Management & enablement,P1,"Current official capability navigation entry; subsystem detail, implementation guidance, or API/tool documentation.",2026-07-27,Management & enablement
Retention — Navigation,https://www.palantir.com/docs/foundry/retention/navigation/,Foundry & AIP,Management & enablement,P1,"Current official capability navigation entry; subsystem detail, implementation guidance, or API/tool documentation.",2026-07-27,Management & enablement
Retention — Overview,https://www.palantir.com/docs/foundry/retention/overview/,Foundry & AIP,Management & enablement,P1,"Current official capability navigation entry; subsystem detail, implementation guidance, or API/tool documentation.",2026-07-27,Management & enablement
Policy execution,https://www.palantir.com/docs/foundry/retention/policy-execution/,Foundry & AIP,Management & enablement,P1,"Current official capability navigation entry; subsystem detail, implementation guidance, or API/tool documentation.",2026-07-27,Management & enablement
Transaction selectors,https://www.palantir.com/docs/foundry/retention/transaction-selectors/,Foundry & AIP,Management & enablement,P1,"Current official capability navigation entry; subsystem detail, implementation guidance, or API/tool documentation.",2026-07-27,Management & enablement
Add-on parameters,https://www.palantir.com/docs/foundry/sap/addon-parameters/,Foundry & AIP,Data connectivity & integration,P1,"Current official capability navigation entry; subsystem detail, implementation guidance, or API/tool documentation.",2026-07-27,Data connectivity & integration
Architecture,https://www.palantir.com/docs/foundry/sap/architecture/,Foundry & AIP,Data connectivity & integration,P1,"Current official capability navigation entry; subsystem detail, implementation guidance, or API/tool documentation.",2026-07-27,Data connectivity & integration
Add-on authorization roles,https://www.palantir.com/docs/foundry/sap/authorization-roles/,Foundry & AIP,Data connectivity & integration,P1,"Current official capability navigation entry; subsystem detail, implementation guidance, or API/tool documentation.",2026-07-27,Data connectivity & integration
Add-on backup and restore,https://www.palantir.com/docs/foundry/sap/backup-restore/,Foundry & AIP,Data connectivity & integration,P1,"Current official capability navigation entry; subsystem detail, implementation guidance, or API/tool documentation.",2026-07-27,Data connectivity & integration
Configure custom authorizations and role management,https://www.palantir.com/docs/foundry/sap/configure-custom-authorizations/,Foundry & AIP,Data connectivity & integration,P1,"Current official capability navigation entry; subsystem detail, implementation guidance, or API/tool documentation.",2026-07-27,Data connectivity & integration
Configure extractors,https://www.palantir.com/docs/foundry/sap/configure-extractors/,Foundry & AIP,Data connectivity & integration,P1,"Current official capability navigation entry; subsystem detail, implementation guidance, or API/tool documentation.",2026-07-27,Data connectivity & integration
Configure SAP SLT,https://www.palantir.com/docs/foundry/sap/configure-sap-slt/,Foundry & AIP,Data connectivity & integration,P1,"Current official capability navigation entry; subsystem detail, implementation guidance, or API/tool documentation.",2026-07-27,Data connectivity & integration
Create an RFC connection,https://www.palantir.com/docs/foundry/sap/create-sap-rfc-connection/,Foundry & AIP,Data connectivity & integration,P1,"Current official capability navigation entry; subsystem detail, implementation guidance, or API/tool documentation.",2026-07-27,Data connectivity & integration
SAP Data Accelerator,https://www.palantir.com/docs/foundry/sap/data-accelerator/,Foundry & AIP,Data connectivity & integration,P1,"Current official capability navigation entry; subsystem detail, implementation guidance, or API/tool documentation.",2026-07-27,Data connectivity & integration
Download,https://www.palantir.com/docs/foundry/sap/download-sap-addon/,Foundry & AIP,Data connectivity & integration,P1,"Current official capability navigation entry; subsystem detail, implementation guidance, or API/tool documentation.",2026-07-27,Data connectivity & integration
Extract long text from SAP,https://www.palantir.com/docs/foundry/sap/extract-long-text/,Foundry & AIP,Data connectivity & integration,P1,"Current official capability navigation entry; subsystem detail, implementation guidance, or API/tool documentation.",2026-07-27,Data connectivity & integration
Sap — Faq,https://www.palantir.com/docs/foundry/sap/faq/,Foundry & AIP,Data connectivity & integration,P2,"Current official navigation entry retained for completeness; specialized, lifecycle-warning, or reference material.",2026-07-27,Data connectivity & integration
Add-on housekeeping,https://www.palantir.com/docs/foundry/sap/housekeeping/,Foundry & AIP,Data connectivity & integration,P1,"Current official capability navigation entry; subsystem detail, implementation guidance, or API/tool documentation.",2026-07-27,Data connectivity & integration
Ingest HANA views from SAP,https://www.palantir.com/docs/foundry/sap/ingest-hana-views/,Foundry & AIP,Data connectivity & integration,P1,"Current official capability navigation entry; subsystem detail, implementation guidance, or API/tool documentation.",2026-07-27,Data connectivity & integration
Install the Connector,https://www.palantir.com/docs/foundry/sap/install-sap-connector/,Foundry & AIP,Data connectivity & integration,P1,"Current official capability navigation entry; subsystem detail, implementation guidance, or API/tool documentation.",2026-07-27,Data connectivity & integration
Install a Fix Pack,https://www.palantir.com/docs/foundry/sap/install-sap-fixpack/,Foundry & AIP,Data connectivity & integration,P1,"Current official capability navigation entry; subsystem detail, implementation guidance, or API/tool documentation.",2026-07-27,Data connectivity & integration
Install a Remote Agent for 4.6C/620/640,https://www.palantir.com/docs/foundry/sap/install-sap-remote-agent-620/,Foundry & AIP,Data connectivity & integration,P1,"Current official capability navigation entry; subsystem detail, implementation guidance, or API/tool documentation.",2026-07-27,Data connectivity & integration
Install a Remote Agent,https://www.palantir.com/docs/foundry/sap/install-sap-remote-agent/,Foundry & AIP,Data connectivity & integration,P1,"Current official capability navigation entry; subsystem detail, implementation guidance, or API/tool documentation.",2026-07-27,Data connectivity & integration
Install a Support Package,https://www.palantir.com/docs/foundry/sap/install-sap-support-package/,Foundry & AIP,Data connectivity & integration,P1,"Current official capability navigation entry; subsystem detail, implementation guidance, or API/tool documentation.",2026-07-27,Data connectivity & integration
Installation overview,https://www.palantir.com/docs/foundry/sap/install-sap/,Foundry & AIP,Data connectivity & integration,P1,"Current official capability navigation entry; subsystem detail, implementation guidance, or API/tool documentation.",2026-07-27,Data connectivity & integration
User-attributed SAP writeback with OAuth 2.0,https://www.palantir.com/docs/foundry/sap/oauth2-writeback/,Foundry & AIP,Data connectivity & integration,P1,"Current official capability navigation entry; subsystem detail, implementation guidance, or API/tool documentation.",2026-07-27,Data connectivity & integration
Sap — Overview,https://www.palantir.com/docs/foundry/sap/overview/,Foundry & AIP,Data connectivity & integration,P1,"Current official capability navigation entry; subsystem detail, implementation guidance, or API/tool documentation.",2026-07-27,Data connectivity & integration
Add-on Cockpit,https://www.palantir.com/docs/foundry/sap/sap-cockpit/,Foundry & AIP,Data connectivity & integration,P1,"Current official capability navigation entry; subsystem detail, implementation guidance, or API/tool documentation.",2026-07-27,Data connectivity & integration
Uninstall the Connector or Remote Agent,https://www.palantir.com/docs/foundry/sap/uninstall-sap/,Foundry & AIP,Data connectivity & integration,P1,"Current official capability navigation entry; subsystem detail, implementation guidance, or API/tool documentation.",2026-07-27,Data connectivity & integration
Audit log categories,https://www.palantir.com/docs/foundry/security/audit-log-categories/,Foundry & AIP,Security & governance,P1,"Current official capability navigation entry; subsystem detail, implementation guidance, or API/tool documentation.",2026-07-27,Security & governance
Audit logs,https://www.palantir.com/docs/foundry/security/audit-logs-overview/,Foundry & AIP,Security & governance,P1,"Current official capability navigation entry; subsystem detail, implementation guidance, or API/tool documentation.",2026-07-27,Security & governance
Branching restricted views,https://www.palantir.com/docs/foundry/security/branching-restricted-views/,Foundry & AIP,Security & governance,P1,"Current official capability navigation entry; subsystem detail, implementation guidance, or API/tool documentation.",2026-07-27,Security & governance
Checking permissions,https://www.palantir.com/docs/foundry/security/checking-permissions/,Foundry & AIP,Security & governance,P1,"Current official capability navigation entry; subsystem detail, implementation guidance, or API/tool documentation.",2026-07-27,Security & governance
Classification-based Access Controls,https://www.palantir.com/docs/foundry/security/classification-based-access-controls/,Foundry & AIP,Security & governance,P1,"Current official capability navigation entry; subsystem detail, implementation guidance, or API/tool documentation.",2026-07-27,Security & governance
Code scanning overview,https://www.palantir.com/docs/foundry/security/code-scanning-overview/,Foundry & AIP,Security & governance,P1,"Current official capability navigation entry; subsystem detail, implementation guidance, or API/tool documentation.",2026-07-27,Security & governance
Cover pages,https://www.palantir.com/docs/foundry/security/cover-pages/,Foundry & AIP,Security & governance,P1,"Current official capability navigation entry; subsystem detail, implementation guidance, or API/tool documentation.",2026-07-27,Security & governance
Cross-Organization collaboration,https://www.palantir.com/docs/foundry/security/cross-organization-collaboration/,Foundry & AIP,Security & governance,P1,"Current official capability navigation entry; subsystem detail, implementation guidance, or API/tool documentation.",2026-07-27,Security & governance
Data protection and governance,https://www.palantir.com/docs/foundry/security/data-protection-and-governance/,Foundry & AIP,Security & governance,P1,"Current official capability navigation entry; subsystem detail, implementation guidance, or API/tool documentation.",2026-07-27,Security & governance
Download controls,https://www.palantir.com/docs/foundry/security/download-controls/,Foundry & AIP,Security & governance,P1,"Current official capability navigation entry; subsystem detail, implementation guidance, or API/tool documentation.",2026-07-27,Security & governance
Emulation mode,https://www.palantir.com/docs/foundry/security/emulation-mode/,Foundry & AIP,Security & governance,P1,"Current official capability navigation entry; subsystem detail, implementation guidance, or API/tool documentation.",2026-07-27,Security & governance
Enable code scanning,https://www.palantir.com/docs/foundry/security/enable-code-scanning/,Foundry & AIP,Security & governance,P1,"Current official capability navigation entry; subsystem detail, implementation guidance, or API/tool documentation.",2026-07-27,Security & governance
Markings,https://www.palantir.com/docs/foundry/security/markings/,Foundry & AIP,Security & governance,P1,"Current official capability navigation entry; subsystem detail, implementation guidance, or API/tool documentation.",2026-07-27,Security & governance
Monitor audit logs,https://www.palantir.com/docs/foundry/security/monitor-audit-logs/,Foundry & AIP,Security & governance,P1,"Current official capability navigation entry; subsystem detail, implementation guidance, or API/tool documentation.",2026-07-27,Security & governance
Monitoring for vulnerabilities,https://www.palantir.com/docs/foundry/security/monitor-for-vulnerabilities/,Foundry & AIP,Security & governance,P1,"Current official capability navigation entry; subsystem detail, implementation guidance, or API/tool documentation.",2026-07-27,Security & governance
Organizations and spaces,https://www.palantir.com/docs/foundry/security/orgs-and-spaces/,Foundry & AIP,Cross-capability / platform,P1,"Current official capability navigation entry; subsystem detail, implementation guidance, or API/tool documentation.",2026-07-27,Management & enablement | Security & governance
Security & governance,https://www.palantir.com/docs/foundry/security/overview/,Foundry & AIP,Security & governance,P0,"Official security architecture: mandatory and discretionary controls, authentication, authorization, and auditing.",2026-07-27,AI Platform (AIP) | Analytics | Data connectivity & integration | Developer toolchain | Management & enablement | Model connectivity & development | Observability | Ontology building | Product delivery | Security & governance | Use case development
Portfolios,https://www.palantir.com/docs/foundry/security/portfolios/,Foundry & AIP,Security & governance,P1,"Current official capability navigation entry; subsystem detail, implementation guidance, or API/tool documentation.",2026-07-27,Security & governance
Project constraints,https://www.palantir.com/docs/foundry/security/project-constraints/,Foundry & AIP,Security & governance,P1,"Current official capability navigation entry; subsystem detail, implementation guidance, or API/tool documentation.",2026-07-27,Security & governance
Projects and roles,https://www.palantir.com/docs/foundry/security/projects-and-roles/,Foundry & AIP,Security & governance,P1,"Current official capability navigation entry; subsystem detail, implementation guidance, or API/tool documentation.",2026-07-27,Security & governance
Property security markings,https://www.palantir.com/docs/foundry/security/property-security-markings/,Foundry & AIP,Security & governance,P1,"Current official capability navigation entry; subsystem detail, implementation guidance, or API/tool documentation.",2026-07-27,Security & governance
Protecting your on-premise Foundry Data Connector,https://www.palantir.com/docs/foundry/security/protect-data-connector-installation/,Foundry & AIP,Security & governance,P1,"Current official capability navigation entry; subsystem detail, implementation guidance, or API/tool documentation.",2026-07-27,Security & governance
Protecting your self-hosted Foundry installation,https://www.palantir.com/docs/foundry/security/protect-foundry-installation/,Foundry & AIP,Security & governance,P1,"Current official capability navigation entry; subsystem detail, implementation guidance, or API/tool documentation.",2026-07-27,Security & governance
Protecting against malicious files,https://www.palantir.com/docs/foundry/security/protect-malicious-files/,Foundry & AIP,Security & governance,P1,"Current official capability navigation entry; subsystem detail, implementation guidance, or API/tool documentation.",2026-07-27,Security & governance
Protecting against phishing,https://www.palantir.com/docs/foundry/security/protect-phishing/,Foundry & AIP,Security & governance,P1,"Current official capability navigation entry; subsystem detail, implementation guidance, or API/tool documentation.",2026-07-27,Security & governance
Protecting tokens and API keys,https://www.palantir.com/docs/foundry/security/protect-tokens-api-keys/,Foundry & AIP,Security & governance,P1,"Current official capability navigation entry; subsystem detail, implementation guidance, or API/tool documentation.",2026-07-27,Security & governance
Protecting sensitive data,https://www.palantir.com/docs/foundry/security/protecting-sensitive-data/,Foundry & AIP,Security & governance,P1,"Current official capability navigation entry; subsystem detail, implementation guidance, or API/tool documentation.",2026-07-27,Security & governance
Reporting security concerns,https://www.palantir.com/docs/foundry/security/report-security-concerns/,Foundry & AIP,Security & governance,P1,"Current official capability navigation entry; subsystem detail, implementation guidance, or API/tool documentation.",2026-07-27,Security & governance
Requesting justification for sensitive actions,https://www.palantir.com/docs/foundry/security/requesting-justification-for-sensitive-actions/,Foundry & AIP,Security & governance,P1,"Current official capability navigation entry; subsystem detail, implementation guidance, or API/tool documentation.",2026-07-27,Security & governance
Restricted views,https://www.palantir.com/docs/foundry/security/restricted-views/,Foundry & AIP,Security & governance,P1,"Current official capability navigation entry; subsystem detail, implementation guidance, or API/tool documentation.",2026-07-27,Security & governance
Securing a business application,https://www.palantir.com/docs/foundry/security/securing-a-business-application/,Foundry & AIP,Security & governance,P1,"Current official capability navigation entry; subsystem detail, implementation guidance, or API/tool documentation.",2026-07-27,Security & governance
Securing a data foundation,https://www.palantir.com/docs/foundry/security/securing-a-data-foundation/,Foundry & AIP,Security & governance,P1,"Current official capability navigation entry; subsystem detail, implementation guidance, or API/tool documentation.",2026-07-27,Security & governance
Security glossary,https://www.palantir.com/docs/foundry/security/security-glossary/,Foundry & AIP,Security & governance,P1,"Current official capability navigation entry; subsystem detail, implementation guidance, or API/tool documentation.",2026-07-27,Security & governance
Shared security responsibility model,https://www.palantir.com/docs/foundry/security/shared-security-responsibility-model/,Foundry & AIP,Security & governance,P1,"Current official capability navigation entry; subsystem detail, implementation guidance, or API/tool documentation.",2026-07-27,Security & governance
Protecting identity,https://www.palantir.com/docs/foundry/security/single-sign-on-security/,Foundry & AIP,Security & governance,P1,"Current official capability navigation entry; subsystem detail, implementation guidance, or API/tool documentation.",2026-07-27,Security & governance
Users and groups,https://www.palantir.com/docs/foundry/security/users-and-groups/,Foundry & AIP,Security & governance,P1,"Current official capability navigation entry; subsystem detail, implementation guidance, or API/tool documentation.",2026-07-27,Security & governance
Best practices,https://www.palantir.com/docs/foundry/sensitive-data-scanner/best-practices/,Foundry & AIP,Security & governance,P1,"Current official capability navigation entry; subsystem detail, implementation guidance, or API/tool documentation.",2026-07-27,Security & governance
Sensitive Data Scanner — Core Concepts,https://www.palantir.com/docs/foundry/sensitive-data-scanner/core-concepts/,Foundry & AIP,Security & governance,P1,"Current official capability navigation entry; subsystem detail, implementation guidance, or API/tool documentation.",2026-07-27,Security & governance
Create a sensitive data scan,https://www.palantir.com/docs/foundry/sensitive-data-scanner/create-a-sensitive-data-scan/,Foundry & AIP,Security & governance,P1,"Current official capability navigation entry; subsystem detail, implementation guidance, or API/tool documentation.",2026-07-27,Security & governance
Create match actions,https://www.palantir.com/docs/foundry/sensitive-data-scanner/create-match-actions/,Foundry & AIP,Security & governance,P1,"Current official capability navigation entry; subsystem detail, implementation guidance, or API/tool documentation.",2026-07-27,Security & governance
Create match conditions,https://www.palantir.com/docs/foundry/sensitive-data-scanner/create-match-conditions/,Foundry & AIP,Security & governance,P1,"Current official capability navigation entry; subsystem detail, implementation guidance, or API/tool documentation.",2026-07-27,Security & governance
Media set scanning,https://www.palantir.com/docs/foundry/sensitive-data-scanner/media-set-scanning/,Foundry & AIP,Security & governance,P1,"Current official capability navigation entry; subsystem detail, implementation guidance, or API/tool documentation.",2026-07-27,Security & governance
Sensitive Data Scanner — Overview,https://www.palantir.com/docs/foundry/sensitive-data-scanner/overview/,Foundry & AIP,Security & governance,P1,"Current official capability navigation entry; subsystem detail, implementation guidance, or API/tool documentation.",2026-07-27,Security & governance
Create applications,https://www.palantir.com/docs/foundry/slate/applications-create/,Foundry & AIP,Use case development,P1,"Current official capability navigation entry; subsystem detail, implementation guidance, or API/tool documentation.",2026-07-27,Use case development
Debug applications,https://www.palantir.com/docs/foundry/slate/applications-debug-problems/,Foundry & AIP,Use case development,P1,"Current official capability navigation entry; subsystem detail, implementation guidance, or API/tool documentation.",2026-07-27,Use case development
View application dependencies,https://www.palantir.com/docs/foundry/slate/applications-dependencies/,Foundry & AIP,Use case development,P1,"Current official capability navigation entry; subsystem detail, implementation guidance, or API/tool documentation.",2026-07-27,Use case development
"Import, export, and duplicate applications",https://www.palantir.com/docs/foundry/slate/applications-import-export/,Foundry & AIP,Use case development,P1,"Current official capability navigation entry; subsystem detail, implementation guidance, or API/tool documentation.",2026-07-27,Use case development
Merge application changes,https://www.palantir.com/docs/foundry/slate/applications-merging/,Foundry & AIP,Use case development,P1,"Current official capability navigation entry; subsystem detail, implementation guidance, or API/tool documentation.",2026-07-27,Use case development
Pages,https://www.palantir.com/docs/foundry/slate/applications-pages/,Foundry & AIP,Use case development,P1,"Current official capability navigation entry; subsystem detail, implementation guidance, or API/tool documentation.",2026-07-27,Use case development
Custom styles on widgets,https://www.palantir.com/docs/foundry/slate/applications-style-text/,Foundry & AIP,Use case development,P1,"Current official capability navigation entry; subsystem detail, implementation guidance, or API/tool documentation.",2026-07-27,Use case development
Application types,https://www.palantir.com/docs/foundry/slate/applications-types/,Foundry & AIP,Use case development,P1,"Current official capability navigation entry; subsystem detail, implementation guidance, or API/tool documentation.",2026-07-27,Use case development
Manage application versions,https://www.palantir.com/docs/foundry/slate/applications-versioning/,Foundry & AIP,Use case development,P1,"Current official capability navigation entry; subsystem detail, implementation guidance, or API/tool documentation.",2026-07-27,Use case development
Write back data with Actions,https://www.palantir.com/docs/foundry/slate/applications-writeback/,Foundry & AIP,Use case development,P1,"Current official capability navigation entry; subsystem detail, implementation guidance, or API/tool documentation.",2026-07-27,Use case development
Understand dependencies,https://www.palantir.com/docs/foundry/slate/best-practices-app-functionality/,Foundry & AIP,Use case development,P1,"Current official capability navigation entry; subsystem detail, implementation guidance, or API/tool documentation.",2026-07-27,Use case development
Build complex layouts,https://www.palantir.com/docs/foundry/slate/best-practices-complex-layouts/,Foundry & AIP,Use case development,P1,"Current official capability navigation entry; subsystem detail, implementation guidance, or API/tool documentation.",2026-07-27,Use case development
Enable user interaction,https://www.palantir.com/docs/foundry/slate/best-practices-user-interaction/,Foundry & AIP,Use case development,P1,"Current official capability navigation entry; subsystem detail, implementation guidance, or API/tool documentation.",2026-07-27,Use case development
Events and actions index,https://www.palantir.com/docs/foundry/slate/concepts-events-and-actions-index/,Foundry & AIP,Use case development,P1,"Current official capability navigation entry; subsystem detail, implementation guidance, or API/tool documentation.",2026-07-27,Use case development
Configure Events and Actions,https://www.palantir.com/docs/foundry/slate/concepts-events/,Foundry & AIP,Use case development,P1,"Current official capability navigation entry; subsystem detail, implementation guidance, or API/tool documentation.",2026-07-27,Use case development
Use Foundry Functions in Slate,https://www.palantir.com/docs/foundry/slate/concepts-foundry-functions/,Foundry & AIP,Use case development,P1,"Current official capability navigation entry; subsystem detail, implementation guidance, or API/tool documentation.",2026-07-27,Use case development
Define and run Slate functions,https://www.palantir.com/docs/foundry/slate/concepts-functions/,Foundry & AIP,Use case development,P1,"Current official capability navigation entry; subsystem detail, implementation guidance, or API/tool documentation.",2026-07-27,Use case development
Access values with Handlebars,https://www.palantir.com/docs/foundry/slate/concepts-handlebars/,Foundry & AIP,Use case development,P1,"Current official capability navigation entry; subsystem detail, implementation guidance, or API/tool documentation.",2026-07-27,Use case development
Retrieve individual objects,https://www.palantir.com/docs/foundry/slate/concepts-object-context/,Foundry & AIP,Use case development,P1,"Current official capability navigation entry; subsystem detail, implementation guidance, or API/tool documentation.",2026-07-27,Use case development
Create or retrieve object sets,https://www.palantir.com/docs/foundry/slate/concepts-object-sets/,Foundry & AIP,Use case development,P1,"Current official capability navigation entry; subsystem detail, implementation guidance, or API/tool documentation.",2026-07-27,Use case development
Use the Ontology SDK (OSDK) in Slate,https://www.palantir.com/docs/foundry/slate/concepts-osdk/,Foundry & AIP,Use case development,P1,"Current official capability navigation entry; subsystem detail, implementation guidance, or API/tool documentation.",2026-07-27,Use case development
Read and write to data systems,https://www.palantir.com/docs/foundry/slate/concepts-queries/,Foundry & AIP,Use case development,P1,"Current official capability navigation entry; subsystem detail, implementation guidance, or API/tool documentation.",2026-07-27,Use case development
Configure and apply styles,https://www.palantir.com/docs/foundry/slate/concepts-styles/,Foundry & AIP,Use case development,P1,"Current official capability navigation entry; subsystem detail, implementation guidance, or API/tool documentation.",2026-07-27,Use case development
Store values in variables,https://www.palantir.com/docs/foundry/slate/concepts-variables/,Foundry & AIP,Use case development,P1,"Current official capability navigation entry; subsystem detail, implementation guidance, or API/tool documentation.",2026-07-27,Use case development
Slate — Faq,https://www.palantir.com/docs/foundry/slate/faq/,Foundry & AIP,Use case development,P2,"Current official navigation entry retained for completeness; specialized, lifecycle-warning, or reference material.",2026-07-27,Use case development
Slate — Overview,https://www.palantir.com/docs/foundry/slate/logic-overview/,Foundry & AIP,Use case development,P1,"Current official capability navigation entry; subsystem detail, implementation guidance, or API/tool documentation.",2026-07-27,Use case development
Add Slate application to a Marketplace product,https://www.palantir.com/docs/foundry/slate/marketplace-slate/,Foundry & AIP,Use case development,P1,"Current official capability navigation entry; subsystem detail, implementation guidance, or API/tool documentation.",2026-07-27,Use case development
Slate — Navigation,https://www.palantir.com/docs/foundry/slate/navigation/,Foundry & AIP,Use case development,P1,"Current official capability navigation entry; subsystem detail, implementation guidance, or API/tool documentation.",2026-07-27,Use case development
Learn more about Slate.,https://www.palantir.com/docs/foundry/slate/overview/,Foundry & AIP,Use case development,P1,"Current official capability navigation entry; subsystem detail, implementation guidance, or API/tool documentation.",2026-07-27,Use case development
Upload data for public applications,https://www.palantir.com/docs/foundry/slate/public-applications-data-upload/,Foundry & AIP,Use case development,P1,"Current official capability navigation entry; subsystem detail, implementation guidance, or API/tool documentation.",2026-07-27,Use case development
Slate — Overview,https://www.palantir.com/docs/foundry/slate/read-write-overview/,Foundry & AIP,Use case development,P1,"Current official capability navigation entry; subsystem detail, implementation guidance, or API/tool documentation.",2026-07-27,Use case development
Convert between row and column schemas,https://www.palantir.com/docs/foundry/slate/references-convert-rows-columns/,Foundry & AIP,Use case development,P1,"Current official capability navigation entry; subsystem detail, implementation guidance, or API/tool documentation.",2026-07-27,Use case development
Handlebar helpers,https://www.palantir.com/docs/foundry/slate/references-helpers/,Foundry & AIP,Use case development,P1,"Current official capability navigation entry; subsystem detail, implementation guidance, or API/tool documentation.",2026-07-27,Use case development
Optimize indexes and schema design,https://www.palantir.com/docs/foundry/slate/references-indexes/,Foundry & AIP,Use case development,P1,"Current official capability navigation entry; subsystem detail, implementation guidance, or API/tool documentation.",2026-07-27,Use case development
Optimize queries in Postgres,https://www.palantir.com/docs/foundry/slate/references-query-perf/,Foundry & AIP,Use case development,P1,"Current official capability navigation entry; subsystem detail, implementation guidance, or API/tool documentation.",2026-07-27,Use case development
Write back data to Phonograph,https://www.palantir.com/docs/foundry/slate/references-writeback/,Foundry & AIP,Use case development,P1,"Current official capability navigation entry; subsystem detail, implementation guidance, or API/tool documentation.",2026-07-27,Use case development
Slate — Overview,https://www.palantir.com/docs/foundry/slate/style-overview/,Foundry & AIP,Use case development,P1,"Current official capability navigation entry; subsystem detail, implementation guidance, or API/tool documentation.",2026-07-27,Use case development
Global stylesheets [Experimental],https://www.palantir.com/docs/foundry/slate/styles-global-stylesheet/,Foundry & AIP,Use case development,P1,"Current official capability navigation entry; subsystem detail, implementation guidance, or API/tool documentation.",2026-07-27,Use case development
Advanced,https://www.palantir.com/docs/foundry/slate/widgets-advanced/,Foundry & AIP,Use case development,P1,"Current official capability navigation entry; subsystem detail, implementation guidance, or API/tool documentation.",2026-07-27,Use case development
Chart,https://www.palantir.com/docs/foundry/slate/widgets-chart/,Foundry & AIP,Use case development,P1,"Current official capability navigation entry; subsystem detail, implementation guidance, or API/tool documentation.",2026-07-27,Use case development
Container,https://www.palantir.com/docs/foundry/slate/widgets-container/,Foundry & AIP,Use case development,P1,"Current official capability navigation entry; subsystem detail, implementation guidance, or API/tool documentation.",2026-07-27,Use case development
Control,https://www.palantir.com/docs/foundry/slate/widgets-control/,Foundry & AIP,Use case development,P1,"Current official capability navigation entry; subsystem detail, implementation guidance, or API/tool documentation.",2026-07-27,Use case development
Platform,https://www.palantir.com/docs/foundry/slate/widgets-platform/,Foundry & AIP,Use case development,P1,"Current official capability navigation entry; subsystem detail, implementation guidance, or API/tool documentation.",2026-07-27,Use case development
Text,https://www.palantir.com/docs/foundry/slate/widgets-text/,Foundry & AIP,Use case development,P1,"Current official capability navigation entry; subsystem detail, implementation guidance, or API/tool documentation.",2026-07-27,Use case development
Time,https://www.palantir.com/docs/foundry/slate/widgets-time/,Foundry & AIP,Use case development,P1,"Current official capability navigation entry; subsystem detail, implementation guidance, or API/tool documentation.",2026-07-27,Use case development
Visualization,https://www.palantir.com/docs/foundry/slate/widgets-visualization/,Foundry & AIP,Use case development,P1,"Current official capability navigation entry; subsystem detail, implementation guidance, or API/tool documentation.",2026-07-27,Use case development
AIP Architect,https://www.palantir.com/docs/foundry/solution-designer/aip-architect/,Foundry & AIP,Use case development,P1,"Current official capability navigation entry; subsystem detail, implementation guidance, or API/tool documentation.",2026-07-27,Use case development
AIP Critic,https://www.palantir.com/docs/foundry/solution-designer/aip-critic/,Foundry & AIP,Use case development,P1,"Current official capability navigation entry; subsystem detail, implementation guidance, or API/tool documentation.",2026-07-27,Use case development
Diagrams,https://www.palantir.com/docs/foundry/solution-designer/diagrams/,Foundry & AIP,Use case development,P1,"Current official capability navigation entry; subsystem detail, implementation guidance, or API/tool documentation.",2026-07-27,Use case development
Solution Designer — Navigation,https://www.palantir.com/docs/foundry/solution-designer/navigation/,Foundry & AIP,Use case development,P1,"Current official capability navigation entry; subsystem detail, implementation guidance, or API/tool documentation.",2026-07-27,Use case development
Learn more about Solution Designer.,https://www.palantir.com/docs/foundry/solution-designer/overview/,Foundry & AIP,Use case development,P1,"Current official capability navigation entry; subsystem detail, implementation guidance, or API/tool documentation.",2026-07-27,Use case development
Troubleshooting,https://www.palantir.com/docs/foundry/solution-designer/troubleshooting/,Foundry & AIP,Use case development,P2,"Current official navigation entry retained for completeness; specialized, lifecycle-warning, or reference material.",2026-07-27,Use case development
Tutorial: Create your first diagram,https://www.palantir.com/docs/foundry/solution-designer/tutorial-create-your-first-diagram/,Foundry & AIP,Use case development,P1,"Current official capability navigation entry; subsystem detail, implementation guidance, or API/tool documentation.",2026-07-27,Use case development
Arrow Flight SQL,https://www.palantir.com/docs/foundry/sql-warehousing/arrow-flight-sql/,Foundry & AIP,Data connectivity & integration,P1,"Current official capability navigation entry; subsystem detail, implementation guidance, or API/tool documentation.",2026-07-27,Data connectivity & integration
Compute usage,https://www.palantir.com/docs/foundry/sql-warehousing/compute-usage/,Foundry & AIP,Data connectivity & integration,P1,"Current official capability navigation entry; subsystem detail, implementation guidance, or API/tool documentation.",2026-07-27,Data connectivity & integration
Furnace,https://www.palantir.com/docs/foundry/sql-warehousing/furnace/,Foundry & AIP,Data connectivity & integration,P1,"Current official capability navigation entry; subsystem detail, implementation guidance, or API/tool documentation.",2026-07-27,Data connectivity & integration
Ontology SQL,https://www.palantir.com/docs/foundry/sql-warehousing/ontology-sql/,Foundry & AIP,Data connectivity & integration,P1,"Current official capability navigation entry; subsystem detail, implementation guidance, or API/tool documentation.",2026-07-27,Data connectivity & integration
SQL Warehousing — Overview,https://www.palantir.com/docs/foundry/sql-warehousing/overview/,Foundry & AIP,Data connectivity & integration,P1,"Current official capability navigation entry; subsystem detail, implementation guidance, or API/tool documentation.",2026-07-27,Data connectivity & integration
SQL console,https://www.palantir.com/docs/foundry/sql-warehousing/sql-console/,Foundry & AIP,Data connectivity & integration,P1,"Current official capability navigation entry; subsystem detail, implementation guidance, or API/tool documentation.",2026-07-27,Data connectivity & integration
SQL dialect,https://www.palantir.com/docs/foundry/sql-warehousing/sql-dialect/,Foundry & AIP,Data connectivity & integration,P1,"Current official capability navigation entry; subsystem detail, implementation guidance, or API/tool documentation.",2026-07-27,Data connectivity & integration
SQL examples,https://www.palantir.com/docs/foundry/sql-warehousing/sql-examples/,Foundry & AIP,Data connectivity & integration,P1,"Current official capability navigation entry; subsystem detail, implementation guidance, or API/tool documentation.",2026-07-27,Data connectivity & integration
Ontology SQL functions,https://www.palantir.com/docs/foundry/sql-warehousing/sql-functions/,Foundry & AIP,Data connectivity & integration,P1,"Current official capability navigation entry; subsystem detail, implementation guidance, or API/tool documentation.",2026-07-27,Data connectivity & integration
SQL permissions,https://www.palantir.com/docs/foundry/sql-warehousing/sql-permissions/,Foundry & AIP,Data connectivity & integration,P1,"Current official capability navigation entry; subsystem detail, implementation guidance, or API/tool documentation.",2026-07-27,Data connectivity & integration
SQL Studio,https://www.palantir.com/docs/foundry/sql-warehousing/sql-studio/,Foundry & AIP,Data connectivity & integration,P1,"Current official capability navigation entry; subsystem detail, implementation guidance, or API/tool documentation.",2026-07-27,Data connectivity & integration
Threads — Getting Started,https://www.palantir.com/docs/foundry/threads/getting-started/,Foundry & AIP,AI Platform (AIP),P1,"Current official capability navigation entry; subsystem detail, implementation guidance, or API/tool documentation.",2026-07-27,AI Platform (AIP)
Threads — Overview,https://www.palantir.com/docs/foundry/threads/overview/,Foundry & AIP,AI Platform (AIP),P1,"Current official capability navigation entry; subsystem detail, implementation guidance, or API/tool documentation.",2026-07-27,AI Platform (AIP)
Advanced setup,https://www.palantir.com/docs/foundry/time-series/advanced-setup/,Foundry & AIP,Data connectivity & integration,P1,"Current official capability navigation entry; subsystem detail, implementation guidance, or API/tool documentation.",2026-07-27,Data connectivity & integration
Additional configurations,https://www.palantir.com/docs/foundry/time-series/alerting-additional-configurations/,Foundry & AIP,Data connectivity & integration,P1,"Current official capability navigation entry; subsystem detail, implementation guidance, or API/tool documentation.",2026-07-27,Data connectivity & integration
Time Series — Faq,https://www.palantir.com/docs/foundry/time-series/alerting-common-questions/,Foundry & AIP,Data connectivity & integration,P1,"Current official capability navigation entry; subsystem detail, implementation guidance, or API/tool documentation.",2026-07-27,Data connectivity & integration
Time Series — Overview,https://www.palantir.com/docs/foundry/time-series/alerting-overview/,Foundry & AIP,Data connectivity & integration,P1,"Current official capability navigation entry; subsystem detail, implementation guidance, or API/tool documentation.",2026-07-27,Data connectivity & integration
Set up a time series alerting automation,https://www.palantir.com/docs/foundry/time-series/alerting-setup/,Foundry & AIP,Data connectivity & integration,P1,"Current official capability navigation entry; subsystem detail, implementation guidance, or API/tool documentation.",2026-07-27,Data connectivity & integration
Compute usage,https://www.palantir.com/docs/foundry/time-series/compute-usage/,Foundry & AIP,Data connectivity & integration,P1,"Current official capability navigation entry; subsystem detail, implementation guidance, or API/tool documentation.",2026-07-27,Data connectivity & integration
Create or select a time series object type,https://www.palantir.com/docs/foundry/time-series/create-or-select-ts-ot/,Foundry & AIP,Data connectivity & integration,P1,"Current official capability navigation entry; subsystem detail, implementation guidance, or API/tool documentation.",2026-07-27,Data connectivity & integration
Sensor object type setup,https://www.palantir.com/docs/foundry/time-series/create-sensor-ot/,Foundry & AIP,Data connectivity & integration,P1,"Current official capability navigation entry; subsystem detail, implementation guidance, or API/tool documentation.",2026-07-27,Data connectivity & integration
Time Series — Faq,https://www.palantir.com/docs/foundry/time-series/derived-series-common-questions/,Foundry & AIP,Data connectivity & integration,P1,"Current official capability navigation entry; subsystem detail, implementation guidance, or API/tool documentation.",2026-07-27,Data connectivity & integration
Create derived series,https://www.palantir.com/docs/foundry/time-series/derived-series-create/,Foundry & AIP,Data connectivity & integration,P1,"Current official capability navigation entry; subsystem detail, implementation guidance, or API/tool documentation.",2026-07-27,Data connectivity & integration
Time Series — Overview,https://www.palantir.com/docs/foundry/time-series/derived-series-overview/,Foundry & AIP,Data connectivity & integration,P1,"Current official capability navigation entry; subsystem detail, implementation guidance, or API/tool documentation.",2026-07-27,Data connectivity & integration
Derived series permissions,https://www.palantir.com/docs/foundry/time-series/derived-series-permissions/,Foundry & AIP,Data connectivity & integration,P1,"Current official capability navigation entry; subsystem detail, implementation guidance, or API/tool documentation.",2026-07-27,Data connectivity & integration
Embed in a Workshop module,https://www.palantir.com/docs/foundry/time-series/derived-series-widget/,Foundry & AIP,Data connectivity & integration,P1,"Current official capability navigation entry; subsystem detail, implementation guidance, or API/tool documentation.",2026-07-27,Data connectivity & integration
Time Series — Faq,https://www.palantir.com/docs/foundry/time-series/faqs/,Foundry & AIP,Data connectivity & integration,P1,"Current official capability navigation entry; subsystem detail, implementation guidance, or API/tool documentation.",2026-07-27,Data connectivity & integration
Work with time series in FoundryTS,https://www.palantir.com/docs/foundry/time-series/foundryts/,Foundry & AIP,Data connectivity & integration,P1,"Current official capability navigation entry; subsystem detail, implementation guidance, or API/tool documentation.",2026-07-27,Data connectivity & integration
Time Series — Getting Started,https://www.palantir.com/docs/foundry/time-series/function-backed-time-series-getting-started/,Foundry & AIP,Data connectivity & integration,P1,"Current official capability navigation entry; subsystem detail, implementation guidance, or API/tool documentation.",2026-07-27,Data connectivity & integration
Time Series — Overview,https://www.palantir.com/docs/foundry/time-series/function-backed-time-series-overview/,Foundry & AIP,Data connectivity & integration,P1,"Current official capability navigation entry; subsystem detail, implementation guidance, or API/tool documentation.",2026-07-27,Data connectivity & integration
Create geospatial time series objects with Ontology Manager,https://www.palantir.com/docs/foundry/time-series/geospatial-time-series-ontology/,Foundry & AIP,Data connectivity & integration,P1,"Current official capability navigation entry; subsystem detail, implementation guidance, or API/tool documentation.",2026-07-27,Data connectivity & integration
Create geospatial time series properties with Pipeline Builder,https://www.palantir.com/docs/foundry/time-series/geospatial-time-series-pipeline/,Foundry & AIP,Data connectivity & integration,P1,"Current official capability navigation entry; subsystem detail, implementation guidance, or API/tool documentation.",2026-07-27,Data connectivity & integration
Visualize geospatial time series objects on a map,https://www.palantir.com/docs/foundry/time-series/geospatial-time-series-use-case-map/,Foundry & AIP,Data connectivity & integration,P1,"Current official capability navigation entry; subsystem detail, implementation guidance, or API/tool documentation.",2026-07-27,Data connectivity & integration
Time Series — Overview,https://www.palantir.com/docs/foundry/time-series/geospatial-time-series-use-case/,Foundry & AIP,Data connectivity & integration,P1,"Current official capability navigation entry; subsystem detail, implementation guidance, or API/tool documentation.",2026-07-27,Data connectivity & integration
Time series interpolation,https://www.palantir.com/docs/foundry/time-series/interpolation-overview/,Foundry & AIP,Data connectivity & integration,P1,"Current official capability navigation entry; subsystem detail, implementation guidance, or API/tool documentation.",2026-07-27,Data connectivity & integration
Manage derived series,https://www.palantir.com/docs/foundry/time-series/manage-derived-series/,Foundry & AIP,Data connectivity & integration,P1,"Current official capability navigation entry; subsystem detail, implementation guidance, or API/tool documentation.",2026-07-27,Data connectivity & integration
Manually save derived series to the Ontology,https://www.palantir.com/docs/foundry/time-series/manual-ontology-saving/,Foundry & AIP,Data connectivity & integration,P1,"Current official capability navigation entry; subsystem detail, implementation guidance, or API/tool documentation.",2026-07-27,Data connectivity & integration
Create sensor object types with Ontology Manager,https://www.palantir.com/docs/foundry/time-series/sensor-object-end-to-end-ontology/,Foundry & AIP,Data connectivity & integration,P1,"Current official capability navigation entry; subsystem detail, implementation guidance, or API/tool documentation.",2026-07-27,Data connectivity & integration
Use sensor object type time series data in Workshop and Quiver,https://www.palantir.com/docs/foundry/time-series/sensor-object-end-to-end-operational/,Foundry & AIP,Data connectivity & integration,P1,"Current official capability navigation entry; subsystem detail, implementation guidance, or API/tool documentation.",2026-07-27,Data connectivity & integration
Create sensor object type data in Pipeline Builder,https://www.palantir.com/docs/foundry/time-series/sensor-object-end-to-end-pipeline/,Foundry & AIP,Data connectivity & integration,P1,"Current official capability navigation entry; subsystem detail, implementation guidance, or API/tool documentation.",2026-07-27,Data connectivity & integration
Time Series — Overview,https://www.palantir.com/docs/foundry/time-series/sensor-object-end-to-end/,Foundry & AIP,Data connectivity & integration,P1,"Current official capability navigation entry; subsystem detail, implementation guidance, or API/tool documentation.",2026-07-27,Data connectivity & integration
Concepts glossary,https://www.palantir.com/docs/foundry/time-series/time-series-concepts-glossary/,Foundry & AIP,Data connectivity & integration,P1,"Current official capability navigation entry; subsystem detail, implementation guidance, or API/tool documentation.",2026-07-27,Data connectivity & integration
Use time series in Functions,https://www.palantir.com/docs/foundry/time-series/time-series-in-functions/,Foundry & AIP,Data connectivity & integration,P1,"Current official capability navigation entry; subsystem detail, implementation guidance, or API/tool documentation.",2026-07-27,Data connectivity & integration
Time Series — Overview,https://www.palantir.com/docs/foundry/time-series/time-series-overview/,Foundry & AIP,Data connectivity & integration,P1,"Current official capability navigation entry; subsystem detail, implementation guidance, or API/tool documentation.",2026-07-27,Data connectivity & integration
Time series permissions,https://www.palantir.com/docs/foundry/time-series/time-series-permissions/,Foundry & AIP,Data connectivity & integration,P1,"Current official capability navigation entry; subsystem detail, implementation guidance, or API/tool documentation.",2026-07-27,Data connectivity & integration
Add time series properties to objects with Ontology Manager,https://www.palantir.com/docs/foundry/time-series/time-series-properties-use-case-ontology/,Foundry & AIP,Data connectivity & integration,P1,"Current official capability navigation entry; subsystem detail, implementation guidance, or API/tool documentation.",2026-07-27,Data connectivity & integration
Use time series properties on objects in a Workshop module and Quiver analysis,https://www.palantir.com/docs/foundry/time-series/time-series-properties-use-case-operational/,Foundry & AIP,Data connectivity & integration,P1,"Current official capability navigation entry; subsystem detail, implementation guidance, or API/tool documentation.",2026-07-27,Data connectivity & integration
Create time series properties with Pipeline Builder,https://www.palantir.com/docs/foundry/time-series/time-series-properties-use-case-pipeline/,Foundry & AIP,Data connectivity & integration,P1,"Current official capability navigation entry; subsystem detail, implementation guidance, or API/tool documentation.",2026-07-27,Data connectivity & integration
Time Series — Overview,https://www.palantir.com/docs/foundry/time-series/time-series-properties-use-case/,Foundry & AIP,Data connectivity & integration,P1,"Current official capability navigation entry; subsystem detail, implementation guidance, or API/tool documentation.",2026-07-27,Data connectivity & integration
Time series properties,https://www.palantir.com/docs/foundry/time-series/time-series-properties/,Foundry & AIP,Data connectivity & integration,P1,"Current official capability navigation entry; subsystem detail, implementation guidance, or API/tool documentation.",2026-07-27,Data connectivity & integration
Set up a time series,https://www.palantir.com/docs/foundry/time-series/time-series-setup/,Foundry & AIP,Data connectivity & integration,P1,"Current official capability navigation entry; subsystem detail, implementation guidance, or API/tool documentation.",2026-07-27,Data connectivity & integration
Time series syncs,https://www.palantir.com/docs/foundry/time-series/time-series-syncs/,Foundry & AIP,Data connectivity & integration,P1,"Current official capability navigation entry; subsystem detail, implementation guidance, or API/tool documentation.",2026-07-27,Data connectivity & integration
Time Series Catalog,https://www.palantir.com/docs/foundry/time-series/time-series-time-series-catalog/,Foundry & AIP,Data connectivity & integration,P1,"Current official capability navigation entry; subsystem detail, implementation guidance, or API/tool documentation.",2026-07-27,Data connectivity & integration
Use time series in Foundry,https://www.palantir.com/docs/foundry/time-series/time-series-usage/,Foundry & AIP,Data connectivity & integration,P1,"Current official capability navigation entry; subsystem detail, implementation guidance, or API/tool documentation.",2026-07-27,Data connectivity & integration
Local preview,https://www.palantir.com/docs/foundry/transforms-common/local-preview/,Foundry & AIP,Data connectivity & integration,P1,"Current official capability navigation entry; subsystem detail, implementation guidance, or API/tool documentation.",2026-07-27,Data connectivity & integration
Optimize multi-output transforms,https://www.palantir.com/docs/foundry/transforms-common/optimize-multi-output-transforms/,Foundry & AIP,Data connectivity & integration,P1,"Current official capability navigation entry; subsystem detail, implementation guidance, or API/tool documentation.",2026-07-27,Data connectivity & integration
Transforms versions,https://www.palantir.com/docs/foundry/transforms-common/transforms-versions/,Foundry & AIP,Data connectivity & integration,P1,"Current official capability navigation entry; subsystem detail, implementation guidance, or API/tool documentation.",2026-07-27,Data connectivity & integration
Transforms Container — Overview,https://www.palantir.com/docs/foundry/transforms-container/container-overview/,Foundry & AIP,Data connectivity & integration,P1,"Current official capability navigation entry; subsystem detail, implementation guidance, or API/tool documentation.",2026-07-27,Data connectivity & integration
Spark sidecar transforms,https://www.palantir.com/docs/foundry/transforms-container/transforms-sidecar/,Foundry & AIP,Data connectivity & integration,P1,"Current official capability navigation entry; subsystem detail, implementation guidance, or API/tool documentation.",2026-07-27,Data connectivity & integration
Advanced configuration,https://www.palantir.com/docs/foundry/transforms-java/advanced-configuration/,Foundry & AIP,Data connectivity & integration,P1,"Current official capability navigation entry; subsystem detail, implementation guidance, or API/tool documentation.",2026-07-27,Data connectivity & integration
Transforms Java — Getting Started,https://www.palantir.com/docs/foundry/transforms-java/getting-started/,Foundry & AIP,Data connectivity & integration,P1,"Current official capability navigation entry; subsystem detail, implementation guidance, or API/tool documentation.",2026-07-27,Data connectivity & integration
Incremental transforms,https://www.palantir.com/docs/foundry/transforms-java/incremental-transforms/,Foundry & AIP,Data connectivity & integration,P1,"Current official capability navigation entry; subsystem detail, implementation guidance, or API/tool documentation.",2026-07-27,Data connectivity & integration
Set up local development,https://www.palantir.com/docs/foundry/transforms-java/local-development/,Foundry & AIP,Data connectivity & integration,P1,"Current official capability navigation entry; subsystem detail, implementation guidance, or API/tool documentation.",2026-07-27,Data connectivity & integration
Transforms Java — Overview,https://www.palantir.com/docs/foundry/transforms-java/overview/,Foundry & AIP,Data connectivity & integration,P1,"Current official capability navigation entry; subsystem detail, implementation guidance, or API/tool documentation.",2026-07-27,Data connectivity & integration
Share code across repositories,https://www.palantir.com/docs/foundry/transforms-java/share-code/,Foundry & AIP,Data connectivity & integration,P1,"Current official capability navigation entry; subsystem detail, implementation guidance, or API/tool documentation.",2026-07-27,Data connectivity & integration
Syntax cheat sheet,https://www.palantir.com/docs/foundry/transforms-java/spark-syntax/,Foundry & AIP,Data connectivity & integration,P1,"Current official capability navigation entry; subsystem detail, implementation guidance, or API/tool documentation.",2026-07-27,Data connectivity & integration
Examples,https://www.palantir.com/docs/foundry/transforms-java/transforms-examples/,Foundry & AIP,Data connectivity & integration,P1,"Current official capability navigation entry; subsystem detail, implementation guidance, or API/tool documentation.",2026-07-27,Data connectivity & integration
Transforms and pipelines,https://www.palantir.com/docs/foundry/transforms-java/transforms-pipelines/,Foundry & AIP,Data connectivity & integration,P1,"Current official capability navigation entry; subsystem detail, implementation guidance, or API/tool documentation.",2026-07-27,Data connectivity & integration
Unit tests,https://www.palantir.com/docs/foundry/transforms-java/unit-tests/,Foundry & AIP,Data connectivity & integration,P1,"Current official capability navigation entry; subsystem detail, implementation guidance, or API/tool documentation.",2026-07-27,Data connectivity & integration
Read and write unstructured files,https://www.palantir.com/docs/foundry/transforms-java/unstructured-files/,Foundry & AIP,Data connectivity & integration,P1,"Current official capability navigation entry; subsystem detail, implementation guidance, or API/tool documentation.",2026-07-27,Data connectivity & integration
User-defined functions,https://www.palantir.com/docs/foundry/transforms-java/user-defined-functions/,Foundry & AIP,Data connectivity & integration,P1,"Current official capability navigation entry; subsystem detail, implementation guidance, or API/tool documentation.",2026-07-27,Data connectivity & integration
Examples,https://www.palantir.com/docs/foundry/transforms-python-spark/incremental-examples/,Foundry & AIP,Data connectivity & integration,P1,"Current official capability navigation entry; subsystem detail, implementation guidance, or API/tool documentation.",2026-07-27,Data connectivity & integration
Incremental media sets,https://www.palantir.com/docs/foundry/transforms-python-spark/incremental-media-sets/,Foundry & AIP,Data connectivity & integration,P1,"Current official capability navigation entry; subsystem detail, implementation guidance, or API/tool documentation.",2026-07-27,Data connectivity & integration
Limit batch size of incremental inputs,https://www.palantir.com/docs/foundry/transforms-python-spark/incremental-transaction-limits/,Foundry & AIP,Data connectivity & integration,P1,"Current official capability navigation entry; subsystem detail, implementation guidance, or API/tool documentation.",2026-07-27,Data connectivity & integration
Output column metadata,https://www.palantir.com/docs/foundry/transforms-python-spark/output-column-metadata/,Foundry & AIP,Data connectivity & integration,P1,"Current official capability navigation entry; subsystem detail, implementation guidance, or API/tool documentation.",2026-07-27,Data connectivity & integration
Transforms Python Spark — Overview,https://www.palantir.com/docs/foundry/transforms-python-spark/overview/,Foundry & AIP,Data connectivity & integration,P1,"Current official capability navigation entry; subsystem detail, implementation guidance, or API/tool documentation.",2026-07-27,Data connectivity & integration
Use Palantir-provided language models within transforms,https://www.palantir.com/docs/foundry/transforms-python-spark/palantir-provided-models/,Foundry & AIP,Data connectivity & integration,P1,"Current official capability navigation entry; subsystem detail, implementation guidance, or API/tool documentation.",2026-07-27,Data connectivity & integration
Aggregation and pivot tables,https://www.palantir.com/docs/foundry/transforms-python-spark/pyspark-aggregation/,Foundry & AIP,Data connectivity & integration,P1,"Current official capability navigation entry; subsystem detail, implementation guidance, or API/tool documentation.",2026-07-27,Data connectivity & integration
Concept: Columns,https://www.palantir.com/docs/foundry/transforms-python-spark/pyspark-columns/,Foundry & AIP,Data connectivity & integration,P1,"Current official capability navigation entry; subsystem detail, implementation guidance, or API/tool documentation.",2026-07-27,Data connectivity & integration
Coming from Python,https://www.palantir.com/docs/foundry/transforms-python-spark/pyspark-coming-from-python/,Foundry & AIP,Data connectivity & integration,P1,"Current official capability navigation entry; subsystem detail, implementation guidance, or API/tool documentation.",2026-07-27,Data connectivity & integration
Dates and timestamps,https://www.palantir.com/docs/foundry/transforms-python-spark/pyspark-dates/,Foundry & AIP,Data connectivity & integration,P1,"Current official capability navigation entry; subsystem detail, implementation guidance, or API/tool documentation.",2026-07-27,Data connectivity & integration
Filtering,https://www.palantir.com/docs/foundry/transforms-python-spark/pyspark-filtering/,Foundry & AIP,Data connectivity & integration,P1,"Current official capability navigation entry; subsystem detail, implementation guidance, or API/tool documentation.",2026-07-27,Data connectivity & integration
Joins,https://www.palantir.com/docs/foundry/transforms-python-spark/pyspark-joins/,Foundry & AIP,Data connectivity & integration,P1,"Current official capability navigation entry; subsystem detail, implementation guidance, or API/tool documentation.",2026-07-27,Data connectivity & integration
Logging,https://www.palantir.com/docs/foundry/transforms-python-spark/pyspark-logging/,Foundry & AIP,Data connectivity & integration,P1,"Current official capability navigation entry; subsystem detail, implementation guidance, or API/tool documentation.",2026-07-27,Data connectivity & integration
Math,https://www.palantir.com/docs/foundry/transforms-python-spark/pyspark-math/,Foundry & AIP,Data connectivity & integration,P1,"Current official capability navigation entry; subsystem detail, implementation guidance, or API/tool documentation.",2026-07-27,Data connectivity & integration
Other,https://www.palantir.com/docs/foundry/transforms-python-spark/pyspark-other/,Foundry & AIP,Data connectivity & integration,P1,"Current official capability navigation entry; subsystem detail, implementation guidance, or API/tool documentation.",2026-07-27,Data connectivity & integration
Transforms Python Spark — Overview,https://www.palantir.com/docs/foundry/transforms-python-spark/pyspark-overview/,Foundry & AIP,Data connectivity & integration,P1,"Current official capability navigation entry; subsystem detail, implementation guidance, or API/tool documentation.",2026-07-27,Data connectivity & integration
Concept: Queries,https://www.palantir.com/docs/foundry/transforms-python-spark/pyspark-queries/,Foundry & AIP,Data connectivity & integration,P1,"Current official capability navigation entry; subsystem detail, implementation guidance, or API/tool documentation.",2026-07-27,Data connectivity & integration
Strings,https://www.palantir.com/docs/foundry/transforms-python-spark/pyspark-strings/,Foundry & AIP,Data connectivity & integration,P1,"Current official capability navigation entry; subsystem detail, implementation guidance, or API/tool documentation.",2026-07-27,Data connectivity & integration
Style guide,https://www.palantir.com/docs/foundry/transforms-python-spark/pyspark-style-guide/,Foundry & AIP,Data connectivity & integration,P1,"Current official capability navigation entry; subsystem detail, implementation guidance, or API/tool documentation.",2026-07-27,Data connectivity & integration
Syntax cheat sheet,https://www.palantir.com/docs/foundry/transforms-python-spark/pyspark-syntax-cheat-sheet/,Foundry & AIP,Data connectivity & integration,P1,"Current official capability navigation entry; subsystem detail, implementation guidance, or API/tool documentation.",2026-07-27,Data connectivity & integration
Concept: User-defined functions,https://www.palantir.com/docs/foundry/transforms-python-spark/pyspark-udfs/,Foundry & AIP,Data connectivity & integration,P1,"Current official capability navigation entry; subsystem detail, implementation guidance, or API/tool documentation.",2026-07-27,Data connectivity & integration
Window,https://www.palantir.com/docs/foundry/transforms-python-spark/pyspark-window/,Foundry & AIP,Data connectivity & integration,P1,"Current official capability navigation entry; subsystem detail, implementation guidance, or API/tool documentation.",2026-07-27,Data connectivity & integration
Read files in a repository,https://www.palantir.com/docs/foundry/transforms-python-spark/read-files-repository/,Foundry & AIP,Data connectivity & integration,P1,"Current official capability navigation entry; subsystem detail, implementation guidance, or API/tool documentation.",2026-07-27,Data connectivity & integration
Foundry connectors,https://www.palantir.com/docs/foundry/transforms-python-spark/transforms-python-foundry-connectors/,Foundry & AIP,Data connectivity & integration,P1,"Current official capability navigation entry; subsystem detail, implementation guidance, or API/tool documentation.",2026-07-27,Data connectivity & integration
Accelerate Spark with Velox,https://www.palantir.com/docs/foundry/transforms-python-spark/velox-overview/,Foundry & AIP,Data connectivity & integration,P1,"Current official capability navigation entry; subsystem detail, implementation guidance, or API/tool documentation.",2026-07-27,Data connectivity & integration
Abort transactions,https://www.palantir.com/docs/foundry/transforms-python/abort-transactions/,Foundry & AIP,Data connectivity & integration,P1,"Current official capability navigation entry; subsystem detail, implementation guidance, or API/tool documentation.",2026-07-27,Data connectivity & integration
Advanced compute options,https://www.palantir.com/docs/foundry/transforms-python/advanced-compute/,Foundry & AIP,Data connectivity & integration,P1,"Current official capability navigation entry; subsystem detail, implementation guidance, or API/tool documentation.",2026-07-27,Data connectivity & integration
Bring your own container,https://www.palantir.com/docs/foundry/transforms-python/bring-container/,Foundry & AIP,Data connectivity & integration,P1,"Current official capability navigation entry; subsystem detail, implementation guidance, or API/tool documentation.",2026-07-27,Data connectivity & integration
Compute engine selection,https://www.palantir.com/docs/foundry/transforms-python/compute-engines/,Foundry & AIP,Data connectivity & integration,P1,"Current official capability navigation entry; subsystem detail, implementation guidance, or API/tool documentation.",2026-07-27,Data connectivity & integration
Configure resources,https://www.palantir.com/docs/foundry/transforms-python/configure-resources/,Foundry & AIP,Data connectivity & integration,P1,"Current official capability navigation entry; subsystem detail, implementation guidance, or API/tool documentation.",2026-07-27,Data connectivity & integration
Create historical dataset from snapshots,https://www.palantir.com/docs/foundry/transforms-python/create-historical-dataset/,Foundry & AIP,Data connectivity & integration,P1,"Current official capability navigation entry; subsystem detail, implementation guidance, or API/tool documentation.",2026-07-27,Data connectivity & integration
Transforms Python — Getting Started,https://www.palantir.com/docs/foundry/transforms-python/data-expectations-getting-started/,Foundry & AIP,Data connectivity & integration,P1,"Current official capability navigation entry; subsystem detail, implementation guidance, or API/tool documentation.",2026-07-27,Data connectivity & integration
Data expectations reference,https://www.palantir.com/docs/foundry/transforms-python/data-expectations-reference/,Foundry & AIP,Data connectivity & integration,P1,"Current official capability navigation entry; subsystem detail, implementation guidance, or API/tool documentation.",2026-07-27,Data connectivity & integration
Debugging,https://www.palantir.com/docs/foundry/transforms-python/debugging/,Foundry & AIP,Data connectivity & integration,P1,"Current official capability navigation entry; subsystem detail, implementation guidance, or API/tool documentation.",2026-07-27,Data connectivity & integration
DuckDB API,https://www.palantir.com/docs/foundry/transforms-python/duckdb/,Foundry & AIP,Data connectivity & integration,P1,"Current official capability navigation entry; subsystem detail, implementation guidance, or API/tool documentation.",2026-07-27,Data connectivity & integration
Environment creation overview,https://www.palantir.com/docs/foundry/transforms-python/environment-creation-overview/,Foundry & AIP,Data connectivity & integration,P1,"Current official capability navigation entry; subsystem detail, implementation guidance, or API/tool documentation.",2026-07-27,Data connectivity & integration
Transforms Python — Overview,https://www.palantir.com/docs/foundry/transforms-python/environment-overview/,Foundry & AIP,Data connectivity & integration,P1,"Current official capability navigation entry; subsystem detail, implementation guidance, or API/tool documentation.",2026-07-27,Data connectivity & integration
Troubleshooting guide,https://www.palantir.com/docs/foundry/transforms-python/environment-troubleshooting/,Foundry & AIP,Data connectivity & integration,P2,"Current official navigation entry retained for completeness; specialized, lifecycle-warning, or reference material.",2026-07-27,Data connectivity & integration
File processing,https://www.palantir.com/docs/foundry/transforms-python/file-processing/,Foundry & AIP,Data connectivity & integration,P1,"Current official capability navigation entry; subsystem detail, implementation guidance, or API/tool documentation.",2026-07-27,Data connectivity & integration
Transforms Python — Getting Started,https://www.palantir.com/docs/foundry/transforms-python/getting-started/,Foundry & AIP,Data connectivity & integration,P1,"Current official capability navigation entry; subsystem detail, implementation guidance, or API/tool documentation.",2026-07-27,Data connectivity & integration
Transforms Python — Overview,https://www.palantir.com/docs/foundry/transforms-python/incremental-overview/,Foundry & AIP,Data connectivity & integration,P1,"Current official capability navigation entry; subsystem detail, implementation guidance, or API/tool documentation.",2026-07-27,Data connectivity & integration
Usage guide,https://www.palantir.com/docs/foundry/transforms-python/incremental-usage/,Foundry & AIP,Data connectivity & integration,P1,"Current official capability navigation entry; subsystem detail, implementation guidance, or API/tool documentation.",2026-07-27,Data connectivity & integration
Lightweight API evolution,https://www.palantir.com/docs/foundry/transforms-python/lightweight-api-evolution/,Foundry & AIP,Data connectivity & integration,P1,"Current official capability navigation entry; subsystem detail, implementation guidance, or API/tool documentation.",2026-07-27,Data connectivity & integration
Set up local development,https://www.palantir.com/docs/foundry/transforms-python/local-development/,Foundry & AIP,Data connectivity & integration,P1,"Current official capability navigation entry; subsystem detail, implementation guidance, or API/tool documentation.",2026-07-27,Data connectivity & integration
Media set transforms API reference,https://www.palantir.com/docs/foundry/transforms-python/media-set-transforms-api/,Foundry & AIP,Data connectivity & integration,P1,"Current official capability navigation entry; subsystem detail, implementation guidance, or API/tool documentation.",2026-07-27,Data connectivity & integration
Use media sets with Python transforms,https://www.palantir.com/docs/foundry/transforms-python/media-sets/,Foundry & AIP,Data connectivity & integration,P1,"Current official capability navigation entry; subsystem detail, implementation guidance, or API/tool documentation.",2026-07-27,Data connectivity & integration
Metrics,https://www.palantir.com/docs/foundry/transforms-python/metrics/,Foundry & AIP,Data connectivity & integration,P1,"Current official capability navigation entry; subsystem detail, implementation guidance, or API/tool documentation.",2026-07-27,Data connectivity & integration
Output column metadata,https://www.palantir.com/docs/foundry/transforms-python/output-column-metadata/,Foundry & AIP,Data connectivity & integration,P1,"Current official capability navigation entry; subsystem detail, implementation guidance, or API/tool documentation.",2026-07-27,Data connectivity & integration
Transforms Python — Overview,https://www.palantir.com/docs/foundry/transforms-python/overview/,Foundry & AIP,Data connectivity & integration,P1,"Current official capability navigation entry; subsystem detail, implementation guidance, or API/tool documentation.",2026-07-27,Data connectivity & integration
Pipelines,https://www.palantir.com/docs/foundry/transforms-python/pipelines/,Foundry & AIP,Data connectivity & integration,P1,"Current official capability navigation entry; subsystem detail, implementation guidance, or API/tool documentation.",2026-07-27,Data connectivity & integration
Polars lazy API,https://www.palantir.com/docs/foundry/transforms-python/polars-lazy/,Foundry & AIP,Data connectivity & integration,P1,"Current official capability navigation entry; subsystem detail, implementation guidance, or API/tool documentation.",2026-07-27,Data connectivity & integration
Project structure,https://www.palantir.com/docs/foundry/transforms-python/project-structure/,Foundry & AIP,Data connectivity & integration,P1,"Current official capability navigation entry; subsystem detail, implementation guidance, or API/tool documentation.",2026-07-27,Data connectivity & integration
Python version support,https://www.palantir.com/docs/foundry/transforms-python/python-versions/,Foundry & AIP,Data connectivity & integration,P1,"Current official capability navigation entry; subsystem detail, implementation guidance, or API/tool documentation.",2026-07-27,Data connectivity & integration
Share Python libraries,https://www.palantir.com/docs/foundry/transforms-python/share-python-libraries/,Foundry & AIP,Data connectivity & integration,P1,"Current official capability navigation entry; subsystem detail, implementation guidance, or API/tool documentation.",2026-07-27,Data connectivity & integration
API reference,https://www.palantir.com/docs/foundry/transforms-python/tables-api/,Foundry & AIP,Data connectivity & integration,P1,"Current official capability navigation entry; subsystem detail, implementation guidance, or API/tool documentation.",2026-07-27,Data connectivity & integration
BigQuery compute pushdown,https://www.palantir.com/docs/foundry/transforms-python/tables-bigquery/,Foundry & AIP,Data connectivity & integration,P1,"Current official capability navigation entry; subsystem detail, implementation guidance, or API/tool documentation.",2026-07-27,Data connectivity & integration
Compute pushdown,https://www.palantir.com/docs/foundry/transforms-python/tables-compute-pushdown/,Foundry & AIP,Data connectivity & integration,P1,"Current official capability navigation entry; subsystem detail, implementation guidance, or API/tool documentation.",2026-07-27,Data connectivity & integration
Databricks compute pushdown,https://www.palantir.com/docs/foundry/transforms-python/tables-databricks/,Foundry & AIP,Data connectivity & integration,P1,"Current official capability navigation entry; subsystem detail, implementation guidance, or API/tool documentation.",2026-07-27,Data connectivity & integration
Transforms Python — Overview,https://www.palantir.com/docs/foundry/transforms-python/tables-overview/,Foundry & AIP,Data connectivity & integration,P1,"Current official capability navigation entry; subsystem detail, implementation guidance, or API/tool documentation.",2026-07-27,Data connectivity & integration
Snowflake compute pushdown,https://www.palantir.com/docs/foundry/transforms-python/tables-snowflake/,Foundry & AIP,Data connectivity & integration,P1,"Current official capability navigation entry; subsystem detail, implementation guidance, or API/tool documentation.",2026-07-27,Data connectivity & integration
Transforms,https://www.palantir.com/docs/foundry/transforms-python/transforms/,Foundry & AIP,Data connectivity & integration,P1,"Current official capability navigation entry; subsystem detail, implementation guidance, or API/tool documentation.",2026-07-27,Data connectivity & integration
Unit tests,https://www.palantir.com/docs/foundry/transforms-python/unit-tests/,Foundry & AIP,Data connectivity & integration,P1,"Current official capability navigation entry; subsystem detail, implementation guidance, or API/tool documentation.",2026-07-27,Data connectivity & integration
Unstructured files,https://www.palantir.com/docs/foundry/transforms-python/unstructured-files/,Foundry & AIP,Data connectivity & integration,P1,"Current official capability navigation entry; subsystem detail, implementation guidance, or API/tool documentation.",2026-07-27,Data connectivity & integration
Discover and use Python libraries,https://www.palantir.com/docs/foundry/transforms-python/use-python-libraries/,Foundry & AIP,Data connectivity & integration,P1,"Current official capability navigation entry; subsystem detail, implementation guidance, or API/tool documentation.",2026-07-27,Data connectivity & integration
Transforms R — Getting Started,https://www.palantir.com/docs/foundry/transforms-r/getting-started/,Foundry & AIP,Data connectivity & integration,P1,"Current official capability navigation entry; subsystem detail, implementation guidance, or API/tool documentation.",2026-07-27,Data connectivity & integration
Transforms R — Overview,https://www.palantir.com/docs/foundry/transforms-r/overview/,Foundry & AIP,Data connectivity & integration,P1,"Current official capability navigation entry; subsystem detail, implementation guidance, or API/tool documentation.",2026-07-27,Data connectivity & integration
Transforms SQL — Overview,https://www.palantir.com/docs/foundry/transforms-sql/overview/,Foundry & AIP,Data connectivity & integration,P1,"Current official capability navigation entry; subsystem detail, implementation guidance, or API/tool documentation.",2026-07-27,Data connectivity & integration
Spark SQL Reference,https://www.palantir.com/docs/foundry/transforms-sql/spark-reference/,Foundry & AIP,Data connectivity & integration,P1,"Current official capability navigation entry; subsystem detail, implementation guidance, or API/tool documentation.",2026-07-27,Data connectivity & integration
Ignore resources,https://www.palantir.com/docs/foundry/upgrade-assistant/ignore-resources/,Foundry & AIP,Management & enablement,P1,"Current official capability navigation entry; subsystem detail, implementation guidance, or API/tool documentation.",2026-07-27,Management & enablement
Identify impacted resources,https://www.palantir.com/docs/foundry/upgrade-assistant/impacted-resources/,Foundry & AIP,Management & enablement,P1,"Current official capability navigation entry; subsystem detail, implementation guidance, or API/tool documentation.",2026-07-27,Management & enablement
Notifications,https://www.palantir.com/docs/foundry/upgrade-assistant/notifications/,Foundry & AIP,Management & enablement,P1,"Current official capability navigation entry; subsystem detail, implementation guidance, or API/tool documentation.",2026-07-27,Management & enablement
Upgrade Assistant — Overview,https://www.palantir.com/docs/foundry/upgrade-assistant/overview/,Foundry & AIP,Management & enablement,P1,"Current official capability navigation entry; subsystem detail, implementation guidance, or API/tool documentation.",2026-07-27,Management & enablement
Platform changes,https://www.palantir.com/docs/foundry/upgrade-assistant/platform-changes/,Foundry & AIP,Management & enablement,P1,"Current official capability navigation entry; subsystem detail, implementation guidance, or API/tool documentation.",2026-07-27,Management & enablement
Resource assignment,https://www.palantir.com/docs/foundry/upgrade-assistant/resource-assignment/,Foundry & AIP,Management & enablement,P1,"Current official capability navigation entry; subsystem detail, implementation guidance, or API/tool documentation.",2026-07-27,Management & enablement
Resource type,https://www.palantir.com/docs/foundry/upgrade-assistant/resource-type/,Foundry & AIP,Management & enablement,P1,"Current official capability navigation entry; subsystem detail, implementation guidance, or API/tool documentation.",2026-07-27,Management & enablement
Maintenance Operators,https://www.palantir.com/docs/foundry/upgrade-assistant/technical-maintenance-operators/,Foundry & AIP,Management & enablement,P1,"Current official capability navigation entry; subsystem detail, implementation guidance, or API/tool documentation.",2026-07-27,Management & enablement
Drive revenue with integrated pricing,https://www.palantir.com/docs/foundry/use-case-examples/driving-revenue-through-integrated-pricing/,Foundry & AIP,Management & enablement,P1,"Current official capability navigation entry; subsystem detail, implementation guidance, or API/tool documentation.",2026-07-27,Management & enablement
Adjust sales and marketing pipelines on the fly,https://www.palantir.com/docs/foundry/use-case-examples/effectively-adjusting-sales-and-marketing-pipelines-on-the-fly/,Foundry & AIP,Management & enablement,P1,"Current official capability navigation entry; subsystem detail, implementation guidance, or API/tool documentation.",2026-07-27,Management & enablement
Improve customer satisfaction and retention through intelligent task management,https://www.palantir.com/docs/foundry/use-case-examples/improving-customer-satisfaction-and-retention-through-intelligent-task-management/,Foundry & AIP,Management & enablement,P1,"Current official capability navigation entry; subsystem detail, implementation guidance, or API/tool documentation.",2026-07-27,Management & enablement
Improve decision-making through holistic power grid network modeling,https://www.palantir.com/docs/foundry/use-case-examples/improving-decision-making-through-holistic-power-grid-network-modelling/,Foundry & AIP,Management & enablement,P1,"Current official capability navigation entry; subsystem detail, implementation guidance, or API/tool documentation.",2026-07-27,Management & enablement
Improve invoice collection through intelligent dispute resolution,https://www.palantir.com/docs/foundry/use-case-examples/improving-invoice-collection-through-intelligent-dispute-resolution/,Foundry & AIP,Management & enablement,P1,"Current official capability navigation entry; subsystem detail, implementation guidance, or API/tool documentation.",2026-07-27,Management & enablement
Improve production yield through standardized KPI reporting,https://www.palantir.com/docs/foundry/use-case-examples/improving-production-yield-through-standardized-kpi-reporting/,Foundry & AIP,Management & enablement,P1,"Current official capability navigation entry; subsystem detail, implementation guidance, or API/tool documentation.",2026-07-27,Management & enablement
Improve profitability of EV chargepoints through integrated location optimization,https://www.palantir.com/docs/foundry/use-case-examples/improving-profitability-of-ev-chargepoints-through-integrated-location-optimization/,Foundry & AIP,Management & enablement,P1,"Current official capability navigation entry; subsystem detail, implementation guidance, or API/tool documentation.",2026-07-27,Management & enablement
Improve retention and collection performance through intelligent repricing,https://www.palantir.com/docs/foundry/use-case-examples/improving-retention-and-collection-performance-through-intelligent-repricing/,Foundry & AIP,Management & enablement,P1,"Current official capability navigation entry; subsystem detail, implementation guidance, or API/tool documentation.",2026-07-27,Management & enablement
Increase client engagement with integrated campaign management,https://www.palantir.com/docs/foundry/use-case-examples/increasing-client-engagement-through-integrated-campaign-management/,Foundry & AIP,Management & enablement,P1,"Current official capability navigation entry; subsystem detail, implementation guidance, or API/tool documentation.",2026-07-27,Management & enablement
Optimize claims & reduce spend through warranty analytics,https://www.palantir.com/docs/foundry/use-case-examples/optimize-claims-reduce-spend-through-warranty-analytics/,Foundry & AIP,Management & enablement,P1,"Current official capability navigation entry; subsystem detail, implementation guidance, or API/tool documentation.",2026-07-27,Management & enablement
Optimize production with ERP data across the supply chain,https://www.palantir.com/docs/foundry/use-case-examples/optimizing-production-with-erp-data-across-the-supply-chain/,Foundry & AIP,Management & enablement,P1,"Current official capability navigation entry; subsystem detail, implementation guidance, or API/tool documentation.",2026-07-27,Management & enablement
Prevent transformer failure via alerting and investigation support,https://www.palantir.com/docs/foundry/use-case-examples/preventing-transformer-failure-via-alerting-and-investigation-support/,Foundry & AIP,Management & enablement,P1,"Current official capability navigation entry; subsystem detail, implementation guidance, or API/tool documentation.",2026-07-27,Management & enablement
Public safety power shutoff (PSPS) scoping,https://www.palantir.com/docs/foundry/use-case-examples/public-safety-power-shutoff-psps-scoping/,Foundry & AIP,Management & enablement,P1,"Current official capability navigation entry; subsystem detail, implementation guidance, or API/tool documentation.",2026-07-27,Management & enablement
Reduce rail disruptions through intelligent maintenance prioritization,https://www.palantir.com/docs/foundry/use-case-examples/reduce-rail-disruptions-through-intelligent-maintenance-prioritization/,Foundry & AIP,Management & enablement,P1,"Current official capability navigation entry; subsystem detail, implementation guidance, or API/tool documentation.",2026-07-27,Management & enablement
Reduce cost by analyzing and alerting on provider performance,https://www.palantir.com/docs/foundry/use-case-examples/reducing-cost-from-health-network-providers-through-alerting-and-understanding-provider-performance/,Foundry & AIP,Management & enablement,P1,"Current official capability navigation entry; subsystem detail, implementation guidance, or API/tool documentation.",2026-07-27,Management & enablement
Reduce over- and under-payments to health care providers,https://www.palantir.com/docs/foundry/use-case-examples/reducing-over-and-under-payments-to-health-care-providers/,Foundry & AIP,Management & enablement,P1,"Current official capability navigation entry; subsystem detail, implementation guidance, or API/tool documentation.",2026-07-27,Management & enablement
Reduce number of containers shipped by optimizing utilization,https://www.palantir.com/docs/foundry/use-case-examples/reducing-the-number-of-containers-shipped-by-optimizing-their-utilization/,Foundry & AIP,Management & enablement,P1,"Current official capability navigation entry; subsystem detail, implementation guidance, or API/tool documentation.",2026-07-27,Management & enablement
Respond to global security incidents with integrated alerting and triaging,https://www.palantir.com/docs/foundry/use-case-examples/responding-to-global-security-incidents-via-an-integrated-alerting-and-triaging-application/,Foundry & AIP,Management & enablement,P1,"Current official capability navigation entry; subsystem detail, implementation guidance, or API/tool documentation.",2026-07-27,Management & enablement
Translate from OMOP to FHIR to bridge the gap between electronic health record formats,https://www.palantir.com/docs/foundry/use-case-examples/translating-from-omop-to-fhir-to-bridge-the-gap-between-electronic-health-record-formats/,Foundry & AIP,Management & enablement,P1,"Current official capability navigation entry; subsystem detail, implementation guidance, or API/tool documentation.",2026-07-27,Management & enablement
Distilling functional requirements,https://www.palantir.com/docs/foundry/use-case-life-cycle/distilling-functional-requirements/,Foundry & AIP,Management & enablement,P1,"Current official capability navigation entry; subsystem detail, implementation guidance, or API/tool documentation.",2026-07-27,Management & enablement
Use Case Life Cycle — Overview,https://www.palantir.com/docs/foundry/use-case-life-cycle/overview/,Foundry & AIP,Management & enablement,P1,"Current official capability navigation entry; subsystem detail, implementation guidance, or API/tool documentation.",2026-07-27,Management & enablement
Sequencing development,https://www.palantir.com/docs/foundry/use-case-life-cycle/sequencing-development/,Foundry & AIP,Management & enablement,P1,"Current official capability navigation entry; subsystem detail, implementation guidance, or API/tool documentation.",2026-07-27,Management & enablement
Solution Design,https://www.palantir.com/docs/foundry/use-case-life-cycle/solution-design/,Foundry & AIP,Management & enablement,P1,"Current official capability navigation entry; subsystem detail, implementation guidance, or API/tool documentation.",2026-07-27,Management & enablement
Use case roles,https://www.palantir.com/docs/foundry/use-case-life-cycle/use-case-roles/,Foundry & AIP,Management & enablement,P1,"Current official capability navigation entry; subsystem detail, implementation guidance, or API/tool documentation.",2026-07-27,Management & enablement
Alerting workflow,https://www.palantir.com/docs/foundry/use-case-patterns/alerting-workflow/,Foundry & AIP,Management & enablement,P1,"Current official capability navigation entry; subsystem detail, implementation guidance, or API/tool documentation.",2026-07-27,Management & enablement
Investigation and cohorting,https://www.palantir.com/docs/foundry/use-case-patterns/investigation-and-cohorting/,Foundry & AIP,Management & enablement,P1,"Current official capability navigation entry; subsystem detail, implementation guidance, or API/tool documentation.",2026-07-27,Management & enablement
Multi-organization ecosystems,https://www.palantir.com/docs/foundry/use-case-patterns/multi-organization-ecosystems/,Foundry & AIP,Management & enablement,P1,"Current official capability navigation entry; subsystem detail, implementation guidance, or API/tool documentation.",2026-07-27,Management & enablement
Operational process coordination,https://www.palantir.com/docs/foundry/use-case-patterns/operational-process-coordination/,Foundry & AIP,Management & enablement,P1,"Current official capability navigation entry; subsystem detail, implementation guidance, or API/tool documentation.",2026-07-27,Management & enablement
Resource allocation & optimization,https://www.palantir.com/docs/foundry/use-case-patterns/resource-allocation-optimization/,Foundry & AIP,Management & enablement,P1,"Current official capability navigation entry; subsystem detail, implementation guidance, or API/tool documentation.",2026-07-27,Management & enablement
Add application resources,https://www.palantir.com/docs/foundry/use-cases/add-application-resources/,Foundry & AIP,Use case development,P1,"Current official capability navigation entry; subsystem detail, implementation guidance, or API/tool documentation.",2026-07-27,Use case development
Edit metadata,https://www.palantir.com/docs/foundry/use-cases/edit-metadata/,Foundry & AIP,Use case development,P1,"Current official capability navigation entry; subsystem detail, implementation guidance, or API/tool documentation.",2026-07-27,Use case development
Use Cases — Getting Started,https://www.palantir.com/docs/foundry/use-cases/getting-started/,Foundry & AIP,Use case development,P1,"Current official capability navigation entry; subsystem detail, implementation guidance, or API/tool documentation.",2026-07-27,Use case development
Migrate an existing Project,https://www.palantir.com/docs/foundry/use-cases/migrate-existing-project/,Foundry & AIP,Use case development,P1,"Current official capability navigation entry; subsystem detail, implementation guidance, or API/tool documentation.",2026-07-27,Use case development
Use Cases — Navigation,https://www.palantir.com/docs/foundry/use-cases/navigation/,Foundry & AIP,Use case development,P1,"Current official capability navigation entry; subsystem detail, implementation guidance, or API/tool documentation.",2026-07-27,Use case development
Permission a use case,https://www.palantir.com/docs/foundry/use-cases/permission-use-case/,Foundry & AIP,Use case development,P1,"Current official capability navigation entry; subsystem detail, implementation guidance, or API/tool documentation.",2026-07-27,Use case development
Learn more about the Use Cases application.,https://www.palantir.com/docs/foundry/use-cases/use-case-overview/,Foundry & AIP,Use case development,P1,"Current official capability navigation entry; subsystem detail, implementation guidance, or API/tool documentation.",2026-07-27,Use case development
View resources,https://www.palantir.com/docs/foundry/use-cases/view-resources/,Foundry & AIP,Use case development,P1,"Current official capability navigation entry; subsystem detail, implementation guidance, or API/tool documentation.",2026-07-27,Use case development
Configure chained models [Sunset],https://www.palantir.com/docs/foundry/vertex/chained-models/,Foundry & AIP,Ontology building,P1,"Current official capability navigation entry; subsystem detail, implementation guidance, or API/tool documentation.",2026-07-27,Ontology building
Configure events,https://www.palantir.com/docs/foundry/vertex/configure-events/,Foundry & AIP,Ontology building,P1,"Current official capability navigation entry; subsystem detail, implementation guidance, or API/tool documentation.",2026-07-27,Ontology building
Configure thresholds,https://www.palantir.com/docs/foundry/vertex/configure-thresholds/,Foundry & AIP,Ontology building,P1,"Current official capability navigation entry; subsystem detail, implementation guidance, or API/tool documentation.",2026-07-27,Ontology building
Derive properties using Functions,https://www.palantir.com/docs/foundry/vertex/derive-property-functions/,Foundry & AIP,Ontology building,P1,"Current official capability navigation entry; subsystem detail, implementation guidance, or API/tool documentation.",2026-07-27,Ontology building
Embed a graph in a Workshop module,https://www.palantir.com/docs/foundry/vertex/embed-graph-workshop/,Foundry & AIP,Ontology building,P1,"Current official capability navigation entry; subsystem detail, implementation guidance, or API/tool documentation.",2026-07-27,Ontology building
Vertex — Overview,https://www.palantir.com/docs/foundry/vertex/events-overview/,Foundry & AIP,Ontology building,P1,"Current official capability navigation entry; subsystem detail, implementation guidance, or API/tool documentation.",2026-07-27,Ontology building
Example use cases,https://www.palantir.com/docs/foundry/vertex/example-use-cases/,Foundry & AIP,Ontology building,P1,"Current official capability navigation entry; subsystem detail, implementation guidance, or API/tool documentation.",2026-07-27,Ontology building
Explore object relationships,https://www.palantir.com/docs/foundry/vertex/explore-object-relationships/,Foundry & AIP,Ontology building,P1,"Current official capability navigation entry; subsystem detail, implementation guidance, or API/tool documentation.",2026-07-27,Ontology building
Explore related events,https://www.palantir.com/docs/foundry/vertex/explore-related-events/,Foundry & AIP,Ontology building,P1,"Current official capability navigation entry; subsystem detail, implementation guidance, or API/tool documentation.",2026-07-27,Ontology building
Explore related time series,https://www.palantir.com/docs/foundry/vertex/explore-time-series/,Foundry & AIP,Ontology building,P1,"Current official capability navigation entry; subsystem detail, implementation guidance, or API/tool documentation.",2026-07-27,Ontology building
Generate a graph from other applications,https://www.palantir.com/docs/foundry/vertex/generate-graph-apps/,Foundry & AIP,Ontology building,P1,"Current official capability navigation entry; subsystem detail, implementation guidance, or API/tool documentation.",2026-07-27,Ontology building
Generate graphs using Functions,https://www.palantir.com/docs/foundry/vertex/generate-graph-functions/,Foundry & AIP,Ontology building,P1,"Current official capability navigation entry; subsystem detail, implementation guidance, or API/tool documentation.",2026-07-27,Ontology building
Object and edge display options,https://www.palantir.com/docs/foundry/vertex/graphs-display-options/,Foundry & AIP,Ontology building,P1,"Current official capability navigation entry; subsystem detail, implementation guidance, or API/tool documentation.",2026-07-27,Ontology building
Explore existing graphs,https://www.palantir.com/docs/foundry/vertex/graphs-explore/,Foundry & AIP,Ontology building,P1,"Current official capability navigation entry; subsystem detail, implementation guidance, or API/tool documentation.",2026-07-27,Ontology building
Create a graph template,https://www.palantir.com/docs/foundry/vertex/graphs-template/,Foundry & AIP,Ontology building,P1,"Current official capability navigation entry; subsystem detail, implementation guidance, or API/tool documentation.",2026-07-27,Ontology building
Configure link merging,https://www.palantir.com/docs/foundry/vertex/link-merging/,Foundry & AIP,Ontology building,P1,"Current official capability navigation entry; subsystem detail, implementation guidance, or API/tool documentation.",2026-07-27,Ontology building
Add Vertex graph templates to a Marketplace product,https://www.palantir.com/docs/foundry/vertex/marketplace-vertex/,Foundry & AIP,Ontology building,P1,"Current official capability navigation entry; subsystem detail, implementation guidance, or API/tool documentation.",2026-07-27,Ontology building
Media layers and image annotations,https://www.palantir.com/docs/foundry/vertex/media-layers/,Foundry & AIP,Ontology building,P1,"Current official capability navigation entry; subsystem detail, implementation guidance, or API/tool documentation.",2026-07-27,Ontology building
Vertex — Overview,https://www.palantir.com/docs/foundry/vertex/overview/,Foundry & AIP,Ontology building,P1,"Current official capability navigation entry; subsystem detail, implementation guidance, or API/tool documentation.",2026-07-27,Ontology building
Read-only mode,https://www.palantir.com/docs/foundry/vertex/read-only-mode/,Foundry & AIP,Ontology building,P1,"Current official capability navigation entry; subsystem detail, implementation guidance, or API/tool documentation.",2026-07-27,Ontology building
"Save, share, and collaborate",https://www.palantir.com/docs/foundry/vertex/save-share/,Foundry & AIP,Ontology building,P1,"Current official capability navigation entry; subsystem detail, implementation guidance, or API/tool documentation.",2026-07-27,Ontology building
Vertex — Getting Started,https://www.palantir.com/docs/foundry/vertex/scenarios-getting-started/,Foundry & AIP,Ontology building,P1,"Current official capability navigation entry; subsystem detail, implementation guidance, or API/tool documentation.",2026-07-27,Ontology building
Scenario options,https://www.palantir.com/docs/foundry/vertex/scenarios-options/,Foundry & AIP,Ontology building,P1,"Current official capability navigation entry; subsystem detail, implementation guidance, or API/tool documentation.",2026-07-27,Ontology building
Vertex — Overview,https://www.palantir.com/docs/foundry/vertex/scenarios-overview/,Foundry & AIP,Ontology building,P1,"Current official capability navigation entry; subsystem detail, implementation guidance, or API/tool documentation.",2026-07-27,Ontology building
View and filter events on a timeline,https://www.palantir.com/docs/foundry/vertex/timeline/,Foundry & AIP,Ontology building,P1,"Current official capability navigation entry; subsystem detail, implementation guidance, or API/tool documentation.",2026-07-27,Ontology building
Use time selection,https://www.palantir.com/docs/foundry/vertex/use-time-selection/,Foundry & AIP,Ontology building,P1,"Current official capability navigation entry; subsystem detail, implementation guidance, or API/tool documentation.",2026-07-27,Ontology building
Configure settings in Control Panel,https://www.palantir.com/docs/foundry/vertex/vertex-settings-control-panel/,Foundry & AIP,Ontology building,P1,"Current official capability navigation entry; subsystem detail, implementation guidance, or API/tool documentation.",2026-07-27,Ontology building
AI development tools,https://www.palantir.com/docs/foundry/vs-code/ai-development-tools/,Foundry & AIP,Developer toolchain,P1,"Current official capability navigation entry; subsystem detail, implementation guidance, or API/tool documentation.",2026-07-27,Developer toolchain
Benefits of VS Code workspaces,https://www.palantir.com/docs/foundry/vs-code/benefits/,Foundry & AIP,Developer toolchain,P1,"Current official capability navigation entry; subsystem detail, implementation guidance, or API/tool documentation.",2026-07-27,Developer toolchain
Global Branching,https://www.palantir.com/docs/foundry/vs-code/global-branching/,Foundry & AIP,Developer toolchain,P1,"Current official capability navigation entry; subsystem detail, implementation guidance, or API/tool documentation.",2026-07-27,Developer toolchain
Choose between local development and VS Code workspaces,https://www.palantir.com/docs/foundry/vs-code/local-vs-workspace-guide/,Foundry & AIP,Developer toolchain,P1,"Current official capability navigation entry; subsystem detail, implementation guidance, or API/tool documentation.",2026-07-27,Developer toolchain
VS Code workspaces,https://www.palantir.com/docs/foundry/vs-code/overview/,Foundry & AIP,Developer toolchain,P1,"Current official capability navigation entry; subsystem detail, implementation guidance, or API/tool documentation.",2026-07-27,Developer toolchain
Troubleshooting,https://www.palantir.com/docs/foundry/vs-code/troubleshooting/,Foundry & AIP,Developer toolchain,P2,"Current official navigation entry retained for completeness; specialized, lifecycle-warning, or reference material.",2026-07-27,Developer toolchain
Create a walkthrough,https://www.palantir.com/docs/foundry/walkthroughs/create-a-walkthrough/,Foundry & AIP,Management & enablement,P1,"Current official capability navigation entry; subsystem detail, implementation guidance, or API/tool documentation.",2026-07-27,Management & enablement
Walkthroughs — Overview,https://www.palantir.com/docs/foundry/walkthroughs/overview/,Foundry & AIP,Management & enablement,P1,"Current official capability navigation entry; subsystem detail, implementation guidance, or API/tool documentation.",2026-07-27,Management & enablement
Walkthrough metrics,https://www.palantir.com/docs/foundry/walkthroughs/walkthrough-metrics/,Foundry & AIP,Management & enablement,P1,"Current official capability navigation entry; subsystem detail, implementation guidance, or API/tool documentation.",2026-07-27,Management & enablement
Walkthrough types,https://www.palantir.com/docs/foundry/walkthroughs/walkthrough-types/,Foundry & AIP,Management & enablement,P1,"Current official capability navigation entry; subsystem detail, implementation guidance, or API/tool documentation.",2026-07-27,Management & enablement
Workshop integration,https://www.palantir.com/docs/foundry/walkthroughs/workshop-integration/,Foundry & AIP,Management & enablement,P1,"Current official capability navigation entry; subsystem detail, implementation guidance, or API/tool documentation.",2026-07-27,Management & enablement
Workflow Builder — Core Concepts,https://www.palantir.com/docs/foundry/workflow-builder/core-concepts/,Foundry & AIP,Use case development,P1,"Current official capability navigation entry; subsystem detail, implementation guidance, or API/tool documentation.",2026-07-27,Use case development
Workflow Builder — Overview,https://www.palantir.com/docs/foundry/workflow-builder/overview/,Foundry & AIP,Use case development,P1,"Current official capability navigation entry; subsystem detail, implementation guidance, or API/tool documentation.",2026-07-27,Use case development
AIP usage metrics and observability,https://www.palantir.com/docs/foundry/workflow-lineage/aip-usage-observability/,Foundry & AIP,Use case development,P1,"Current official capability navigation entry; subsystem detail, implementation guidance, or API/tool documentation.",2026-07-27,Use case development
Branching support,https://www.palantir.com/docs/foundry/workflow-lineage/branching-workflow-lineage/,Foundry & AIP,Use case development,P1,"Current official capability navigation entry; subsystem detail, implementation guidance, or API/tool documentation.",2026-07-27,Use case development
Workflow Lineage — Getting Started,https://www.palantir.com/docs/foundry/workflow-lineage/getting-started/,Foundry & AIP,Use case development,P1,"Current official capability navigation entry; subsystem detail, implementation guidance, or API/tool documentation.",2026-07-27,Use case development
Keyboard shortcuts,https://www.palantir.com/docs/foundry/workflow-lineage/keyboard-shortcuts/,Foundry & AIP,Use case development,P1,"Current official capability navigation entry; subsystem detail, implementation guidance, or API/tool documentation.",2026-07-27,Use case development
Manage security,https://www.palantir.com/docs/foundry/workflow-lineage/manage-security/,Foundry & AIP,Use case development,P1,"Current official capability navigation entry; subsystem detail, implementation guidance, or API/tool documentation.",2026-07-27,Use case development
Workflow Lineage,https://www.palantir.com/docs/foundry/workflow-lineage/overview/,Foundry & AIP,Cross-capability / platform,P1,"Current official capability navigation entry; subsystem detail, implementation guidance, or API/tool documentation.",2026-07-27,Observability | Use case development
Perform refactors and understand your workflows,https://www.palantir.com/docs/foundry/workflow-lineage/refactor-and-understand-workflows/,Foundry & AIP,Use case development,P1,"Current official capability navigation entry; subsystem detail, implementation guidance, or API/tool documentation.",2026-07-27,Use case development
Workshop — Overview,https://www.palantir.com/docs/foundry/workshop/actions-overview/,Foundry & AIP,Use case development,P1,"Current official capability navigation entry; subsystem detail, implementation guidance, or API/tool documentation.",2026-07-27,Use case development
Use Actions in Workshop,https://www.palantir.com/docs/foundry/workshop/actions-use/,Foundry & AIP,Use case development,P1,"Current official capability navigation entry; subsystem detail, implementation guidance, or API/tool documentation.",2026-07-27,Use case development
Application design best practices,https://www.palantir.com/docs/foundry/workshop/application-design-best-practices/,Foundry & AIP,Use case development,P1,"Current official capability navigation entry; subsystem detail, implementation guidance, or API/tool documentation.",2026-07-27,Use case development
Component-specific best practices,https://www.palantir.com/docs/foundry/workshop/application-design-components/,Foundry & AIP,Use case development,P1,"Current official capability navigation entry; subsystem detail, implementation guidance, or API/tool documentation.",2026-07-27,Use case development
FAQs,https://www.palantir.com/docs/foundry/workshop/application-design-faqs/,Foundry & AIP,Use case development,P1,"Current official capability navigation entry; subsystem detail, implementation guidance, or API/tool documentation.",2026-07-27,Use case development
Auto-refresh,https://www.palantir.com/docs/foundry/workshop/auto-refresh/,Foundry & AIP,Use case development,P1,"Current official capability navigation entry; subsystem detail, implementation guidance, or API/tool documentation.",2026-07-27,Use case development
Branching Workshop modules,https://www.palantir.com/docs/foundry/workshop/branching-integration/,Foundry & AIP,Use case development,P1,"Current official capability navigation entry; subsystem detail, implementation guidance, or API/tool documentation.",2026-07-27,Use case development
Changelog panel,https://www.palantir.com/docs/foundry/workshop/changelog/,Foundry & AIP,Use case development,P1,"Current official capability navigation entry; subsystem detail, implementation guidance, or API/tool documentation.",2026-07-27,Use case development
Commands,https://www.palantir.com/docs/foundry/workshop/commands/,Foundry & AIP,Use case development,P1,"Current official capability navigation entry; subsystem detail, implementation guidance, or API/tool documentation.",2026-07-27,Use case development
Events,https://www.palantir.com/docs/foundry/workshop/concepts-events/,Foundry & AIP,Use case development,P1,"Current official capability navigation entry; subsystem detail, implementation guidance, or API/tool documentation.",2026-07-27,Use case development
Layouts,https://www.palantir.com/docs/foundry/workshop/concepts-layouts/,Foundry & AIP,Use case development,P1,"Current official capability navigation entry; subsystem detail, implementation guidance, or API/tool documentation.",2026-07-27,Use case development
Workshop — Permissions,https://www.palantir.com/docs/foundry/workshop/concepts-permissions/,Foundry & AIP,Use case development,P1,"Current official capability navigation entry; subsystem detail, implementation guidance, or API/tool documentation.",2026-07-27,Use case development
Variables,https://www.palantir.com/docs/foundry/workshop/concepts-variables/,Foundry & AIP,Use case development,P1,"Current official capability navigation entry; subsystem detail, implementation guidance, or API/tool documentation.",2026-07-27,Use case development
Widgets,https://www.palantir.com/docs/foundry/workshop/concepts-widgets/,Foundry & AIP,Use case development,P1,"Current official capability navigation entry; subsystem detail, implementation guidance, or API/tool documentation.",2026-07-27,Use case development
Derived properties,https://www.palantir.com/docs/foundry/workshop/derived-properties/,Foundry & AIP,Use case development,P1,"Current official capability navigation entry; subsystem detail, implementation guidance, or API/tool documentation.",2026-07-27,Use case development
Drag and drop,https://www.palantir.com/docs/foundry/workshop/drag-and-drop/,Foundry & AIP,Use case development,P1,"Current official capability navigation entry; subsystem detail, implementation guidance, or API/tool documentation.",2026-07-27,Use case development
Widget: Embedded modules,https://www.palantir.com/docs/foundry/workshop/embedded-modules/,Foundry & AIP,Use case development,P1,"Current official capability navigation entry; subsystem detail, implementation guidance, or API/tool documentation.",2026-07-27,Use case development
Workshop — Overview,https://www.palantir.com/docs/foundry/workshop/embedding-workshop-modules-overview/,Foundry & AIP,Use case development,P1,"Current official capability navigation entry; subsystem detail, implementation guidance, or API/tool documentation.",2026-07-27,Use case development
Example applications,https://www.palantir.com/docs/foundry/workshop/example-applications/,Foundry & AIP,Use case development,P1,"Current official capability navigation entry; subsystem detail, implementation guidance, or API/tool documentation.",2026-07-27,Use case development
Formatting,https://www.palantir.com/docs/foundry/workshop/formatting/,Foundry & AIP,Use case development,P1,"Current official capability navigation entry; subsystem detail, implementation guidance, or API/tool documentation.",2026-07-27,Use case development
Workshop — Overview,https://www.palantir.com/docs/foundry/workshop/functions-overview/,Foundry & AIP,Use case development,P1,"Current official capability navigation entry; subsystem detail, implementation guidance, or API/tool documentation.",2026-07-27,Use case development
Use functions in Workshop,https://www.palantir.com/docs/foundry/workshop/functions-use/,Foundry & AIP,Use case development,P1,"Current official capability navigation entry; subsystem detail, implementation guidance, or API/tool documentation.",2026-07-27,Use case development
Workshop — Getting Started,https://www.palantir.com/docs/foundry/workshop/getting-started/,Foundry & AIP,Use case development,P1,"Current official capability navigation entry; subsystem detail, implementation guidance, or API/tool documentation.",2026-07-27,Use case development
Kiosk mode,https://www.palantir.com/docs/foundry/workshop/kiosk-mode/,Foundry & AIP,Use case development,P1,"Current official capability navigation entry; subsystem detail, implementation guidance, or API/tool documentation.",2026-07-27,Use case development
Loop layouts,https://www.palantir.com/docs/foundry/workshop/loop-layouts/,Foundry & AIP,Use case development,P1,"Current official capability navigation entry; subsystem detail, implementation guidance, or API/tool documentation.",2026-07-27,Use case development
Add Workshop application to a Marketplace product,https://www.palantir.com/docs/foundry/workshop/marketplace-workshop/,Foundry & AIP,Use case development,P1,"Current official capability navigation entry; subsystem detail, implementation guidance, or API/tool documentation.",2026-07-27,Use case development
Network access and auth,https://www.palantir.com/docs/foundry/workshop/mobile-access/,Foundry & AIP,Use case development,P1,"Current official capability navigation entry; subsystem detail, implementation guidance, or API/tool documentation.",2026-07-27,Use case development
Application launcher,https://www.palantir.com/docs/foundry/workshop/mobile-app-launcher/,Foundry & AIP,Use case development,P1,"Current official capability navigation entry; subsystem detail, implementation guidance, or API/tool documentation.",2026-07-27,Use case development
Design best practices,https://www.palantir.com/docs/foundry/workshop/mobile-design/,Foundry & AIP,Use case development,P1,"Current official capability navigation entry; subsystem detail, implementation guidance, or API/tool documentation.",2026-07-27,Use case development
Workshop — Getting Started,https://www.palantir.com/docs/foundry/workshop/mobile-getting-started/,Foundry & AIP,Use case development,P1,"Current official capability navigation entry; subsystem detail, implementation guidance, or API/tool documentation.",2026-07-27,Use case development
Workshop — Overview,https://www.palantir.com/docs/foundry/workshop/mobile-overview/,Foundry & AIP,Use case development,P1,"Current official capability navigation entry; subsystem detail, implementation guidance, or API/tool documentation.",2026-07-27,Use case development
Module interface,https://www.palantir.com/docs/foundry/workshop/module-interface/,Foundry & AIP,Use case development,P1,"Current official capability navigation entry; subsystem detail, implementation guidance, or API/tool documentation.",2026-07-27,Use case development
Object set filter variables,https://www.palantir.com/docs/foundry/workshop/object-set-filter-variables/,Foundry & AIP,Use case development,P1,"Current official capability navigation entry; subsystem detail, implementation guidance, or API/tool documentation.",2026-07-27,Use case development
Learn more about Workshop.,https://www.palantir.com/docs/foundry/workshop/overview/,Foundry & AIP,Cross-capability / platform,P0,Official architectural spine or core ontology lifecycle page; reviewed directly in the research synthesis.,2026-07-27,Observability | Use case development
Performance Profiler,https://www.palantir.com/docs/foundry/workshop/performance-profiler/,Foundry & AIP,Use case development,P1,"Current official capability navigation entry; subsystem detail, implementation guidance, or API/tool documentation.",2026-07-27,Use case development
Set up a read-only dashboard,https://www.palantir.com/docs/foundry/workshop/read-only-dashboard/,Foundry & AIP,Use case development,P1,"Current official capability navigation entry; subsystem detail, implementation guidance, or API/tool documentation.",2026-07-27,Use case development
Redact mode,https://www.palantir.com/docs/foundry/workshop/redact-mode/,Foundry & AIP,Use case development,P1,"Current official capability navigation entry; subsystem detail, implementation guidance, or API/tool documentation.",2026-07-27,Use case development
Routing,https://www.palantir.com/docs/foundry/workshop/routing/,Foundry & AIP,Use case development,P1,"Current official capability navigation entry; subsystem detail, implementation guidance, or API/tool documentation.",2026-07-27,Use case development
Apply scenarios,https://www.palantir.com/docs/foundry/workshop/scenarios-apply/,Foundry & AIP,Use case development,P1,"Current official capability navigation entry; subsystem detail, implementation guidance, or API/tool documentation.",2026-07-27,Use case development
Workshop — Core Concepts,https://www.palantir.com/docs/foundry/workshop/scenarios-concepts/,Foundry & AIP,Use case development,P1,"Current official capability navigation entry; subsystem detail, implementation guidance, or API/tool documentation.",2026-07-27,Use case development
Configure a domain,https://www.palantir.com/docs/foundry/workshop/scenarios-configure-domain/,Foundry & AIP,Use case development,P1,"Current official capability navigation entry; subsystem detail, implementation guidance, or API/tool documentation.",2026-07-27,Use case development
Workshop — Getting Started,https://www.palantir.com/docs/foundry/workshop/scenarios-getting-started/,Foundry & AIP,Use case development,P1,"Current official capability navigation entry; subsystem detail, implementation guidance, or API/tool documentation.",2026-07-27,Use case development
Load scenarios,https://www.palantir.com/docs/foundry/workshop/scenarios-load/,Foundry & AIP,Use case development,P1,"Current official capability navigation entry; subsystem detail, implementation guidance, or API/tool documentation.",2026-07-27,Use case development
Workshop — Overview,https://www.palantir.com/docs/foundry/workshop/scenarios-overview/,Foundry & AIP,Use case development,P1,"Current official capability navigation entry; subsystem detail, implementation guidance, or API/tool documentation.",2026-07-27,Use case development
Save scenarios,https://www.palantir.com/docs/foundry/workshop/scenarios-save/,Foundry & AIP,Use case development,P1,"Current official capability navigation entry; subsystem detail, implementation guidance, or API/tool documentation.",2026-07-27,Use case development
State saving,https://www.palantir.com/docs/foundry/workshop/state-saving/,Foundry & AIP,Use case development,P1,"Current official capability navigation entry; subsystem detail, implementation guidance, or API/tool documentation.",2026-07-27,Use case development
Struct variables,https://www.palantir.com/docs/foundry/workshop/struct-variables/,Foundry & AIP,Use case development,P1,"Current official capability navigation entry; subsystem detail, implementation guidance, or API/tool documentation.",2026-07-27,Use case development
Time series properties,https://www.palantir.com/docs/foundry/workshop/time-series-properties/,Foundry & AIP,Use case development,P1,"Current official capability navigation entry; subsystem detail, implementation guidance, or API/tool documentation.",2026-07-27,Use case development
Translations,https://www.palantir.com/docs/foundry/workshop/translations/,Foundry & AIP,Use case development,P1,"Current official capability navigation entry; subsystem detail, implementation guidance, or API/tool documentation.",2026-07-27,Use case development
Unsupported object properties,https://www.palantir.com/docs/foundry/workshop/unsupported-object-properties/,Foundry & AIP,Use case development,P1,"Current official capability navigation entry; subsystem detail, implementation guidance, or API/tool documentation.",2026-07-27,Use case development
Usage metrics,https://www.palantir.com/docs/foundry/workshop/usage-metrics/,Foundry & AIP,Use case development,P1,"Current official capability navigation entry; subsystem detail, implementation guidance, or API/tool documentation.",2026-07-27,Use case development
Used colors,https://www.palantir.com/docs/foundry/workshop/used-colors/,Foundry & AIP,Use case development,P1,"Current official capability navigation entry; subsystem detail, implementation guidance, or API/tool documentation.",2026-07-27,Use case development
Variable-backed layouts,https://www.palantir.com/docs/foundry/workshop/variable-backed-layouts/,Foundry & AIP,Use case development,P1,"Current official capability navigation entry; subsystem detail, implementation guidance, or API/tool documentation.",2026-07-27,Use case development
Variable transformations,https://www.palantir.com/docs/foundry/workshop/variable-transformations/,Foundry & AIP,Use case development,P1,"Current official capability navigation entry; subsystem detail, implementation guidance, or API/tool documentation.",2026-07-27,Use case development
Publishing and versioning,https://www.palantir.com/docs/foundry/workshop/versions/,Foundry & AIP,Use case development,P1,"Current official capability navigation entry; subsystem detail, implementation guidance, or API/tool documentation.",2026-07-27,Use case development
Widget display optimization,https://www.palantir.com/docs/foundry/workshop/widget-display-optimization/,Foundry & AIP,Use case development,P1,"Current official capability navigation entry; subsystem detail, implementation guidance, or API/tool documentation.",2026-07-27,Use case development
Free-form Analysis,https://www.palantir.com/docs/foundry/workshop/widget-free-form-analysis/,Foundry & AIP,Use case development,P1,"Current official capability navigation entry; subsystem detail, implementation guidance, or API/tool documentation.",2026-07-27,Use case development
Time Series Analysis,https://www.palantir.com/docs/foundry/workshop/widget-time-series-analysis/,Foundry & AIP,Use case development,P1,"Current official capability navigation entry; subsystem detail, implementation guidance, or API/tool documentation.",2026-07-27,Use case development
Action Log Timeline,https://www.palantir.com/docs/foundry/workshop/widgets-action-log-timeline/,Foundry & AIP,Use case development,P1,"Current official capability navigation entry; subsystem detail, implementation guidance, or API/tool documentation.",2026-07-27,Use case development
AIP Analyst,https://www.palantir.com/docs/foundry/workshop/widgets-aip-analyst/,Foundry & AIP,Use case development,P1,"Current official capability navigation entry; subsystem detail, implementation guidance, or API/tool documentation.",2026-07-27,Use case development
AIP Chatbot,https://www.palantir.com/docs/foundry/workshop/widgets-aip-chatbot/,Foundry & AIP,Use case development,P1,"Current official capability navigation entry; subsystem detail, implementation guidance, or API/tool documentation.",2026-07-27,Use case development
AIP Generated Content,https://www.palantir.com/docs/foundry/workshop/widgets-aip-generated-content/,Foundry & AIP,Use case development,P1,"Current official capability navigation entry; subsystem detail, implementation guidance, or API/tool documentation.",2026-07-27,Use case development
App Pairing,https://www.palantir.com/docs/foundry/workshop/widgets-app-pairing/,Foundry & AIP,Use case development,P1,"Current official capability navigation entry; subsystem detail, implementation guidance, or API/tool documentation.",2026-07-27,Use case development
Audio and Transcription Display,https://www.palantir.com/docs/foundry/workshop/widgets-audio-preview/,Foundry & AIP,Use case development,P1,"Current official capability navigation entry; subsystem detail, implementation guidance, or API/tool documentation.",2026-07-27,Use case development
Audio Recorder,https://www.palantir.com/docs/foundry/workshop/widgets-audio-recorder/,Foundry & AIP,Use case development,P1,"Current official capability navigation entry; subsystem detail, implementation guidance, or API/tool documentation.",2026-07-27,Use case development
Button Group,https://www.palantir.com/docs/foundry/workshop/widgets-button-group/,Foundry & AIP,Use case development,P1,"Current official capability navigation entry; subsystem detail, implementation guidance, or API/tool documentation.",2026-07-27,Use case development
Chart XY,https://www.palantir.com/docs/foundry/workshop/widgets-chart/,Foundry & AIP,Use case development,P1,"Current official capability navigation entry; subsystem detail, implementation guidance, or API/tool documentation.",2026-07-27,Use case development
Comments,https://www.palantir.com/docs/foundry/workshop/widgets-comments/,Foundry & AIP,Use case development,P1,"Current official capability navigation entry; subsystem detail, implementation guidance, or API/tool documentation.",2026-07-27,Use case development
Workshop — Overview,https://www.palantir.com/docs/foundry/workshop/widgets-core-display/,Foundry & AIP,Use case development,P1,"Current official capability navigation entry; subsystem detail, implementation guidance, or API/tool documentation.",2026-07-27,Use case development
Widget: Current Location Manager,https://www.palantir.com/docs/foundry/workshop/widgets-current-location/,Foundry & AIP,Use case development,P1,"Current official capability navigation entry; subsystem detail, implementation guidance, or API/tool documentation.",2026-07-27,Use case development
Data Freshness,https://www.palantir.com/docs/foundry/workshop/widgets-data-freshness/,Foundry & AIP,Use case development,P1,"Current official capability navigation entry; subsystem detail, implementation guidance, or API/tool documentation.",2026-07-27,Use case development
Date and Time Picker,https://www.palantir.com/docs/foundry/workshop/widgets-date-time-picker/,Foundry & AIP,Use case development,P1,"Current official capability navigation entry; subsystem detail, implementation guidance, or API/tool documentation.",2026-07-27,Use case development
Edit History,https://www.palantir.com/docs/foundry/workshop/widgets-edits-history/,Foundry & AIP,Use case development,P1,"Current official capability navigation entry; subsystem detail, implementation guidance, or API/tool documentation.",2026-07-27,Use case development
Workshop — Overview,https://www.palantir.com/docs/foundry/workshop/widgets-embed-foundry-apps/,Foundry & AIP,Use case development,P1,"Current official capability navigation entry; subsystem detail, implementation guidance, or API/tool documentation.",2026-07-27,Use case development
Workshop — Overview,https://www.palantir.com/docs/foundry/workshop/widgets-event-navigational/,Foundry & AIP,Use case development,P1,"Current official capability navigation entry; subsystem detail, implementation guidance, or API/tool documentation.",2026-07-27,Use case development
Exploration Filter Pills,https://www.palantir.com/docs/foundry/workshop/widgets-exploration-filter-pills/,Foundry & AIP,Use case development,P1,"Current official capability navigation entry; subsystem detail, implementation guidance, or API/tool documentation.",2026-07-27,Use case development
Exploration Search Bar,https://www.palantir.com/docs/foundry/workshop/widgets-exploration-search-bar/,Foundry & AIP,Use case development,P1,"Current official capability navigation entry; subsystem detail, implementation guidance, or API/tool documentation.",2026-07-27,Use case development
Filter List,https://www.palantir.com/docs/foundry/workshop/widgets-filter-list/,Foundry & AIP,Use case development,P1,"Current official capability navigation entry; subsystem detail, implementation guidance, or API/tool documentation.",2026-07-27,Use case development
Workshop — Overview,https://www.palantir.com/docs/foundry/workshop/widgets-filtering/,Foundry & AIP,Use case development,P1,"Current official capability navigation entry; subsystem detail, implementation guidance, or API/tool documentation.",2026-07-27,Use case development
Gantt Chart,https://www.palantir.com/docs/foundry/workshop/widgets-gantt-chart/,Foundry & AIP,Use case development,P1,"Current official capability navigation entry; subsystem detail, implementation guidance, or API/tool documentation.",2026-07-27,Use case development
Iframe,https://www.palantir.com/docs/foundry/workshop/widgets-iframe/,Foundry & AIP,Use case development,P1,"Current official capability navigation entry; subsystem detail, implementation guidance, or API/tool documentation.",2026-07-27,Use case development
Image Annotation,https://www.palantir.com/docs/foundry/workshop/widgets-image-annotation/,Foundry & AIP,Use case development,P1,"Current official capability navigation entry; subsystem detail, implementation guidance, or API/tool documentation.",2026-07-27,Use case development
Inline Action,https://www.palantir.com/docs/foundry/workshop/widgets-inline-action-form/,Foundry & AIP,Use case development,P1,"Current official capability navigation entry; subsystem detail, implementation guidance, or API/tool documentation.",2026-07-27,Use case development
Linked Compass Resources,https://www.palantir.com/docs/foundry/workshop/widgets-linked-compass-resources/,Foundry & AIP,Use case development,P1,"Current official capability navigation entry; subsystem detail, implementation guidance, or API/tool documentation.",2026-07-27,Use case development
Links,https://www.palantir.com/docs/foundry/workshop/widgets-links/,Foundry & AIP,Use case development,P1,"Current official capability navigation entry; subsystem detail, implementation guidance, or API/tool documentation.",2026-07-27,Use case development
Map [Legacy],https://www.palantir.com/docs/foundry/workshop/widgets-map-legacy/,Foundry & AIP,Use case development,P2,"Current official navigation entry retained for completeness; specialized, lifecycle-warning, or reference material.",2026-07-27,Use case development
Map,https://www.palantir.com/docs/foundry/workshop/widgets-map/,Foundry & AIP,Use case development,P1,"Current official capability navigation entry; subsystem detail, implementation guidance, or API/tool documentation.",2026-07-27,Use case development
Markdown,https://www.palantir.com/docs/foundry/workshop/widgets-markdown/,Foundry & AIP,Use case development,P1,"Current official capability navigation entry; subsystem detail, implementation guidance, or API/tool documentation.",2026-07-27,Use case development
Media Preview,https://www.palantir.com/docs/foundry/workshop/widgets-media-preview/,Foundry & AIP,Use case development,P1,"Current official capability navigation entry; subsystem detail, implementation guidance, or API/tool documentation.",2026-07-27,Use case development
Media Uploader,https://www.palantir.com/docs/foundry/workshop/widgets-media-uploader/,Foundry & AIP,Use case development,P1,"Current official capability navigation entry; subsystem detail, implementation guidance, or API/tool documentation.",2026-07-27,Use case development
Metric Card,https://www.palantir.com/docs/foundry/workshop/widgets-metric-card/,Foundry & AIP,Use case development,P1,"Current official capability navigation entry; subsystem detail, implementation guidance, or API/tool documentation.",2026-07-27,Use case development
Widget: Mobile Navigation Bar,https://www.palantir.com/docs/foundry/workshop/widgets-mobile-navbar/,Foundry & AIP,Use case development,P1,"Current official capability navigation entry; subsystem detail, implementation guidance, or API/tool documentation.",2026-07-27,Use case development
Numeric Input,https://www.palantir.com/docs/foundry/workshop/widgets-numeric-input/,Foundry & AIP,Use case development,P1,"Current official capability navigation entry; subsystem detail, implementation guidance, or API/tool documentation.",2026-07-27,Use case development
Object Dropdown,https://www.palantir.com/docs/foundry/workshop/widgets-object-dropdown/,Foundry & AIP,Use case development,P1,"Current official capability navigation entry; subsystem detail, implementation guidance, or API/tool documentation.",2026-07-27,Use case development
Object List,https://www.palantir.com/docs/foundry/workshop/widgets-object-list/,Foundry & AIP,Use case development,P1,"Current official capability navigation entry; subsystem detail, implementation guidance, or API/tool documentation.",2026-07-27,Use case development
Object Set Title,https://www.palantir.com/docs/foundry/workshop/widgets-object-set-title/,Foundry & AIP,Use case development,P1,"Current official capability navigation entry; subsystem detail, implementation guidance, or API/tool documentation.",2026-07-27,Use case development
Object Table,https://www.palantir.com/docs/foundry/workshop/widgets-object-table/,Foundry & AIP,Use case development,P1,"Current official capability navigation entry; subsystem detail, implementation guidance, or API/tool documentation.",2026-07-27,Use case development
Object View,https://www.palantir.com/docs/foundry/workshop/widgets-object-view/,Foundry & AIP,Use case development,P1,"Current official capability navigation entry; subsystem detail, implementation guidance, or API/tool documentation.",2026-07-27,Use case development
Observability Chart widget,https://www.palantir.com/docs/foundry/workshop/widgets-observability-chart/,Foundry & AIP,Cross-capability / platform,P1,"Current official capability navigation entry; subsystem detail, implementation guidance, or API/tool documentation.",2026-07-27,Observability | Use case development
PDF Viewer,https://www.palantir.com/docs/foundry/workshop/widgets-pdf-viewer/,Foundry & AIP,Use case development,P1,"Current official capability navigation entry; subsystem detail, implementation guidance, or API/tool documentation.",2026-07-27,Use case development
Pie Chart,https://www.palantir.com/docs/foundry/workshop/widgets-pie-chart/,Foundry & AIP,Use case development,P1,"Current official capability navigation entry; subsystem detail, implementation guidance, or API/tool documentation.",2026-07-27,Use case development
Pivot Table,https://www.palantir.com/docs/foundry/workshop/widgets-pivot-table/,Foundry & AIP,Use case development,P1,"Current official capability navigation entry; subsystem detail, implementation guidance, or API/tool documentation.",2026-07-27,Use case development
Prominent Term,https://www.palantir.com/docs/foundry/workshop/widgets-prominent-terms/,Foundry & AIP,Use case development,P1,"Current official capability navigation entry; subsystem detail, implementation guidance, or API/tool documentation.",2026-07-27,Use case development
Property List,https://www.palantir.com/docs/foundry/workshop/widgets-property-list/,Foundry & AIP,Use case development,P1,"Current official capability navigation entry; subsystem detail, implementation guidance, or API/tool documentation.",2026-07-27,Use case development
Widget: QR Code Reader,https://www.palantir.com/docs/foundry/workshop/widgets-qr-reader/,Foundry & AIP,Use case development,P1,"Current official capability navigation entry; subsystem detail, implementation guidance, or API/tool documentation.",2026-07-27,Use case development
Resource List,https://www.palantir.com/docs/foundry/workshop/widgets-resource-list/,Foundry & AIP,Use case development,P1,"Current official capability navigation entry; subsystem detail, implementation guidance, or API/tool documentation.",2026-07-27,Use case development
Widget: Scenario Manager,https://www.palantir.com/docs/foundry/workshop/widgets-scenario-manager/,Foundry & AIP,Use case development,P1,"Current official capability navigation entry; subsystem detail, implementation guidance, or API/tool documentation.",2026-07-27,Use case development
Widget: Scenario Selector,https://www.palantir.com/docs/foundry/workshop/widgets-scenario-selector/,Foundry & AIP,Use case development,P1,"Current official capability navigation entry; subsystem detail, implementation guidance, or API/tool documentation.",2026-07-27,Use case development
Widget: Scenario Summary,https://www.palantir.com/docs/foundry/workshop/widgets-scenario-summary/,Foundry & AIP,Use case development,P1,"Current official capability navigation entry; subsystem detail, implementation guidance, or API/tool documentation.",2026-07-27,Use case development
Spreadsheet Display,https://www.palantir.com/docs/foundry/workshop/widgets-spreadsheet-display/,Foundry & AIP,Use case development,P1,"Current official capability navigation entry; subsystem detail, implementation guidance, or API/tool documentation.",2026-07-27,Use case development
Stepper,https://www.palantir.com/docs/foundry/workshop/widgets-stepper/,Foundry & AIP,Use case development,P1,"Current official capability navigation entry; subsystem detail, implementation guidance, or API/tool documentation.",2026-07-27,Use case development
String Selector,https://www.palantir.com/docs/foundry/workshop/widgets-string-selector/,Foundry & AIP,Use case development,P1,"Current official capability navigation entry; subsystem detail, implementation guidance, or API/tool documentation.",2026-07-27,Use case development
Tabs,https://www.palantir.com/docs/foundry/workshop/widgets-tabs/,Foundry & AIP,Use case development,P1,"Current official capability navigation entry; subsystem detail, implementation guidance, or API/tool documentation.",2026-07-27,Use case development
Text Input,https://www.palantir.com/docs/foundry/workshop/widgets-text-input/,Foundry & AIP,Use case development,P1,"Current official capability navigation entry; subsystem detail, implementation guidance, or API/tool documentation.",2026-07-27,Use case development
Timeline,https://www.palantir.com/docs/foundry/workshop/widgets-timeline/,Foundry & AIP,Use case development,P1,"Current official capability navigation entry; subsystem detail, implementation guidance, or API/tool documentation.",2026-07-27,Use case development
User Select,https://www.palantir.com/docs/foundry/workshop/widgets-user-select/,Foundry & AIP,Use case development,P1,"Current official capability navigation entry; subsystem detail, implementation guidance, or API/tool documentation.",2026-07-27,Use case development
Vega Chart,https://www.palantir.com/docs/foundry/workshop/widgets-vega-chart/,Foundry & AIP,Use case development,P1,"Current official capability navigation entry; subsystem detail, implementation guidance, or API/tool documentation.",2026-07-27,Use case development
Video Display,https://www.palantir.com/docs/foundry/workshop/widgets-video-preview/,Foundry & AIP,Use case development,P1,"Current official capability navigation entry; subsystem detail, implementation guidance, or API/tool documentation.",2026-07-27,Use case development
Workshop — Overview,https://www.palantir.com/docs/foundry/workshop/widgets-visualization/,Foundry & AIP,Use case development,P1,"Current official capability navigation entry; subsystem detail, implementation guidance, or API/tool documentation.",2026-07-27,Use case development
Workshop — Overview,https://www.palantir.com/docs/foundry/workshop/workshop-cross-app-interactivity/,Foundry & AIP,Use case development,P1,"Current official capability navigation entry; subsystem detail, implementation guidance, or API/tool documentation.",2026-07-27,Use case development
Gotham,https://www.palantir.com/docs/gotham/,Gotham,Gotham — Security,P0,Official architectural spine or core ontology lifecycle page; reviewed directly in the research synthesis.,2026-07-27,AI Platform (AIP) | Analytics | Apollo — Documentation | Apollo — Getting started | Apollo — Reference | Data connectivity & integration | Developer toolchain | Gotham — Security | Management & enablement | Model connectivity & development | Observability | Ontology building | Product delivery | Security & governance | Use case development
API Reference,https://www.palantir.com/docs/gotham/api/v1/general/overview/introduction/,Gotham,Gotham — Security,P1,"Current official capability navigation entry; subsystem detail, implementation guidance, or API/tool documentation.",2026-07-27,Gotham — Security
Authorizing third-party application access,https://www.palantir.com/docs/gotham/platform-security-third-party/authorizing-3pa-access/,Gotham,Gotham — Security,P1,"Current official capability navigation entry; subsystem detail, implementation guidance, or API/tool documentation.",2026-07-27,Gotham — Security
Danger zone actions,https://www.palantir.com/docs/gotham/platform-security-third-party/danger-zone-actions/,Gotham,Gotham — Security,P1,"Current official capability navigation entry; subsystem detail, implementation guidance, or API/tool documentation.",2026-07-27,Gotham — Security
Enabling third-party applications,https://www.palantir.com/docs/gotham/platform-security-third-party/enabling-3pa-access/,Gotham,Gotham — Security,P1,"Current official capability navigation entry; subsystem detail, implementation guidance, or API/tool documentation.",2026-07-27,Gotham — Security
Managing third-party applications,https://www.palantir.com/docs/gotham/platform-security-third-party/manage-3pa/,Gotham,Gotham — Security,P1,"Current official capability navigation entry; subsystem detail, implementation guidance, or API/tool documentation.",2026-07-27,Gotham — Security
Registering third-party applications,https://www.palantir.com/docs/gotham/platform-security-third-party/register-3pa/,Gotham,Gotham — Security,P1,"Current official capability navigation entry; subsystem detail, implementation guidance, or API/tool documentation.",2026-07-27,Gotham — Security
Platform Security Third Party — Overview,https://www.palantir.com/docs/gotham/platform-security-third-party/third-party-apps-overview/,Gotham,Gotham — Security,P1,"Current official capability navigation entry; subsystem detail, implementation guidance, or API/tool documentation.",2026-07-27,Gotham — Security
User-generated tokens,https://www.palantir.com/docs/gotham/platform-security-third-party/user-generated-tokens/,Gotham,Gotham — Security,P1,"Current official capability navigation entry; subsystem detail, implementation guidance, or API/tool documentation.",2026-07-27,Gotham — Security
Writing OAuth2 clients,https://www.palantir.com/docs/gotham/platform-security-third-party/writing-oauth2-clients/,Gotham,Gotham — Security,P1,"Current official capability navigation entry; subsystem detail, implementation guidance, or API/tool documentation.",2026-07-27,Gotham — Security
Security,https://www.palantir.com/docs/gotham/security/overview/,Gotham,Gotham — Security,P1,"Current official capability navigation entry; subsystem detail, implementation guidance, or API/tool documentation.",2026-07-27,Gotham — Security
